database_identifier	chemical_formula	smiles	inchi	metabolite_identification	mass_to_charge	fragmentation	modifications	charge	retention_time	taxid	species	database	database_version	reliability	uri	search_engine	search_engine_score	smallmolecule_abundance_sub	smallmolecule_abundance_stdev_sub	smallmolecule_abundance_std_error_sub	20180830_R008	20180830_R007	20180830_R006	20180830_R005	20180830_R009	20180830_R004	20180830_R001	20180903_R095	20180903_R097	20180903_R098	20180903_R099	20180903_QC_20	20180903_QC_21	20180903_R090	20180903_R091	20180903_R092	20180903_R093	20180903_QC_16	20180903_QC_17	20180903_QC_18	20180903_QC_19	20180903_QC_12	20180903_QC_13	20180830_R061	20180903_QC_14	20180830_R060	20180903_QC_15	20180830_R055	20180830_R054	20180830_R053	20180903_QC_11	20180830_R052	20180830_R056	20180830_R051	20180830_R050	20180903_R073	20180903_R075	20180903_R076	20180903_R077	20180903_R110	20180903_R078	20180903_R111	20180903_R112	20180830_R044	20180830_R042	20180830_R041	20180830_R048	20180830_R047	20180903_R070	20180830_R046	20180903_R071	20180830_R045	20180903_R072	20180903_R114	20180903_R115	20180903_R118	20180903_R119	20180830_QC_19	20180903_R084	20180903_R085	20180830_R039	20180903_R086	20180830_R038	20180903_R087	20180903_R120	20180903_R089	20180830_R033	20180830_R032	20180830_R031	20180830_R030	20180830_R037	20180903_R080	20180903_R081	20180830_R035	20180903_R083	20180830_QC_20	20180830_QC_21	20180830_R029	20180830_R028	20180830_R020	20180830_R026	20180830_R025	20180830_R024	20180830_R023	20180830_QC_15	20180830_QC_16	20180830_QC_17	20180830_QC_18	20180830_R019	20180903_R062	20180830_R018	20180903_R063	20180830_R017	20180903_R064	20180830_R016	20180903_R066	20180903_R067	20180903_R100	20180903_R068	20180903_R101	20180903_R069	20180903_R102	20180830_R011	20180830_R010	20180830_R015	20180830_R014	20180830_R013	20180830_R012	20180903_R103	20180903_R104	20180903_R105	20180903_R107	20180903_R108	20180903_R109
CHEBI:74344	C28H50NO7P	[H][C@@](O)(COC(=O)CCC\C=C/C\C=C/C\C=C/C\C=C/CCCCC)COP([O-])(=O)OCC[N+](C)(C)C	"InChI=1S/C28H50NO7P/c1-5-6-7-8-9-10-11-12-13-14-15-16-17-18-19-20-21-22-28(31)34-25-27(30)26-36-37(32,33)35-24-23-29(2,3)4/h9-10,12-13,15-16,18-19,27,30H,5-8,11,14,17,20-26H2,1-4H3/b10-9-,13-12-,16-15-,19-18-/t27-/m1/s1"	"LysoPC(20:4(5Z,8Z,11Z,14Z))"	578.3009584		M+Cl	1	7.8417	NCBITAXON:http://purl.bioontology.org/ontology/NCBITAXON/9606	Homo sapiens	HMDB		MSI:2		Progenesis	57.7																																																																																																																					
CHEBI:88685	C28H56NO7P	C(C[N+](C)(C)C)OP(=O)([O-])OC[C@H](O)COC(CCCCCCCCC/C=C\CCCCCCCC)=O	"InChI=1S/C28H56NO7P/c1-5-6-7-8-9-10-11-12-13-14-15-16-17-18-19-20-21-22-28(31)34-25-27(30)26-36-37(32,33)35-24-23-29(2,3)4/h12-13,27,30H,5-11,14-26H2,1-4H3/b13-12-/t27-/m1/s1"	LysoPC(20:1(11Z))	594.3752755		M+FA-H	1	9.847216667	NCBITAXON:http://purl.bioontology.org/ontology/NCBITAXON/9606	Homo sapiens	HMDB		MSI:2		Progenesis	55.7																																																																																																																					
CHEBI:75216	C26H56NO6P	[C@@H](COCCCCCCCCCCCCCCCCCC)(COP(OCC[N+](C)(C)C)(=O)[O-])O	"InChI=1S/C26H56NO6P/c1-5-6-7-8-9-10-11-12-13-14-15-16-17-18-19-20-22-31-24-26(28)25-33-34(29,30)32-23-21-27(2,3)4/h26,28H,5-25H2,1-4H3/t26-/m1/s1"	LysoPC(O-18:0)	554.3798093		M+FA-H	1	9.039083333	NCBITAXON:http://purl.bioontology.org/ontology/NCBITAXON/9606	Homo sapiens	HMDB		MSI:2		Progenesis	55.2																																																																																																																					
CHEBI:137889	C26H54NO6P	P(OC[C@@H](CO/C=C/*)O)(=O)(OCC[N+](C)(C)C)[O-]		LysoPC(P-18:0)	552.3656759		M+FA-H	1	9.091516667	NCBITAXON:http://purl.bioontology.org/ontology/NCBITAXON/9606	Homo sapiens	HMDB		MSI:2		Progenesis	56.2																																																																																																																					
CHEBI:75036	C23H48NO7P	CCCCCCCCCCCCCCCCCC(=O)OC[C@@H](O)COP([O-])(=O)OCC[NH3+]	"InChI=1S/C23H48NO7P/c1-2-3-4-5-6-7-8-9-10-11-12-13-14-15-16-17-23(26)29-20-22(25)21-31-32(27,28)30-19-18-24/h22,25H,2-21,24H2,1H3,(H,27,28)/t22-/m1/s1"	LysoPE(18:0/0:0)	526.3140135		M+FA-H	1	7.086166667	NCBITAXON:http://purl.bioontology.org/ontology/NCBITAXON/9606	Homo sapiens	HMDB		MSI:2		Progenesis	57																																																																																																																					
CHEBI:140773	C24H50NO6P	P(OC[C@@H](CO/C=C/*)O)(=O)(OCC[N+](C)(C)C)[O-]		LysoPC(P-16:0)	514.3055649		M+Cl	1	8.6845	NCBITAXON:http://purl.bioontology.org/ontology/NCBITAXON/9606	Homo sapiens	HMDB		MSI:2		Progenesis	55.9																																																																																																																					
CHEBI:64563	C24H50NO7P	[H][C@@](CO[*])(COP([O-])(=O)OCC[N+](C)(C)C)O[*]		LysoPC(16:0)	494.324785		M-H	1	8.800633333	NCBITAXON:http://purl.bioontology.org/ontology/NCBITAXON/9606	Homo sapiens	HMDB		MSI:2		Progenesis	57.4																																																																																																																					
CHEBI:74968	C28H58NO7P	CCCCCCCCCCCCCCCCCCCC(=O)OC[C@@H](O)COP([O-])(=O)OCC[N+](C)(C)C	"InChI=1S/C28H58NO7P/c1-5-6-7-8-9-10-11-12-13-14-15-16-17-18-19-20-21-22-28(31)34-25-27(30)26-36-37(32,33)35-24-23-29(2,3)4/h27,30H,5-26H2,1-4H3/t27-/m1/s1"	LysoPC(20:0/0:0)	596.3925569		M+FA-H	1	10.25423333	NCBITAXON:http://purl.bioontology.org/ontology/NCBITAXON/9606	Homo sapiens	HMDB		MSI:2		Progenesis	57																																																																																																																					
CHEBI:28610	C26H52NO7P	O(C[C@H](O)COC(CCCCCCC/C=C\CCCCCCCC)=O)P(OCC[N+](C)(C)C)(=O)[O-]	"InChI=1S/C26H52NO7P/c1-5-6-7-8-9-10-11-12-13-14-15-16-17-18-19-20-26(29)32-23-25(28)24-34-35(30,31)33-22-21-27(2,3)4/h12-13,25,28H,5-11,14-24H2,1-4H3/b13-12-/t25-/m1/s1"	LysoPC(18:1(9Z))	566.3454133		M+FA-H	1	8.097633333	NCBITAXON:http://purl.bioontology.org/ontology/NCBITAXON/9606	Homo sapiens	HMDB		MSI:2		Progenesis	56.2																																																																																																																					
CHEBI:145254	C23H46NO7P	C([C@@](CO)(OC(CCCCCCCCC/C=C\CCCCCC)=O)[H])OP(=O)(O)OCCN	"InChI=1S/C23H46NO7P/c1-2-3-4-5-6-7-8-9-10-11-12-13-14-15-16-17-23(26)31-22(20-25)21-30-32(27,28)29-19-18-24/h7-8,22,25H,2-6,9-21,24H2,1H3,(H,27,28)/b8-7-/t22-/m1/s1"	LysoPE(0:0/18:1(11Z))	460.2826362		M-H2O-H	1	8.213766667	NCBITAXON:http://purl.bioontology.org/ontology/NCBITAXON/9606	Homo sapiens	HMDB		MSI:2		Progenesis	57.3																																																																																																																					
CHEBI:64561	C26H54NO7P	[C@](CO*)(O*)([H])COP(OCC[N+](C)(C)C)(=O)[O-]		LysoPC(18:0)	568.3613754		M+FA-H	1	8.800633333	NCBITAXON:http://purl.bioontology.org/ontology/NCBITAXON/9606	Homo sapiens	HMDB		MSI:2		Progenesis	57.6																																																																																																																					
CHEBI:88685	C28H56NO7P	C(C[N+](C)(C)C)OP(=O)([O-])OC[C@H](O)COC(CCCCCCCCC/C=C\CCCCCCCC)=O	"InChI=1S/C28H56NO7P/c1-5-6-7-8-9-10-11-12-13-14-15-16-17-18-19-20-21-22-28(31)34-25-27(30)26-36-37(32,33)35-24-23-29(2,3)4/h12-13,27,30H,5-11,14-26H2,1-4H3/b13-12-/t27-/m1/s1"	LysoPC(20:1(11Z))	594.3771956		M+FA-H	1	9.20765	NCBITAXON:http://purl.bioontology.org/ontology/NCBITAXON/9606	Homo sapiens	HMDB		MSI:2		Progenesis	56.4																																																																																																																					
CHEBI:74968	C28H58NO7P	CCCCCCCCCCCCCCCCCCCC(=O)OC[C@@H](O)COP([O-])(=O)OCC[N+](C)(C)C	"InChI=1S/C28H58NO7P/c1-5-6-7-8-9-10-11-12-13-14-15-16-17-18-19-20-21-22-28(31)34-25-27(30)26-36-37(32,33)35-24-23-29(2,3)4/h27,30H,5-26H2,1-4H3/t27-/m1/s1"	LysoPC(20:0/0:0)	596.392094		M+FA-H	1	10.03325	NCBITAXON:http://purl.bioontology.org/ontology/NCBITAXON/9606	Homo sapiens	HMDB		MSI:2		Progenesis	56																																																																																																																					
CHEBI:53487	C22H36O2	C(=C\C/C=C\C/C=C\CCCCCC(O)=O)\C/C=C\CCCCC	"InChI=1S/C22H36O2/c1-2-3-4-5-6-7-8-9-10-11-12-13-14-15-16-17-18-19-20-21-22(23)24/h6-7,9-10,12-13,15-16H,2-5,8,11,14,17-21H2,1H3,(H,23,24)/b7-6-,10-9-,13-12-,16-15-"	Adrenic acid	331.2658521		M-H	1	12.20716667	NCBITAXON:http://purl.bioontology.org/ontology/NCBITAXON/9606	Homo sapiens	HMDB		MSI:2		Progenesis	58.3																																																																																																																					
CHEBI:72747	C27H44NO7P	[H][C@@](O)(COC(=O)CC\C=C/C\C=C/C\C=C/C\C=C/C\C=C/C\C=C/CC)COP(O)(=O)OCCN	"InChI=1S/C27H44NO7P/c1-2-3-4-5-6-7-8-9-10-11-12-13-14-15-16-17-18-19-20-21-27(30)33-24-26(29)25-35-36(31,32)34-23-22-28/h3-4,6-7,9-10,12-13,15-16,18-19,26,29H,2,5,8,11,14,17,20-25,28H2,1H3,(H,31,32)/b4-3-,7-6-,10-9-,13-12-,16-15-,19-18-/t26-/m1/s1"	"LysoPE(22:6(4Z,7Z,10Z,13Z,16Z,19Z)/0:0)"	524.2798616		M-H	1	7.929083333	NCBITAXON:http://purl.bioontology.org/ontology/NCBITAXON/9606	Homo sapiens	HMDB		MSI:2		Progenesis	57																																																																																																																					
CHEBI:74343	C28H52NO7P	[H][C@@](O)(COC(=O)CCC\C=C/C\C=C/C\C=C/CCCCCCCC)COP([O-])(=O)OCC[N+](C)(C)C	"InChI=1S/C28H52NO7P/c1-5-6-7-8-9-10-11-12-13-14-15-16-17-18-19-20-21-22-28(31)34-25-27(30)26-36-37(32,33)35-24-23-29(2,3)4/h12-13,15-16,18-19,27,30H,5-11,14,17,20-26H2,1-4H3/b13-12-,16-15-,19-18-/t27-/m1/s1"	"LysoPC(20:3(5Z,8Z,11Z))"	580.3150961		M+Cl	1	8.382333333	NCBITAXON:http://purl.bioontology.org/ontology/NCBITAXON/9606	Homo sapiens	HMDB		MSI:2		Progenesis	57.6																																																																																																																					
CHEBI:6039	C20H30O2	[H][C@]12CC[C@@](C)(CC1=CC[C@@]1([H])[C@@](C)(CCC[C@]21C)C(O)=O)C=C	"InChI=1S/C20H30O2/c1-5-18(2)12-9-15-14(13-18)7-8-16-19(15,3)10-6-11-20(16,4)17(21)22/h5,7,15-16H,1,6,8-13H2,2-4H3,(H,21,22)/t15-,16+,18-,19+,20+/m0/s1"	Isopimaric acid	301.2174232		M-H	1	10.52143333	NCBITAXON:http://purl.bioontology.org/ontology/NCBITAXON/9606	Homo sapiens	HMDB		MSI:2		Progenesis	58.6																																																																																																																					
CHEBI:16814	C19H28O5S	C1[C@@]2([C@@]([C@@]3(C(C[C@@H](OS(O)(=O)=O)CC3)=C1)C)(CC[C@]4([C@]2(CCC4=O)[H])C)[H])[H]	"InChI=1S/C19H28O5S/c1-18-9-7-13(24-25(21,22)23)11-12(18)3-4-14-15-5-6-17(20)19(15,2)10-8-16(14)18/h3,13-16H,4-11H2,1-2H3,(H,21,22,23)/t13-,14-,15-,16-,18-,19-/m0/s1"	Dehydroepiandrosterone sulfate	367.1589984		M-H	1	5.72025	NCBITAXON:http://purl.bioontology.org/ontology/NCBITAXON/9606	Homo sapiens	HMDB		MSI:2		Progenesis	58.3																																																																																																																					
CHEBI:89929	C26H43NO5	C1[C@@]2([C@]3(CC[C@]4([C@]([C@@]3([C@H](C[C@@]2(C[C@@H](C1)O)[H])O)[H])(CC[C@]4([H])[C@@H](CCC(NCC(O)=O)=O)C)[H])C)[H])C	"InChI=1S/C26H43NO5/c1-15(4-7-22(30)27-14-23(31)32)18-5-6-19-24-20(9-11-26(18,19)3)25(2)10-8-17(28)12-16(25)13-21(24)29/h15-21,24,28-29H,4-14H2,1-3H3,(H,27,30)(H,31,32)/t15-,16+,17-,18-,19+,20+,21+,24+,25+,26-/m1/s1"	Glycoursodeoxycholic acid	448.3070848		M-H	1	6.731583333	NCBITAXON:http://purl.bioontology.org/ontology/NCBITAXON/9606	Homo sapiens	HMDB		MSI:2		Progenesis	58.6																																																																																																																					
CHEBI:34154	C18H32O3	C(CCCCCCC/C=C\C=C\[C@H](CCCCC)O)(=O)O	"InChI=1S/C18H32O3/c1-2-3-11-14-17(19)15-12-9-7-5-4-6-8-10-13-16-18(20)21/h7,9,12,15,17,19H,2-6,8,10-11,13-14,16H2,1H3,(H,20,21)/b9-7-,15-12+/t17-/m0/s1"	13S-hydroxyoctadecadienoic acid	295.2282865		"M-H2O-H, M-H"	1	8.568366667	NCBITAXON:http://purl.bioontology.org/ontology/NCBITAXON/9606	Homo sapiens	HMDB		MSI:2		Progenesis	58.7																																																																																																																					
CHEBI:17327	C20H40O	CC(C)CCC[C@@H](C)CCC[C@@H](C)CCC\C(C)=C\CO	"InChI=1S/C20H40O/c1-17(2)9-6-10-18(3)11-7-12-19(4)13-8-14-20(5)15-16-21/h15,17-19,21H,6-14,16H2,1-5H3/b20-15+/t18-,19-/m1/s1"	Phytol	341.3053205		M+FA-H	1	11.88751667	NCBITAXON:http://purl.bioontology.org/ontology/NCBITAXON/9606	Homo sapiens	HMDB		MSI:2		Progenesis	57.2																																																																																																																					
CHEBI:89569	C16H26O3	CCCCC/C=C\C[C@H](O)/C=C/C=C\CCC(O)=O	"InChI=1S/C16H26O3/c1-2-3-4-5-6-9-12-15(17)13-10-7-8-11-14-16(18)19/h6-10,13,15,17H,2-5,11-12,14H2,1H3,(H,18,19)/b8-7-,9-6-,13-10+/t15-/m0/s1"	Tetranor 12-HETE	265.1796512		M-H	1	6.7778	NCBITAXON:http://purl.bioontology.org/ontology/NCBITAXON/9606	Homo sapiens	HMDB		MSI:2		Progenesis	56.7																																																																																																																					
CHEBI:132607	C16H22O5	C1(=CC=CC=C1C(=O)OCC(CC)CCC(C)O)C(=O)O	"InChI=1S/C16H22O5/c1-3-12(9-8-11(2)17)10-21-16(20)14-7-5-4-6-13(14)15(18)19/h4-7,11-12,17H,3,8-10H2,1-2H3,(H,18,19)"	Mono-(2-ethyl-5-hydroxyhexyl) phthalate	293.1368166		M-H	1	7.184816667	NCBITAXON:http://purl.bioontology.org/ontology/NCBITAXON/9606	Homo sapiens	HMDB		MSI:2		Progenesis	54.6																																																																																																																					
CHEBI:131743	C21H44NO7P	P(OC[C@@H](CO)OC(CCCCCCCCCCCCCCC)=O)(=O)(OCCN)O	"InChI=1S/C21H44NO7P/c1-2-3-4-5-6-7-8-9-10-11-12-13-14-15-21(24)29-20(18-23)19-28-30(25,26)27-17-16-22/h20,23H,2-19,22H2,1H3,(H,25,26)/t20-/m1/s1"	LysoPE(0:0/16:0)	452.2811124		"M-H, 2M-H"	1	8.294933333	NCBITAXON:http://purl.bioontology.org/ontology/NCBITAXON/9606	Homo sapiens	HMDB		MSI:2		Progenesis	57.5																																																																																																																					
CHEBI:45919	C13H26O2	CCCCCCCCCCCCC(O)=O	"InChI=1S/C13H26O2/c1-2-3-4-5-6-7-8-9-10-11-12-13(14)15/h2-12H2,1H3,(H,14,15)"	Tridecanoic acid	235.169321		"M+Na-2H, M+K-2H"	1	7.068683333	NCBITAXON:http://purl.bioontology.org/ontology/NCBITAXON/9606	Homo sapiens	HMDB		MSI:2		Progenesis	56.7																																																																																																																					
CHEBI:75036	C23H48NO7P	CCCCCCCCCCCCCCCCCC(=O)OC[C@@H](O)COP([O-])(=O)OCC[NH3+]	"InChI=1S/C23H48NO7P/c1-2-3-4-5-6-7-8-9-10-11-12-13-14-15-16-17-23(26)29-20-22(25)21-31-32(27,28)30-19-18-24/h22,25H,2-21,24H2,1H3,(H,27,28)/t22-/m1/s1"	LysoPE(18:0/0:0)	480.3111144		M-H	1	9.27755	NCBITAXON:http://purl.bioontology.org/ontology/NCBITAXON/9606	Homo sapiens	HMDB		MSI:2		Progenesis	57.8																																																																																																																					
CHEBI:32320	C12H20O2	CC(=O)OC(C)(C)C1CCC(C)=CC1	"InChI=1S/C12H20O2/c1-9-5-7-11(8-6-9)12(3,4)14-10(2)13/h5,11H,6-8H2,1-4H3"	alpha-Terpineol acetate	217.1222698		M+Na-2H	1	4.790083333	NCBITAXON:http://purl.bioontology.org/ontology/NCBITAXON/9606	Homo sapiens	HMDB		MSI:2		Progenesis	56.6																																																																																																																					
CHEBI:17687	C26H43NO6	C[C@H](CCC(=O)NCC(O)=O)[C@H]1CC[C@H]2[C@@H]3[C@H](O)C[C@@H]4C[C@H](O)CC[C@]4(C)[C@H]3C[C@H](O)[C@]12C	"InChI=1S/C26H43NO6/c1-14(4-7-22(31)27-13-23(32)33)17-5-6-18-24-19(12-21(30)26(17,18)3)25(2)9-8-16(28)10-15(25)11-20(24)29/h14-21,24,28-30H,4-13H2,1-3H3,(H,27,31)(H,32,33)/t14-,15+,16-,17-,18+,19+,20-,21+,24+,25+,26-/m1/s1"	Glycocholic acid	464.3014128		M-H	1	5.702766667	NCBITAXON:http://purl.bioontology.org/ontology/NCBITAXON/9606	Homo sapiens	HMDB		MSI:2		Progenesis	57.8																																																																																																																					
CHEBI:89929	C26H43NO5	C1[C@@]2([C@]3(CC[C@]4([C@]([C@@]3([C@H](C[C@@]2(C[C@@H](C1)O)[H])O)[H])(CC[C@]4([H])[C@@H](CCC(NCC(O)=O)=O)C)[H])C)[H])C	"InChI=1S/C26H43NO5/c1-15(4-7-22(30)27-14-23(31)32)18-5-6-19-24-20(9-11-26(18,19)3)25(2)10-8-17(28)12-16(25)13-21(24)29/h15-21,24,28-29H,4-14H2,1-3H3,(H,27,30)(H,31,32)/t15-,16+,17-,18-,19+,20+,21+,24+,25+,26-/m1/s1"	Glycoursodeoxycholic acid	448.3071309		M-H	1	6.54555	NCBITAXON:http://purl.bioontology.org/ontology/NCBITAXON/9606	Homo sapiens	HMDB		MSI:2		Progenesis	58.4																																																																																																																					
CHEBI:28875	C14H28O2	CCCCCCCCCCCCCC(O)=O	"InChI=1S/C14H28O2/c1-2-3-4-5-6-7-8-9-10-11-12-13-14(15)16/h2-13H2,1H3,(H,15,16)"	Myristic acid	227.2031584		M-H	1	10.74241667	NCBITAXON:http://purl.bioontology.org/ontology/NCBITAXON/9606	Homo sapiens	HMDB		MSI:2		Progenesis	57.3																																																																																																																					
CHEBI:16828	C11H12N2O2	N[C@@H](Cc1c[nH]c2ccccc12)C(O)=O	"InChI=1S/C11H12N2O2/c12-9(11(14)15)5-7-6-13-10-4-2-1-3-8(7)10/h1-4,6,9,13H,5,12H2,(H,14,15)/t9-/m0/s1"	L-Tryptophan	203.0822033		M-H	1	2.918483333	NCBITAXON:http://purl.bioontology.org/ontology/NCBITAXON/9606	Homo sapiens	HMDB		MSI:2		Progenesis	58.2																																																																																																																					
CHEBI:131743	C21H44NO7P	P(OC[C@@H](CO)OC(CCCCCCCCCCCCCCC)=O)(=O)(OCCN)O	"InChI=1S/C21H44NO7P/c1-2-3-4-5-6-7-8-9-10-11-12-13-14-15-21(24)29-20(18-23)19-28-30(25,26)27-17-16-22/h20,23H,2-19,22H2,1H3,(H,25,26)/t20-/m1/s1"	LysoPE(0:0/16:0)	474.2613936		M+Na-2H	1	9.358833333	NCBITAXON:http://purl.bioontology.org/ontology/NCBITAXON/9606	Homo sapiens	HMDB		MSI:2		Progenesis	57.2																																																																																																																					
				LysoPE(15:0/0:0)	438.2613427		M-H	1	8.294933333	NCBITAXON:http://purl.bioontology.org/ontology/NCBITAXON/9606	Homo sapiens	HMDB		MSI:2		Progenesis	56.2																																																																																																																					
CHEBI:7912	C18H32O16	[H][C@@](O)(CO)[C@@]([H])(O[C@H]1O[C@H](CO[C@H]2O[C@H](CO)[C@@H](O)[C@H](O)[C@H]2O)[C@@H](O)[C@H](O)[C@H]1O)[C@]([H])(O)[C@@]([H])(O)C=O	"InChI=1S/C18H32O16/c19-1-5(22)9(24)16(6(23)2-20)34-18-15(30)13(28)11(26)8(33-18)4-31-17-14(29)12(27)10(25)7(3-21)32-17/h1,5-18,20-30H,2-4H2/t5-,6+,7+,8+,9+,10+,11+,12-,13-,14+,15+,16+,17-,18+/m0/s1"	Panose	539.1395522		"M+Cl, M+K-2H, M-H"	1	0.727116667	NCBITAXON:http://purl.bioontology.org/ontology/NCBITAXON/9606	Homo sapiens	HMDB		MSI:2		Progenesis	57.5																																																																																																																					
CHEBI:28460	C24H42O21	OC[C@@H](O)[C@@H](O[C@H]1O[C@H](CO)[C@@H](O[C@H]2O[C@H](CO)[C@@H](O[C@H]3O[C@H](CO)[C@@H](O)[C@H](O)[C@H]3O)[C@H](O)[C@H]2O)[C@H](O)[C@H]1O)[C@H](O)[C@@H](O)C=O	"InChI=1S/C24H42O21/c25-1-6(30)11(32)19(7(31)2-26)43-23-17(38)14(35)21(9(4-28)41-23)45-24-18(39)15(36)20(10(5-29)42-24)44-22-16(37)13(34)12(33)8(3-27)40-22/h1,6-24,26-39H,2-5H2/t6-,7+,8+,9+,10+,11+,12+,13-,14+,15+,16+,17+,18+,19+,20+,21+,22+,23+,24+/m0/s1"	Maltotetraose	701.1912262		"M+Cl, M+K-2H"	1	0.727116667	NCBITAXON:http://purl.bioontology.org/ontology/NCBITAXON/9606	Homo sapiens	HMDB		MSI:2		Progenesis	57																																																																																																																					
CHEBI:45919	C13H26O2	CCCCCCCCCCCCC(O)=O	"InChI=1S/C13H26O2/c1-2-3-4-5-6-7-8-9-10-11-12-13(14)15/h2-12H2,1H3,(H,14,15)"	Tridecanoic acid	235.1694882		M+Na-2H	1	7.318416667	NCBITAXON:http://purl.bioontology.org/ontology/NCBITAXON/9606	Homo sapiens	HMDB		MSI:2		Progenesis	56.7																																																																																																																					
CHEBI:74823	C8H16N2O4	CC(C)[C@H](NC(=O)[C@@H](N)CO)C(O)=O	"InChI=1S/C8H16N2O4/c1-4(2)6(8(13)14)10-7(12)5(9)3-11/h4-6,11H,3,9H2,1-2H3,(H,10,12)(H,13,14)/t5-,6-/m0/s1"	Serylvaline	203.102997		"M-H2O-H, M-H"	1	1.046766667	NCBITAXON:http://purl.bioontology.org/ontology/NCBITAXON/9606	Homo sapiens	HMDB		MSI:2		Progenesis	57.1																																																																																																																					
CHEBI:34506	C18H34O5	CCCCC[C@H](O)[C@@H](O)\C=C\[C@@H](O)CCCCCCCC(O)=O	"InChI=1S/C18H34O5/c1-2-3-7-11-16(20)17(21)14-13-15(19)10-8-5-4-6-9-12-18(22)23/h13-17,19-21H,2-12H2,1H3,(H,22,23)/b14-13+/t15-,16-,17-/m0/s1"	"9,12,13-TriHOME"	329.2325208		M-H	1	5.597916667	NCBITAXON:http://purl.bioontology.org/ontology/NCBITAXON/9606	Homo sapiens	HMDB		MSI:2		Progenesis	56.7																																																																																																																					
CHEBI:9347	C26H43NO7S	[H][C@]12CC[C@@]3([H])[C@]4([H])CC[C@]([H])([C@H](C)CCC(=O)NCC(O)=O)[C@@]4(C)CC[C@]3([H])[C@@]1(C)CC[C@H](C2)OS(O)(=O)=O	"InChI=1S/C26H43NO7S/c1-16(4-9-23(28)27-15-24(29)30)20-7-8-21-19-6-5-17-14-18(34-35(31,32)33)10-12-25(17,2)22(19)11-13-26(20,21)3/h16-22H,4-15H2,1-3H3,(H,27,28)(H,29,30)(H,31,32,33)/t16-,17-,18-,19+,20-,21+,22+,25+,26-/m1/s1"	Sulfolithocholylglycine	512.2677789		M-H	1	6.5805	NCBITAXON:http://purl.bioontology.org/ontology/NCBITAXON/9606	Homo sapiens	HMDB		MSI:2		Progenesis	55.9																																																																																																																					
CHEBI:131743	C21H44NO7P	P(OC[C@@H](CO)OC(CCCCCCCCCCCCCCC)=O)(=O)(OCCN)O	"InChI=1S/C21H44NO7P/c1-2-3-4-5-6-7-8-9-10-11-12-13-14-15-21(24)29-20(18-23)19-28-30(25,26)27-17-16-22/h20,23H,2-19,22H2,1H3,(H,25,26)/t20-/m1/s1"	LysoPE(0:0/16:0)	452.2787278		M-H	1	8.080166667	NCBITAXON:http://purl.bioontology.org/ontology/NCBITAXON/9606	Homo sapiens	HMDB		MSI:2		Progenesis	57.9																																																																																																																					
CHEBI:89750	C8H12O	CCCCC1=CC=CO1	"InChI=1S/C8H12O/c1-2-3-5-8-6-4-7-9-8/h4,6-7H,2-3,5H2,1H3"	2-Butylfuran	247.1691751		2M-H	1	8.178816667	NCBITAXON:http://purl.bioontology.org/ontology/NCBITAXON/9606	Homo sapiens	HMDB		MSI:2		Progenesis	57.9																																																																																																																					
CHEBI:88427	C16H22O4	O1C(CCC=2C1=C(C(=C(C2C)O)C)C)(CCC(=O)O)C	"InChI=1S/C16H22O4/c1-9-10(2)15-12(11(3)14(9)19)5-7-16(4,20-15)8-6-13(17)18/h19H,5-8H2,1-4H3,(H,17,18)"	alpha-CEHC	277.1436503		M-H	1	9.5101	NCBITAXON:http://purl.bioontology.org/ontology/NCBITAXON/9606	Homo sapiens	HMDB		MSI:2		Progenesis	56.9																																																																																																																					
CHEBI:89233	C45H90N2O6P	O(P(O)(=O)OCC[N+](C)(C)C)C[C@]([C@](\C=C\CCCCCCCCCCC)([H])O)([H])NC(CCCCCCCCCCCCC/C=C\CCCCCCCC)=O	"InChI=1S/C45H89N2O6P/c1-6-8-10-12-14-16-18-19-20-21-22-23-24-25-26-27-29-31-33-35-37-39-45(49)46-43(42-53-54(50,51)52-41-40-47(3,4)5)44(48)38-36-34-32-30-28-17-15-13-11-9-7-2/h19-20,36,38,43-44,48H,6-18,21-35,37,39-42H2,1-5H3,(H-,46,49,50,51)/p+1/b20-19-,38-36+/t43-,44+/m0/s1"	SM(d16:1/24:1(15Z))	806.6272761		M+Na-2H	1	9.61495	NCBITAXON:http://purl.bioontology.org/ontology/NCBITAXON/9606	Homo sapiens	HMDB		MSI:2		Progenesis	55.4																																																																																																																					
CHEBI:145969	C29H52O2	C1(=CC(=CC(=C1)CCCCCCCCCCCCCCCCCCCCCCC)O)O	"InChI=1S/C29H52O2/c1-2-3-4-5-6-7-8-9-10-11-12-13-14-15-16-17-18-19-20-21-22-23-27-24-28(30)26-29(31)25-27/h24-26,30-31H,2-23H2,1H3"	"5-Tricosyl-1,3-benzenediol"	477.3912619		M+FA-H	1	10.74241667	NCBITAXON:http://purl.bioontology.org/ontology/NCBITAXON/9606	Homo sapiens	HMDB		MSI:2		Progenesis	54.7																																																																																																																					
CHEBI:138421	C21H44NO6P	C([C@@](CO/C=C\CCCCCCCCCCCCCC)(O)[H])OP(=O)(O)OCCN	"InChI=1S/C21H44NO6P/c1-2-3-4-5-6-7-8-9-10-11-12-13-14-15-17-26-19-21(23)20-28-29(24,25)27-18-16-22/h15,17,21,23H,2-14,16,18-20,22H2,1H3,(H,24,25)/b17-15-/t21-/m1/s1"	PE(P-16:0e/0:0)	436.2862663		"M-H, 2M-H"	1	8.632066667	NCBITAXON:http://purl.bioontology.org/ontology/NCBITAXON/9606	Homo sapiens	HMDB		MSI:2		Progenesis	56.3																																																																																																																					
CHEBI:73722	C16H30O4	OC(=O)CCCCCCCCCCCCCCC(O)=O	"InChI=1S/C16H30O4/c17-15(18)13-11-9-7-5-3-1-2-4-6-8-10-12-14-16(19)20/h1-14H2,(H,17,18)(H,19,20)"	Hexadecanedioic acid	267.1959377		M-H2O-H	1	6.94635	NCBITAXON:http://purl.bioontology.org/ontology/NCBITAXON/9606	Homo sapiens	HMDB		MSI:2		Progenesis	57																																																																																																																					
CHEBI:46234	C14H18O4	COC1=C(OC)C(=O)C(CC=C(C)C)=C(C)C1=O	"InChI=1S/C14H18O4/c1-8(2)6-7-10-9(3)11(15)13(17-4)14(18-5)12(10)16/h6H,7H2,1-5H3"	Ubiquinone-1	249.111802		M-H	1	5.8888	NCBITAXON:http://purl.bioontology.org/ontology/NCBITAXON/9606	Homo sapiens	HMDB		MSI:2		Progenesis	55.9																																																																																																																					
CHEBI:27905	C6H6O4S	OS(=O)(=O)Oc1ccccc1	"InChI=1S/C6H6O4S/c7-11(8,9)10-6-4-2-1-3-5-6/h1-5H,(H,7,8,9)"	Phenol sulphate	172.9915493		M-H	1	3.238116667	NCBITAXON:http://purl.bioontology.org/ontology/NCBITAXON/9606	Homo sapiens	HMDB		MSI:2		Progenesis	58																																																																																																																					
CHEBI:89627	C21H34O5	C1[C@H](C[C@]2([C@](C1)([C@@]3([C@@](CC2)([C@]4([C@](C[C@@H]3O)([C@](CC4)(C(=O)CO)O)C)[H])[H])[H])C)[H])O	"InChI=1S/C21H34O5/c1-19-7-5-13(23)9-12(19)3-4-14-15-6-8-21(26,17(25)11-22)20(15,2)10-16(24)18(14)19/h12-16,18,22-24,26H,3-11H2,1-2H3/t12-,13+,14-,15-,16-,18+,19-,20-,21-/m0/s1"	5-Tetrahydrocortisol	365.2329398		M-H	1	10.10315	NCBITAXON:http://purl.bioontology.org/ontology/NCBITAXON/9606	Homo sapiens	HMDB		MSI:2		Progenesis	57																																																																																																																					
CHEBI:37270	C14H26O3	CCCCCCCCCCCC(=O)CC(O)=O	"InChI=1S/C14H26O3/c1-2-3-4-5-6-7-8-9-10-11-13(15)12-14(16)17/h2-12H2,1H3,(H,16,17)"	3-Oxotetradecanoic acid	263.164509		M+Na-2H	1	6.88265	NCBITAXON:http://purl.bioontology.org/ontology/NCBITAXON/9606	Homo sapiens	HMDB		MSI:2		Progenesis	56.5																																																																																																																					
CHEBI:83054	C27H53O12P	CCCCCCCCCCCCCCCCCC(=O)OC[C@@H](O)COP(O)(=O)O[C@H]1[C@H](O)[C@@H](O)[C@H](O)[C@@H](O)[C@H]1O	"InChI=1S/C27H53O12P/c1-2-3-4-5-6-7-8-9-10-11-12-13-14-15-16-17-21(29)37-18-20(28)19-38-40(35,36)39-27-25(33)23(31)22(30)24(32)26(27)34/h20,22-28,30-34H,2-19H2,1H3,(H,35,36)/t20-,22-,23-,24+,25-,26-,27-/m1/s1"	1-Stearoylglycerophosphoinositol	621.3037555		M+Na-2H	1	9.7136	NCBITAXON:http://purl.bioontology.org/ontology/NCBITAXON/9606	Homo sapiens	HMDB		MSI:2		Progenesis	56.4																																																																																																																					
CHEBI:28082	C27H48O3	[H][C@@]1(CC[C@@]2([H])[C@]3([H])C[C@@H](O)[C@@]4(O)C[C@@H](O)CC[C@]4(C)[C@@]3([H])CC[C@]12C)[C@H](C)CCCC(C)C	"InChI=1S/C27H48O3/c1-17(2)7-6-8-18(3)21-9-10-22-20-15-24(29)27(30)16-19(28)11-14-26(27,5)23(20)12-13-25(21,22)4/h17-24,28-30H,6-16H2,1-5H3/t18-,19+,20+,21-,22+,23+,24-,25-,26-,27+/m1/s1"	"3b,5a,6b-Cholestanetriol"	419.3519787		M-H	1	12.80036667	NCBITAXON:http://purl.bioontology.org/ontology/NCBITAXON/9606	Homo sapiens	HMDB		MSI:2		Progenesis	55																																																																																																																					
CHEBI:73722	C16H30O4	OC(=O)CCCCCCCCCCCCCCC(O)=O	"InChI=1S/C16H30O4/c17-15(18)13-11-9-7-5-3-1-2-4-6-8-10-12-14-16(19)20/h1-14H2,(H,17,18)(H,19,20)"	Hexadecanedioic acid	267.1962468		M-H2O-H	1	6.563016667	NCBITAXON:http://purl.bioontology.org/ontology/NCBITAXON/9606	Homo sapiens	HMDB		MSI:2		Progenesis	57.2																																																																																																																					
CHEBI:16255	C6H11N3O	N[C@H](CO)Cc1c[nH]cn1	"InChI=1S/C6H11N3O/c7-5(3-10)1-6-2-8-4-9-6/h2,4-5,10H,1,3,7H2,(H,8,9)/t5-/m0/s1"	L-Histidinol	281.1753008		2M-H	1	12.35825	NCBITAXON:http://purl.bioontology.org/ontology/NCBITAXON/9606	Homo sapiens	HMDB		MSI:2		Progenesis	55.6																																																																																																																					
CHEBI:88639	C15H22O3	CCCCC(CC)COC(C1=CC=CC=C1O)=O	"InChI=1S/C15H22O3/c1-3-5-8-12(4-2)11-18-15(17)13-9-6-7-10-14(13)16/h6-7,9-10,12,16H,3-5,8,11H2,1-2H3"	Ethylhexyl salicylate	295.1551189		M+FA-H	1	7.388333333	NCBITAXON:http://purl.bioontology.org/ontology/NCBITAXON/9606	Homo sapiens	HMDB		MSI:2		Progenesis	57.1																																																																																																																					
CHEBI:64561	C26H54NO7P	[C@](CO*)(O*)([H])COP(OCC[N+](C)(C)C)(=O)[O-]		LysoPC(18:0)	558.3326523		M+Cl	1	9.323783333	NCBITAXON:http://purl.bioontology.org/ontology/NCBITAXON/9606	Homo sapiens	HMDB		MSI:2		Progenesis	54.6																																																																																																																					
CHEBI:15655	C18H32O4	CCCCC[C@H](OO)\C=C\C=C/CCCCCCCC(O)=O	"InChI=1S/C18H32O4/c1-2-3-11-14-17(22-21)15-12-9-7-5-4-6-8-10-13-16-18(19)20/h7,9,12,15,17,21H,2-6,8,10-11,13-14,16H2,1H3,(H,19,20)/b9-7-,15-12+/t17-/m0/s1"	13-L-Hydroperoxylinoleic acid	333.2059056		M+Na-2H	1	6.661666667	NCBITAXON:http://purl.bioontology.org/ontology/NCBITAXON/9606	Homo sapiens	HMDB		MSI:2		Progenesis	56.2																																																																																																																					
CHEBI:145973	C15H22O	O=C(CCCCCCCC)C1=CC=CC=C1	"InChI=1S/C15H22O/c1-2-3-4-5-6-10-13-15(16)14-11-8-7-9-12-14/h7-9,11-12H,2-6,10,13H2,1H3"	N-Octyl phenyl ketone	263.1661041		M+FA-H	1	7.591833333	NCBITAXON:http://purl.bioontology.org/ontology/NCBITAXON/9606	Homo sapiens	HMDB		MSI:2		Progenesis	56.4																																																																																																																					
CHEBI:17687	C26H43NO6	C[C@H](CCC(=O)NCC(O)=O)[C@H]1CC[C@H]2[C@@H]3[C@H](O)C[C@@H]4C[C@H](O)CC[C@]4(C)[C@H]3C[C@H](O)[C@]12C	"InChI=1S/C26H43NO6/c1-14(4-7-22(31)27-13-23(32)33)17-5-6-18-24-19(12-21(30)26(17,18)3)25(2)9-8-16(28)10-15(25)11-20(24)29/h14-21,24,28-30H,4-13H2,1-3H3,(H,27,31)(H,32,33)/t14-,15+,16-,17-,18+,19+,20-,21+,24+,25+,26-/m1/s1"	Glycocholic acid	446.2899931		M-H2O-H	1	6.173483333	NCBITAXON:http://purl.bioontology.org/ontology/NCBITAXON/9606	Homo sapiens	HMDB		MSI:2		Progenesis	55.5																																																																																																																					
CHEBI:64563	C24H50NO7P	[H][C@@](CO[*])(COP([O-])(=O)OCC[N+](C)(C)C)O[*]		LysoPC(16:0)	530.3019428		M+Cl	1	8.347383333	NCBITAXON:http://purl.bioontology.org/ontology/NCBITAXON/9606	Homo sapiens	HMDB		MSI:2		Progenesis	54.7																																																																																																																					
CHEBI:48131	C9H16O4	OC(=O)CCCCCCCC(O)=O	"InChI=1S/C9H16O4/c10-8(11)6-4-2-1-3-5-7-9(12)13/h1-7H2,(H,10,11)(H,12,13)"	Azelaic acid	187.097649		M-H	1	4.418016667	NCBITAXON:http://purl.bioontology.org/ontology/NCBITAXON/9606	Homo sapiens	HMDB		MSI:2		Progenesis	57.7																																																																																																																					
CHEBI:89188	C14H22O	OC1=CC=C(C(C)(C)C)C=C1C(C)(C)C	"InChI=1S/C14H22O/c1-13(2,3)10-7-8-12(15)11(9-10)14(4,5)6/h7-9,15H,1-6H3"	"2,4-Di-tert-butylphenol"	249.1508975		M+FA-H	1	7.452033333	NCBITAXON:http://purl.bioontology.org/ontology/NCBITAXON/9606	Homo sapiens	HMDB		MSI:2		Progenesis	56.6																																																																																																																					
CHEBI:89233	C45H90N2O6P	O(P(O)(=O)OCC[N+](C)(C)C)C[C@]([C@](\C=C\CCCCCCCCCCC)([H])O)([H])NC(CCCCCCCCCCCCC/C=C\CCCCCCCC)=O	"InChI=1S/C45H89N2O6P/c1-6-8-10-12-14-16-18-19-20-21-22-23-24-25-26-27-29-31-33-35-37-39-45(49)46-43(42-53-54(50,51)52-41-40-47(3,4)5)44(48)38-36-34-32-30-28-17-15-13-11-9-7-2/h19-20,36,38,43-44,48H,6-18,21-35,37,39-42H2,1-5H3,(H-,46,49,50,51)/p+1/b20-19-,38-36+/t43-,44+/m0/s1"	SM(d16:1/24:1(15Z))	806.6273857		M+Na-2H	1	9.323783333	NCBITAXON:http://purl.bioontology.org/ontology/NCBITAXON/9606	Homo sapiens	HMDB		MSI:2		Progenesis	54.7																																																																																																																					
CHEBI:16750	C10H13N5O5	Nc1nc2n(cnc2c(=O)[nH]1)[C@@H]1O[C@H](CO)[C@@H](O)[C@H]1O	"InChI=1S/C10H13N5O5/c11-10-13-7-4(8(19)14-10)12-2-15(7)9-6(18)5(17)3(1-16)20-9/h2-3,5-6,9,16-18H,1H2,(H3,11,13,14,19)/t3-,5-,6-,9-/m1/s1"	Guanosine	282.0842342		M-H	1	2.412816667	NCBITAXON:http://purl.bioontology.org/ontology/NCBITAXON/9606	Homo sapiens	HMDB		MSI:2		Progenesis	57.2																																																																																																																					
CHEBI:82679	C24H38O4	C[C@H](CCC(O)=O)[C@H]1CC[C@H]2[C@H]3[C@H](CC[C@]12C)[C@@]1(C)CC[C@@H](O)C[C@H]1CC3=O	"InChI=1S/C24H38O4/c1-14(4-7-21(27)28)17-5-6-18-22-19(9-11-24(17,18)3)23(2)10-8-16(25)12-15(23)13-20(22)26/h14-19,22,25H,4-13H2,1-3H3,(H,27,28)/t14-,15+,16-,17-,18+,19+,22+,23+,24-/m1/s1"	Nutriacholic acid	411.2411461		"M-H, M+Na-2H"	1	12.63165	NCBITAXON:http://purl.bioontology.org/ontology/NCBITAXON/9606	Homo sapiens	HMDB		MSI:2		Progenesis	52.8																																																																																																																					
CHEBI:89750	C8H12O	CCCCC1=CC=CO1	"InChI=1S/C8H12O/c1-2-3-5-8-6-4-7-9-8/h4,6-7H,2-3,5H2,1H3"	2-Butylfuran	247.1691244		2M-H	1	10.10315	NCBITAXON:http://purl.bioontology.org/ontology/NCBITAXON/9606	Homo sapiens	HMDB		MSI:2		Progenesis	56.7																																																																																																																					
CHEBI:89750	C8H12O	CCCCC1=CC=CO1	"InChI=1S/C8H12O/c1-2-3-5-8-6-4-7-9-8/h4,6-7H,2-3,5H2,1H3"	2-Butylfuran	247.1689398		2M-H	1	8.399816667	NCBITAXON:http://purl.bioontology.org/ontology/NCBITAXON/9606	Homo sapiens	HMDB		MSI:2		Progenesis	56.8																																																																																																																					
CHEBI:88921	C14H22O	CCC(/C=C/C1=C(C)CCCC1(C)C)=O	"InChI=1S/C14H22O/c1-5-12(15)8-9-13-11(2)7-6-10-14(13,3)4/h8-9H,5-7,10H2,1-4H3/b9-8+"	"1-(2,6,6-Trimethyl-1-cyclohexen-1-yl)-1-penten-3-one"	205.1604119		M-H	1	9.411266667	NCBITAXON:http://purl.bioontology.org/ontology/NCBITAXON/9606	Homo sapiens	HMDB		MSI:2		Progenesis	57.4																																																																																																																					
CHEBI:80473	C7H10N4O3	CC(=O)Nc1c(N)[nH]c(=O)n(C)c1=O	"InChI=1S/C7H10N4O3/c1-3(12)9-4-5(8)10-7(14)11(2)6(4)13/h8H2,1-2H3,(H,9,12)(H,10,14)"	5-Acetylamino-6-amino-3-methyluracil	179.0565553		M-H2O-H	1	3.005866667	NCBITAXON:http://purl.bioontology.org/ontology/NCBITAXON/9606	Homo sapiens	HMDB		MSI:2		Progenesis	55.9																																																																																																																					
CHEBI:86595	C12H22O2	CCCCCC\C=C/CCCC(O)=O	"InChI=1S/C12H22O2/c1-2-3-4-5-6-7-8-9-10-11-12(13)14/h7-8H,2-6,9-11H2,1H3,(H,13,14)/b8-7-"	5Z-Dodecenoic acid	219.1375784		M+Na-2H	1	8.399816667	NCBITAXON:http://purl.bioontology.org/ontology/NCBITAXON/9606	Homo sapiens	HMDB		MSI:2		Progenesis	54.5																																																																																																																					
CHEBI:89362	C11H20O2	CCCCCCCC1CCC(=O)O1	"InChI=1S/C11H20O2/c1-2-3-4-5-6-7-10-8-9-11(12)13-10/h10H,2-9H2,1H3"	xi-gamma-Undecalactone	165.1275525		M-H2O-H	1	5.313233333	NCBITAXON:http://purl.bioontology.org/ontology/NCBITAXON/9606	Homo sapiens	HMDB		MSI:2		Progenesis	56																																																																																																																					
CHEBI:17368	C5H4N4O	O=c1[nH]cnc2nc[nH]c12	"InChI=1S/C5H4N4O/c10-5-3-4(7-1-6-3)8-2-9-5/h1-2H,(H2,6,7,8,9,10)"	Hypoxanthine	135.0304745		M-H	1	1.47125	NCBITAXON:http://purl.bioontology.org/ontology/NCBITAXON/9606	Homo sapiens	HMDB		MSI:2		Progenesis	55.9																																																																																																																					
CHEBI:72737	C25H52NO7P	[H][C@@](CO[*])(COP([O-])(=O)OCC[N+](C)(C)C)O[*]		LysoPC(17:0)	508.342102		M-H	1	9.323783333	NCBITAXON:http://purl.bioontology.org/ontology/NCBITAXON/9606	Homo sapiens	HMDB		MSI:2		Progenesis	54.2																																																																																																																					
CHEBI:72736	C23H48NO7P	[H][C@@](CO[*])(COP([O-])(=O)OCC[N+](C)(C)C)O[*]		LysoPC(15:0)	480.313072		M-H	1	8.126383333	NCBITAXON:http://purl.bioontology.org/ontology/NCBITAXON/9606	Homo sapiens	HMDB		MSI:2		Progenesis	55.2																																																																																																																					
CHEBI:27781	C14H26O2	CCCC\C=C/CCCCCCCC(O)=O	"InChI=1S/C14H26O2/c1-2-3-4-5-6-7-8-9-10-11-12-13-14(15)16/h5-6H,2-4,7-13H2,1H3,(H,15,16)/b6-5-"	Myristoleic acid	247.1691848		M+Na-2H	1	7.3359	NCBITAXON:http://purl.bioontology.org/ontology/NCBITAXON/9606	Homo sapiens	HMDB		MSI:2		Progenesis	54.8																																																																																																																					
CHEBI:145958	C9H10O	O=C(C=1C(=CC=CC1)C)C	"InChI=1S/C9H10O/c1-7-5-3-4-6-9(7)8(2)10/h3-6H,1-2H3"	2'-Methylacetophenone	421.229307		M-H	1	11.56788333	NCBITAXON:http://purl.bioontology.org/ontology/NCBITAXON/9606	Homo sapiens	HMDB		MSI:2		Progenesis	54.8																																																																																																																					
CHEBI:43419	C24H40O4	[H][C@@]12C[C@@H](O)CC[C@]1(C)[C@@]1([H])CC[C@]3(C)[C@]([H])(CC[C@@]3([H])[C@]1([H])[C@@H](O)C2)[C@H](C)CCC(O)=O	"InChI=1S/C24H40O4/c1-14(4-7-21(27)28)17-5-6-18-22-19(9-11-24(17,18)3)23(2)10-8-16(25)12-15(23)13-20(22)26/h14-20,22,25-26H,4-13H2,1-3H3,(H,27,28)/t14-,15+,16+,17-,18+,19+,20+,22+,23+,24-/m1/s1"	Isoursodeoxycholic acid	391.2852221		"M-H, 2M-H"	1	7.87665	NCBITAXON:http://purl.bioontology.org/ontology/NCBITAXON/9606	Homo sapiens	HMDB		MSI:2		Progenesis	56.2																																																																																																																					
CHEBI:64563	C24H50NO7P	[H][C@@](CO[*])(COP([O-])(=O)OCC[N+](C)(C)C)O[*]		LysoPC(16:0)	530.3014678		M+Cl	1	8.126383333	NCBITAXON:http://purl.bioontology.org/ontology/NCBITAXON/9606	Homo sapiens	HMDB		MSI:2		Progenesis	53																																																																																																																					
CHEBI:73851	C24H48NO7P	O(C(=O)CCCCCCC/C=C\CCCCCC)C[C@H](COP(OCC[N+](C)(C)C)(=O)[O-])O	"InChI=1S/C24H48NO7P/c1-5-6-7-8-9-10-11-12-13-14-15-16-17-18-24(27)30-21-23(26)22-32-33(28,29)31-20-19-25(2,3)4/h10-11,23,26H,5-9,12-22H2,1-4H3/b11-10-/t23-/m1/s1"	LysoPC(16:1(9Z)/0:0)	528.285125		M+Cl	1	7.591833333	NCBITAXON:http://purl.bioontology.org/ontology/NCBITAXON/9606	Homo sapiens	HMDB		MSI:2		Progenesis	53.9																																																																																																																					
CHEBI:88455	C10H12N4O5	N1=CNC2=C(C1=O)N=CN2[C@H]3[C@H]([C@@H]([C@H](O3)CO)O)O	"InChI=1S/C10H12N4O5/c15-1-4-6(16)7(17)10(19-4)14-3-13-5-8(14)11-2-12-9(5)18/h2-4,6-7,10,15-17H,1H2,(H,11,12,18)/t4-,6-,7+,10?/m1/s1"	Arabinosylhypoxanthine	267.0742026		M-H	1	2.412816667	NCBITAXON:http://purl.bioontology.org/ontology/NCBITAXON/9606	Homo sapiens	HMDB		MSI:2		Progenesis	56.3																																																																																																																					
CHEBI:88921	C14H22O	CCC(/C=C/C1=C(C)CCCC1(C)C)=O	"InChI=1S/C14H22O/c1-5-12(15)8-9-13-11(2)7-6-10-14(13,3)4/h8-9H,5-7,10H2,1-4H3/b9-8+"	"1-(2,6,6-Trimethyl-1-cyclohexen-1-yl)-1-penten-3-one"	251.1644191		M+FA-H	1	7.388333333	NCBITAXON:http://purl.bioontology.org/ontology/NCBITAXON/9606	Homo sapiens	HMDB		MSI:2		Progenesis	55																																																																																																																					
CHEBI:89753	C28H48O5	C1[C@H](C[C@@]2([C@](C1)([C@@]3([C@@]([C@@H](C2)O)([C@]4([C@]([C@H](C3)O)([C@H](CC4)[C@@H](CCCC(C)C)C)C)[H])[H])[H])C)C(O)=O)O	"InChI=1S/C28H48O5/c1-16(2)7-6-8-17(3)19-9-10-20-24-21(13-23(31)27(19,20)5)26(4)12-11-18(29)14-28(26,25(32)33)15-22(24)30/h16-24,29-31H,6-15H2,1-5H3,(H,32,33)/t17-,18-,19-,20+,21+,22-,23+,24+,26-,27-,28+/m1/s1"	Trihydroxycoprostanoic acid	509.3438564		M+FA-H	1	9.58	NCBITAXON:http://purl.bioontology.org/ontology/NCBITAXON/9606	Homo sapiens	HMDB		MSI:2		Progenesis	49.9																																																																																																																					
CHEBI:74823	C8H16N2O4	CC(C)[C@H](NC(=O)[C@@H](N)CO)C(O)=O	"InChI=1S/C8H16N2O4/c1-4(2)6(8(13)14)10-7(12)5(9)3-11/h4-6,11H,3,9H2,1-2H3,(H,10,12)(H,13,14)/t5-,6-/m0/s1"	Serylvaline	203.1030565		"M-H2O-H, M-H"	1	0.576033333	NCBITAXON:http://purl.bioontology.org/ontology/NCBITAXON/9606	Homo sapiens	HMDB		MSI:2		Progenesis	54																																																																																																																					
CHEBI:88751	C8H9NO5S	C1(=CC=C(C=C1)OS(=O)(=O)O)CC(N)=O	"InChI=1S/C8H9NO5S/c9-8(10)5-6-1-3-7(4-2-6)14-15(11,12)13/h1-4H,5H2,(H2,9,10)(H,11,12,13)"	Benzeneacetamide-4-O-sulphate	230.0126783		M-H	1	2.749933333	NCBITAXON:http://purl.bioontology.org/ontology/NCBITAXON/9606	Homo sapiens	HMDB		MSI:2		Progenesis	55.4																																																																																																																					
CHEBI:89887	C10H14O4	OC(=O)CCCC(=C)C(=C)CC(O)=O	"InChI=1S/C10H14O4/c1-7(4-3-5-9(11)12)8(2)6-10(13)14/h1-6H2,(H,11,12)(H,13,14)"	"3,4-Methylene suberic acid"	233.0579181		M+Cl	1	20.80411667	NCBITAXON:http://purl.bioontology.org/ontology/NCBITAXON/9606	Homo sapiens	HMDB		MSI:2		Progenesis	53.5																																																																																																																					
CHEBI:19591	C6H10O	[H]C(=O)C([H])=C([H])CCC	"InChI=1S/C6H10O/c1-2-3-4-5-6-7/h4-6H,2-3H2,1H3"	2-Hexenal	195.1390945		2M-H	1	7.23725	NCBITAXON:http://purl.bioontology.org/ontology/NCBITAXON/9606	Homo sapiens	HMDB		MSI:2		Progenesis	55.7																																																																																																																					
CHEBI:4259	C33H40N4O6	CCC1=C(C)C(=O)NC1Cc1[nH]c(\C=C2\N=C(CC3NC(=O)C(C=C)=C3C)C(C)=C\2CCC(O)=O)c(CCC(O)=O)c1C	"InChI=1S/C33H40N4O6/c1-7-20-19(6)32(42)37-27(20)14-25-18(5)23(10-12-31(40)41)29(35-25)15-28-22(9-11-30(38)39)17(4)24(34-28)13-26-16(3)21(8-2)33(43)36-26/h8,15,26-27,35H,2,7,9-14H2,1,3-6H3,(H,36,43)(H,37,42)(H,38,39)(H,40,41)/b28-15+"	D-Urobilin	569.2724689		M-H2O-H	1	8.213766667	NCBITAXON:http://purl.bioontology.org/ontology/NCBITAXON/9606	Homo sapiens	HMDB		MSI:2		Progenesis	50.8																																																																																																																					
CHEBI:89913	C9H12O4	OC(=O)CCC(=C)C(=C)CC(O)=O	"InChI=1S/C9H12O4/c1-6(3-4-8(10)11)7(2)5-9(12)13/h1-5H2,(H,10,11)(H,12,13)"	"3,4-Methylenepimelic acid"	221.0236824		M+K-2H	1	20.80411667	NCBITAXON:http://purl.bioontology.org/ontology/NCBITAXON/9606	Homo sapiens	HMDB		MSI:2		Progenesis	52.7																																																																																																																					
				MG(0:0/15:0/0:0)	297.2430862		M-H2O-H	1	10.16685	NCBITAXON:http://purl.bioontology.org/ontology/NCBITAXON/9606	Homo sapiens	HMDB		MSI:2		Progenesis	54.3																																																																																																																					
CHEBI:88591	C13H16O3	CC/C(=C(/CCOC(C1=CC=CC=C1O)=O)\[H])/[H]	"InChI=1S/C13H16O3/c1-2-3-4-7-10-16-13(15)11-8-5-6-9-12(11)14/h3-6,8-9,14H,2,7,10H2,1H3/b4-3+"	3-Hexenyl salicylic acid	265.1069736		M+FA-H	1	5.42935	NCBITAXON:http://purl.bioontology.org/ontology/NCBITAXON/9606	Homo sapiens	HMDB		MSI:2		Progenesis	52.9																																																																																																																					
CHEBI:75216	C26H56NO6P	[C@@H](COCCCCCCCCCCCCCCCCCC)(COP(OCC[N+](C)(C)C)(=O)[O-])O	"InChI=1S/C26H56NO6P/c1-5-6-7-8-9-10-11-12-13-14-15-16-17-18-19-20-22-31-24-26(28)25-33-34(29,30)32-23-21-27(2,3)4/h26,28H,5-25H2,1-4H3/t26-/m1/s1"	LysoPC(O-18:0)	544.3519415		M+Cl	1	9.934583333	NCBITAXON:http://purl.bioontology.org/ontology/NCBITAXON/9606	Homo sapiens	HMDB		MSI:2		Progenesis	51.1																																																																																																																					
CHEBI:46234	C14H18O4	COC1=C(OC)C(=O)C(CC=C(C)C)=C(C)C1=O	"InChI=1S/C14H18O4/c1-8(2)6-7-10-9(3)11(15)13(17-4)14(18-5)12(10)16/h6H,7H2,1-5H3"	Ubiquinone-1	231.1032353		M-H2O-H	1	7.016266667	NCBITAXON:http://purl.bioontology.org/ontology/NCBITAXON/9606	Homo sapiens	HMDB		MSI:2		Progenesis	54.6																																																																																																																					
CHEBI:8087	C13H16N2O4	NC(=O)CCC(NC(=O)Cc1ccccc1)C(O)=O	"InChI=1S/C13H16N2O4/c14-11(16)7-6-10(13(18)19)15-12(17)8-9-4-2-1-3-5-9/h1-5,10H,6-8H2,(H2,14,16)(H,15,17)(H,18,19)"	Phenylacetylglutamine	263.1030448		M-H	1	3.406683333	NCBITAXON:http://purl.bioontology.org/ontology/NCBITAXON/9606	Homo sapiens	HMDB		MSI:2		Progenesis	53.8																																																																																																																					
CHEBI:82965	C10H18N2O5S	C(=O)([C@@H](NC(=O)CC[C@@H](C(=O)O)N)CCSC)O	"InChI=1S/C10H18N2O5S/c1-18-5-4-7(10(16)17)12-8(13)3-2-6(11)9(14)15/h6-7H,2-5,11H2,1H3,(H,12,13)(H,14,15)(H,16,17)/t6-,7-/m0/s1"	gamma-Glutamylmethionine	315.0410176		M+K-2H	1	0.6809	NCBITAXON:http://purl.bioontology.org/ontology/NCBITAXON/9606	Homo sapiens	HMDB		MSI:2		Progenesis	51.4																																																																																																																					
CHEBI:65101	C16H32O3	CCCCCCCCCCCCCCC(O)C(O)=O	"InChI=1S/C16H32O3/c1-2-3-4-5-6-7-8-9-10-11-12-13-14-15(17)16(18)19/h15,17H,2-14H2,1H3,(H,18,19)"	2-Hydroxyhexadecanoic acid	271.2272534		"M-H, M+Na-2H"	1	9.109	NCBITAXON:http://purl.bioontology.org/ontology/NCBITAXON/9606	Homo sapiens	HMDB		MSI:2		Progenesis	52.4																																																																																																																					
CHEBI:132611	C16H20O6	C=1C=CC(=C(C1)C(=O)OCC(CC)CCCC(=O)O)C(=O)O	"InChI=1S/C16H20O6/c1-2-11(6-5-9-14(17)18)10-22-16(21)13-8-4-3-7-12(13)15(19)20/h3-4,7-8,11H,2,5-6,9-10H2,1H3,(H,17,18)(H,19,20)"	Mono-(2-ethyl-5-carboxypentyl) phthalate	289.1076461		M-H2O-H	1	5.871316667	NCBITAXON:http://purl.bioontology.org/ontology/NCBITAXON/9606	Homo sapiens	HMDB		MSI:2		Progenesis	52.4																																																																																																																					
CHEBI:133086	C18H34O4	C(CCCCCCCC(=O)O)CCCCCCCCC(=O)O	"InChI=1S/C18H34O4/c19-17(20)15-13-11-9-7-5-3-1-2-4-6-8-10-12-14-16-18(21)22/h1-16H2,(H,19,20)(H,21,22)"	Octadecanedioic acid	313.2369394		M-H	1	9.021616667	NCBITAXON:http://purl.bioontology.org/ontology/NCBITAXON/9606	Homo sapiens	HMDB		MSI:2		Progenesis	50.3																																																																																																																					
CHEBI:28610	C26H52NO7P	O(C[C@H](O)COC(CCCCCCC/C=C\CCCCCCCC)=O)P(OCC[N+](C)(C)C)(=O)[O-]	"InChI=1S/C26H52NO7P/c1-5-6-7-8-9-10-11-12-13-14-15-16-17-18-19-20-26(29)32-23-25(28)24-34-35(30,31)33-22-21-27(2,3)4/h12-13,25,28H,5-11,14-24H2,1-4H3/b13-12-/t25-/m1/s1"	LysoPC(18:1(9Z))	556.3173303		M+Cl	1	8.667033333	NCBITAXON:http://purl.bioontology.org/ontology/NCBITAXON/9606	Homo sapiens	HMDB		MSI:2		Progenesis	50.5																																																																																																																					
CHEBI:131743	C21H44NO7P	P(OC[C@@H](CO)OC(CCCCCCCCCCCCCCC)=O)(=O)(OCCN)O	"InChI=1S/C21H44NO7P/c1-2-3-4-5-6-7-8-9-10-11-12-13-14-15-21(24)29-20(18-23)19-28-30(25,26)27-17-16-22/h20,23H,2-19,22H2,1H3,(H,25,26)/t20-/m1/s1"	LysoPE(0:0/16:0)	474.2614658		M+Na-2H	1	9.917116667	NCBITAXON:http://purl.bioontology.org/ontology/NCBITAXON/9606	Homo sapiens	HMDB		MSI:2		Progenesis	53.1																																																																																																																					
CHEBI:75036	C23H48NO7P	CCCCCCCCCCCCCCCCCC(=O)OC[C@@H](O)COP([O-])(=O)OCC[NH3+]	"InChI=1S/C23H48NO7P/c1-2-3-4-5-6-7-8-9-10-11-12-13-14-15-16-17-23(26)29-20-22(25)21-31-32(27,28)30-19-18-24/h22,25H,2-21,24H2,1H3,(H,27,28)/t22-/m1/s1"	LysoPE(18:0/0:0)	462.3003649		M-H2O-H	1	8.940433333	NCBITAXON:http://purl.bioontology.org/ontology/NCBITAXON/9606	Homo sapiens	HMDB		MSI:2		Progenesis	52.5																																																																																																																					
CHEBI:74820	C8H14N2O4	N[C@@H](CO)C(=O)N1CCC[C@H]1C(O)=O	"InChI=1S/C8H14N2O4/c9-5(4-11)7(12)10-3-1-2-6(10)8(13)14/h5-6,11H,1-4,9H2,(H,13,14)/t5-,6-/m0/s1"	Serylproline	247.0936684		"M-H, M+FA-H"	1	0.576033333	NCBITAXON:http://purl.bioontology.org/ontology/NCBITAXON/9606	Homo sapiens	HMDB		MSI:2		Progenesis	53																																																																																																																					
CHEBI:74820	C8H14N2O4	N[C@@H](CO)C(=O)N1CCC[C@H]1C(O)=O	"InChI=1S/C8H14N2O4/c9-5(4-11)7(12)10-3-1-2-6(10)8(13)14/h5-6,11H,1-4,9H2,(H,13,14)/t5-,6-/m0/s1"	Serylproline	201.0872179		M-H	1	1.046766667	NCBITAXON:http://purl.bioontology.org/ontology/NCBITAXON/9606	Homo sapiens	HMDB		MSI:2		Progenesis	51.5																																																																																																																					
CHEBI:133086	C18H34O4	C(CCCCCCCC(=O)O)CCCCCCCCC(=O)O	"InChI=1S/C18H34O4/c19-17(20)15-13-11-9-7-5-3-1-2-4-6-8-10-12-14-16-18(21)22/h1-16H2,(H,19,20)(H,21,22)"	Octadecanedioic acid	313.2376495		"M-H2O-H, M-H"	1	12.1085	NCBITAXON:http://purl.bioontology.org/ontology/NCBITAXON/9606	Homo sapiens	HMDB		MSI:2		Progenesis	49.5																																																																																																																					
CHEBI:145254	C23H46NO7P	C([C@@](CO)(OC(CCCCCCCCC/C=C\CCCCCC)=O)[H])OP(=O)(O)OCCN	"InChI=1S/C23H46NO7P/c1-2-3-4-5-6-7-8-9-10-11-12-13-14-15-16-17-23(26)31-22(20-25)21-30-32(27,28)29-19-18-24/h7-8,22,25H,2-6,9-21,24H2,1H3,(H,27,28)/b8-7-/t22-/m1/s1"	LysoPE(0:0/18:1(11Z))	478.2922689		M-H	1	9.998283333	NCBITAXON:http://purl.bioontology.org/ontology/NCBITAXON/9606	Homo sapiens	HMDB		MSI:2		Progenesis	50.5																																																																																																																					
CHEBI:27373	C9H19NO4	CC(C)(CO)[C@@H](O)C(=O)NCCCO	"InChI=1S/C9H19NO4/c1-9(2,6-12)7(13)8(14)10-4-3-5-11/h7,11-13H,3-6H2,1-2H3,(H,10,14)/t7-/m0/s1"	Pantothenol	242.0791377		M+K-2H	1	0.6809	NCBITAXON:http://purl.bioontology.org/ontology/NCBITAXON/9606	Homo sapiens	HMDB		MSI:2		Progenesis	51																																																																																																																					
CHEBI:137889	C26H54NO6P	P(OC[C@@H](CO/C=C/*)O)(=O)(OCC[N+](C)(C)C)[O-]		LysoPC(P-18:0)	542.3368278		M+Cl	1	8.940433333	NCBITAXON:http://purl.bioontology.org/ontology/NCBITAXON/9606	Homo sapiens	HMDB		MSI:2		Progenesis	50																																																																																																																					
CHEBI:89741	C13H22O3	C(C(=O)OC)[C@@H]1[C@H](C(CC1)=O)CCCCC	"InChI=1S/C13H22O3/c1-3-4-5-6-11-10(7-8-12(11)14)9-13(15)16-2/h10-11H,3-9H2,1-2H3/t10-,11-/m1/s1"	Methyl dihydrojasmonate	207.1407239		M-H2O-H	1	6.5106	NCBITAXON:http://purl.bioontology.org/ontology/NCBITAXON/9606	Homo sapiens	HMDB		MSI:2		Progenesis	49.6																																																																																																																					
CHEBI:89741	C13H22O3	C(C(=O)OC)[C@@H]1[C@H](C(CC1)=O)CCCCC	"InChI=1S/C13H22O3/c1-3-4-5-6-11-10(7-8-12(11)14)9-13(15)16-2/h10-11H,3-9H2,1-2H3/t10-,11-/m1/s1"	Methyl dihydrojasmonate	225.150323		M-H	1	5.569166667	NCBITAXON:http://purl.bioontology.org/ontology/NCBITAXON/9606	Homo sapiens	HMDB		MSI:2		Progenesis	50.7																																																																																																																					
CHEBI:64489	C22H46NO7P	C(C[N+](C)(C)C)OP(=O)([O-])OC[C@](COC(=O)CCCCCCCCCCCCC)([H])O	"InChI=1S/C22H46NO7P/c1-5-6-7-8-9-10-11-12-13-14-15-16-22(25)28-19-21(24)20-30-31(26,27)29-18-17-23(2,3)4/h21,24H,5-20H2,1-4H3/t21-/m1/s1"	LysoPC(14:0/0:0)	466.2926744		M-H	1	7.591833333	NCBITAXON:http://purl.bioontology.org/ontology/NCBITAXON/9606	Homo sapiens	HMDB		MSI:2		Progenesis	48.3																																																																																																																					
				"MG(0:0/20:2(11Z,14Z)/0:0)"	763.6027182		2M-H	1	8.940433333	NCBITAXON:http://purl.bioontology.org/ontology/NCBITAXON/9606	Homo sapiens	HMDB		MSI:2		Progenesis	41.2																																																																																																																					
CHEBI:72736	C23H48NO7P	[H][C@@](CO[*])(COP([O-])(=O)OCC[N+](C)(C)C)O[*]		LysoPC(15:0)	502.293259		M+Na-2H	1	8.3299	NCBITAXON:http://purl.bioontology.org/ontology/NCBITAXON/9606	Homo sapiens	HMDB		MSI:2		Progenesis	48.2																																																																																																																					
CHEBI:131692	C25H48NO7P	C(OP(=O)(OCCN)O)[C@@H](CO)OC(CCCCCCCCC/C=C\C/C=C\CCCCC)=O	"InChI=1S/C25H48NO7P/c1-2-3-4-5-6-7-8-9-10-11-12-13-14-15-16-17-18-19-25(28)33-24(22-27)23-32-34(29,30)31-21-20-26/h6-7,9-10,24,27H,2-5,8,11-23,26H2,1H3,(H,29,30)/b7-6-,10-9-/t24-/m1/s1"	"LysoPE(0:0/20:2(11Z,14Z))"	550.3136321		M+FA-H	1	8.888016667	NCBITAXON:http://purl.bioontology.org/ontology/NCBITAXON/9606	Homo sapiens	HMDB		MSI:2		Progenesis	47																																																																																																																					
CHEBI:82914	C7H8O4S	Cc1ccc(OS(O)(=O)=O)cc1	"InChI=1S/C7H8O4S/c1-6-2-4-7(5-3-6)11-12(8,9)10/h2-5H,1H3,(H,8,9,10)"	p-Cresol sulfate	187.0078428		M-H	1	3.91235	NCBITAXON:http://purl.bioontology.org/ontology/NCBITAXON/9606	Homo sapiens	HMDB		MSI:2		Progenesis	49.1																																																																																																																					
CHEBI:82968	C9H16N2O6	CC(O)C(NC(=O)CCC(N)C(O)=O)C(O)=O	"InChI=1S/C9H16N2O6/c1-4(12)7(9(16)17)11-6(13)3-2-5(10)8(14)15/h4-5,7,12H,2-3,10H2,1H3,(H,11,13)(H,14,15)(H,16,17)"	gamma-Glutamylthreonine	269.0742475		M+Na-2H	1	0.70965	NCBITAXON:http://purl.bioontology.org/ontology/NCBITAXON/9606	Homo sapiens	HMDB		MSI:2		Progenesis	47.2																																																																																																																					
CHEBI:75021	C8H16N2O4	CC(C)[C@H](N)C(=O)N[C@@H](CO)C(O)=O	"InChI=1S/C8H16N2O4/c1-4(2)6(9)7(12)10-5(3-11)8(13)14/h4-6,11H,3,9H2,1-2H3,(H,10,12)(H,13,14)/t5-,6-/m0/s1"	Valyl-Serine	225.0845973		M+Na-2H	1	0.593516667	NCBITAXON:http://purl.bioontology.org/ontology/NCBITAXON/9606	Homo sapiens	HMDB		MSI:2		Progenesis	46.9																																																																																																																					
CHEBI:36206	C12H24O3	CCCCCCCCCC(O)CC(O)=O	"InChI=1S/C12H24O3/c1-2-3-4-5-6-7-8-9-11(13)10-12(14)15/h11,13H,2-10H2,1H3,(H,14,15)"	3-Hydroxydodecanoic acid	253.1219643		M+K-2H	1	4.877466667	NCBITAXON:http://purl.bioontology.org/ontology/NCBITAXON/9606	Homo sapiens	HMDB		MSI:2		Progenesis	47.3																																																																																																																					
CHEBI:89060	C24H40O7S	[C@H]1(CC[C@@]2([C@]3(CC[C@@]4([C@H](CC[C@]4([C@@]3([C@@H](C[C@@]2(C1)[H])O)[H])[H])[C@@H](CCC(=O)O)C)C)[H])C)OS(=O)(=O)O	"InChI=1S/C24H40O7S/c1-14(4-7-21(26)27)17-5-6-18-22-19(9-11-24(17,18)3)23(2)10-8-16(31-32(28,29)30)12-15(23)13-20(22)25/h14-20,22,25H,4-13H2,1-3H3,(H,26,27)(H,28,29,30)/t14-,15+,16-,17-,18+,19+,20-,22+,23+,24-/m1/s1"	Chenodeoxycholic acid 3-sulfate	507.2233533		M+Cl	1	6.7141	NCBITAXON:http://purl.bioontology.org/ontology/NCBITAXON/9606	Homo sapiens	HMDB		MSI:2		Progenesis	45.9																																																																																																																					
CHEBI:75036	C23H48NO7P	CCCCCCCCCCCCCCCCCC(=O)OC[C@@H](O)COP([O-])(=O)OCC[NH3+]	"InChI=1S/C23H48NO7P/c1-2-3-4-5-6-7-8-9-10-11-12-13-14-15-16-17-23(26)29-20-22(25)21-31-32(27,28)30-19-18-24/h22,25H,2-21,24H2,1H3,(H,27,28)/t22-/m1/s1"	LysoPE(18:0/0:0)	480.3132157		"M-H, 2M-H"	1	9.5101	NCBITAXON:http://purl.bioontology.org/ontology/NCBITAXON/9606	Homo sapiens	HMDB		MSI:2		Progenesis	45.6																																																																																																																					
CHEBI:145971	C40H52O2	O=C1CC(C(C(=C1)C)\C=C\C(\C)=C\C=C\C(\C)=C\C=C\C=C(\C=C\C=C(\C=C\C2C(CC(=O)C=C2C)(C)C)/C)/C)(C)C	"InChI=1S/C40H52O2/c1-29(17-13-19-31(3)21-23-37-33(5)25-35(41)27-39(37,7)8)15-11-12-16-30(2)18-14-20-32(4)22-24-38-34(6)26-36(42)28-40(38,9)10/h11-26,37-38H,27-28H2,1-10H3/b12-11+,17-13+,18-14+,23-21+,24-22+,29-15+,30-16+,31-19+,32-20+"	"e,e-Carotene-3,3'-dione"	599.366357		M+Cl	1	6.981316667	NCBITAXON:http://purl.bioontology.org/ontology/NCBITAXON/9606	Homo sapiens	HMDB		MSI:2		Progenesis	42.6																																																																																																																					
				MG(0:0/15:0/0:0)	353.2131106		M+K-2H	1	13.1837	NCBITAXON:http://purl.bioontology.org/ontology/NCBITAXON/9606	Homo sapiens	HMDB		MSI:2		Progenesis	43.4																																																																																																																					
CHEBI:88544	C23H43NO4	[C@H](CCC([O-])=O)([N+](C)(C)C)OC(CCCCCCC/C=C\CCCCCC)=O	"InChI=1S/C23H43NO4/c1-5-6-7-8-9-10-11-12-13-14-15-16-17-18-23(27)28-21(24(2,3)4)19-20-22(25)26/h10-11,21H,5-9,12-20H2,1-4H3/b11-10-/t21-/m0/s1"	9-Hexadecenoylcarnitine	478.2936368		M+K-2H	1	7.591833333	NCBITAXON:http://purl.bioontology.org/ontology/NCBITAXON/9606	Homo sapiens	HMDB		MSI:2		Progenesis	46																																																																																																																					
CHEBI:82968	C9H16N2O6	CC(O)C(NC(=O)CCC(N)C(O)=O)C(O)=O	"InChI=1S/C9H16N2O6/c1-4(12)7(9(16)17)11-6(13)3-2-5(10)8(14)15/h4-5,7,12H,2-3,10H2,1H3,(H,11,13)(H,14,15)(H,16,17)"	gamma-Glutamylthreonine	247.0938045		"M-H2O-H, M-H"	1	1.046766667	NCBITAXON:http://purl.bioontology.org/ontology/NCBITAXON/9606	Homo sapiens	HMDB		MSI:2		Progenesis	45.3																																																																																																																					
CHEBI:73074	C25H49NO4	CCCCCCCCCCCCCCCCCC(=O)OC(CC([O-])=O)C[N+](C)(C)C	"InChI=1S/C25H49NO4/c1-5-6-7-8-9-10-11-12-13-14-15-16-17-18-19-20-25(29)30-23(21-24(27)28)22-26(2,3)4/h23H,5-22H2,1-4H3"	Stearoylcarnitine	464.3171312		M+K-2H	1	9.917116667	NCBITAXON:http://purl.bioontology.org/ontology/NCBITAXON/9606	Homo sapiens	HMDB		MSI:2		Progenesis	43.8																																																																																																																					
CHEBI:63800	C10H13N3O	NC(=N)N1CC(O)c2ccccc2C1	"InChI=1S/C10H13N3O/c11-10(12)13-5-7-3-1-2-4-8(7)9(14)6-13/h1-4,9,14H,5-6H2,(H3,11,12)"	4-Hydroxydebrisoquine	236.1044554		M+FA-H	1	6.795283333	NCBITAXON:http://purl.bioontology.org/ontology/NCBITAXON/9606	Homo sapiens	HMDB		MSI:2		Progenesis	44.7																																																																																																																					
CHEBI:89538	C12H14O7S	C=1(C=C(C=C(C1)O)CC2OC(CC2)=O)OS(=O)(=O)OC	"InChI=1S/C12H14O7S/c1-17-20(15,16)19-11-6-8(4-9(13)7-11)5-10-2-3-12(14)18-10/h4,6-7,10,13H,2-3,5H2,1H3"	"5-(3',5'-Dihydroxyphenyl)-gamma-valerolactone-O-sulphate-O-methyl"	301.0329202		"M-H2O-H, M-H"	1	0.576033333	NCBITAXON:http://purl.bioontology.org/ontology/NCBITAXON/9606	Homo sapiens	HMDB		MSI:2		Progenesis	42.1																																																																																																																					
CHEBI:60175	C6H14N2O3	NCC(O)CCC(N)C(O)=O	"InChI=1S/C6H14N2O3/c7-3-4(9)1-2-5(8)6(10)11/h4-5,9H,1-3,7-8H2,(H,10,11)"	5-Hydroxylysine	323.1855463		"M+FA-H, 2M-H"	1	8.399816667	NCBITAXON:http://purl.bioontology.org/ontology/NCBITAXON/9606	Homo sapiens	HMDB		MSI:2		Progenesis	43																																																																																																																					
CHEBI:83058	C23H44NO7P	O(C(=O)CCCCCCC/C=C\C/C=C\CCCCC)C[C@H](COP(OCCN)(=O)O)O	"InChI=1S/C23H44NO7P/c1-2-3-4-5-6-7-8-9-10-11-12-13-14-15-16-17-23(26)29-20-22(25)21-31-32(27,28)30-19-18-24/h6-7,9-10,22,25H,2-5,8,11-21,24H2,1H3,(H,27,28)/b7-6-,10-9-/t22-/m1/s1"	"LysoPE(18:2(9Z,12Z)/0:0)"	498.2619992		M+Na-2H	1	7.30095	NCBITAXON:http://purl.bioontology.org/ontology/NCBITAXON/9606	Homo sapiens	HMDB		MSI:2		Progenesis	42.1																																																																																																																					
CHEBI:73713	C11H20O4	OC(=O)CCCCCCCCCC(O)=O	"InChI=1S/C11H20O4/c12-10(13)8-6-4-2-1-3-5-7-9-11(14)15/h1-9H2,(H,12,13)(H,14,15)"	Undecanedioic acid	215.1287685		"M-H2O-H, M-H"	1	5.383133333	NCBITAXON:http://purl.bioontology.org/ontology/NCBITAXON/9606	Homo sapiens	HMDB		MSI:2		Progenesis	42.2																																																																																																																					
CHEBI:82846	C22H38O2			Docosatrienoic acid	333.2789392		M-H	1	12.96891667	NCBITAXON:http://purl.bioontology.org/ontology/NCBITAXON/9606	Homo sapiens	HMDB		MSI:2		Progenesis	40.5																																																																																																																					
CHEBI:34247	C15H24O	Cc1cc(c(O)c(c1)C(C)(C)C)C(C)(C)C	"InChI=1S/C15H24O/c1-10-8-11(14(2,3)4)13(16)12(9-10)15(5,6)7/h8-9,16H,1-7H3"	"2,6-Di-tert-butyl-4-methylphenol"	265.1798298		"M-H, M+FA-H"	1	6.998783333	NCBITAXON:http://purl.bioontology.org/ontology/NCBITAXON/9606	Homo sapiens	HMDB		MSI:2		Progenesis	40.2																																																																																																																					
CHEBI:28125	C22H32O2	C(\C/C=C\C/C=C\C/C=C\CC)=C\C/C=C\C/C=C\CCC(=O)O	"InChI=1S/C22H32O2/c1-2-3-4-5-6-7-8-9-10-11-12-13-14-15-16-17-18-19-20-21-22(23)24/h3-4,6-7,9-10,12-13,15-16,18-19H,2,5,8,11,14,17,20-21H2,1H3,(H,23,24)/b4-3-,7-6-,10-9-,13-12-,16-15-,19-18-"	"(4Z,7Z,10Z,13Z,16Z,19Z)-docosahexaenoate"	327.2345221		M-H	1	11.04458333	NCBITAXON:http://purl.bioontology.org/ontology/NCBITAXON/9606	Homo sapiens	HMDB		MSI:2		Progenesis	41.8																																																																																																																					
CHEBI:15394	C10H18O	CC1(C)[C@H]2CC[C@]1(C)[C@H](O)C2	"InChI=1S/C10H18O/c1-9(2)7-4-5-10(9,3)8(11)6-7/h7-8,11H,4-6H2,1-3H3/t7-,8+,10+/m0/s1"	(-)-Borneol	199.1331671		M+FA-H	1	6.795283333	NCBITAXON:http://purl.bioontology.org/ontology/NCBITAXON/9606	Homo sapiens	HMDB		MSI:2		Progenesis	40.1																																																																																																																					
CHEBI:89430	C21H36N8O6	O=C(NCC(=O)N1[C@@H](CCC1)C(=O)N[C@@H](CCCN=C(N)N)C(O)=O)[C@H]2N(CCC2)C(=O)[C@@H](N)C	"InChI=1S/C21H36N8O6/c1-12(22)19(33)29-10-4-6-14(29)17(31)26-11-16(30)28-9-3-7-15(28)18(32)27-13(20(34)35)5-2-8-25-21(23)24/h12-15H,2-11,22H2,1H3,(H,26,31)(H,27,32)(H,34,35)(H4,23,24,25)/t12-,13-,14-,15-/m0/s1"	APGPR Enterostatin	477.260983		M-H2O-H	1	9.34125	NCBITAXON:http://purl.bioontology.org/ontology/NCBITAXON/9606	Homo sapiens	HMDB		MSI:2		Progenesis	39.1																																																																																																																					
CHEBI:35465	C16H30O2	CCCCCCCC\C=C/CCCCCC(O)=O	"InChI=1S/C16H30O2/c1-2-3-4-5-6-7-8-9-10-11-12-13-14-15-16(17)18/h9-10H,2-8,11-15H2,1H3,(H,17,18)/b10-9-"	Hypogeic acid	275.2003633		M+Na-2H	1	9.980816667	NCBITAXON:http://purl.bioontology.org/ontology/NCBITAXON/9606	Homo sapiens	HMDB		MSI:2		Progenesis	39.7																																																																																																																					
CHEBI:89991	C18H30O6	O[C@@H](CCCCC)/C=C/[C@H]1OC(O)C[C@H](O)[C@@H]1C/C=C\CC(O)=O	"InChI=1S/C18H30O6/c1-2-3-4-7-13(19)10-11-16-14(8-5-6-9-17(21)22)15(20)12-18(23)24-16/h5-6,10-11,13-16,18-20,23H,2-4,7-9,12H2,1H3,(H,21,22)/b6-5-,11-10+/t13-,14-,15-,16+,18?/m0/s1"	"2,3-Dinor-TXB2"	323.1852876		M-H2O-H	1	7.725566667	NCBITAXON:http://purl.bioontology.org/ontology/NCBITAXON/9606	Homo sapiens	HMDB		MSI:2		Progenesis	39.6																																																																																																																					
CHEBI:88591	C13H16O3	CC/C(=C(/CCOC(C1=CC=CC=C1O)=O)\[H])/[H]	"InChI=1S/C13H16O3/c1-2-3-4-7-10-16-13(15)11-8-5-6-9-12(11)14/h3-6,8-9,14H,2,7,10H2,1H3/b4-3+"	3-Hexenyl salicylic acid	219.1017109		"M-H, M+FA-H"	1	7.114916667	NCBITAXON:http://purl.bioontology.org/ontology/NCBITAXON/9606	Homo sapiens	HMDB		MSI:2		Progenesis	39.6																																																																																																																					
CHEBI:72959	C34H67NO3	[C@@H]([C@@H](/C=C/CCCCCCCCCCCCC)O)(CO)NC(=O)CCCCCCCCCCCCCCC	"InChI=1S/C34H67NO3/c1-3-5-7-9-11-13-15-17-19-21-23-25-27-29-33(37)32(31-36)35-34(38)30-28-26-24-22-20-18-16-14-12-10-8-6-4-2/h27,29,32-33,36-37H,3-26,28,30-31H2,1-2H3,(H,35,38)/b29-27+/t32-,33+/m0/s1"	N-Palmitoylsphingosine	582.5075137		M+FA-H	1	9.323783333	NCBITAXON:http://purl.bioontology.org/ontology/NCBITAXON/9606	Homo sapiens	HMDB		MSI:2		Progenesis	34.6																																																																																																																					
CHEBI:89823	C40H74NO10P	[H][C@](COP(OC[C@@](COC(CCCCCCCCCCCCCCC)=O)(OC(CCCCCCC/C=C\C/C=C\CCCCC)=O)[H])(=O)O)(C(O)=O)N	"InChI=1S/C40H74NO10P/c1-3-5-7-9-11-13-15-17-18-20-22-24-26-28-30-32-39(43)51-36(34-49-52(46,47)50-35-37(41)40(44)45)33-48-38(42)31-29-27-25-23-21-19-16-14-12-10-8-6-4-2/h11,13,17-18,36-37H,3-10,12,14-16,19-35,41H2,1-2H3,(H,44,45)(H,46,47)/b13-11-,18-17-/t36-,37+/m1/s1"	"PS(16:0/18:2(9Z,12Z))"	804.5026748		M+FA-H	1	8.382333333	NCBITAXON:http://purl.bioontology.org/ontology/NCBITAXON/9606	Homo sapiens	HMDB		MSI:2		Progenesis	36.1																																																																																																																					
CHEBI:72747	C27H44NO7P	[H][C@@](O)(COC(=O)CC\C=C/C\C=C/C\C=C/C\C=C/C\C=C/C\C=C/CC)COP(O)(=O)OCCN	"InChI=1S/C27H44NO7P/c1-2-3-4-5-6-7-8-9-10-11-12-13-14-15-16-17-18-19-20-21-27(30)33-24-26(29)25-35-36(31,32)34-23-22-28/h3-4,6-7,9-10,12-13,15-16,18-19,26,29H,2,5,8,11,14,17,20-25,28H2,1H3,(H,31,32)/b4-3-,7-6-,10-9-,13-12-,16-15-,19-18-/t26-/m1/s1"	"LysoPE(22:6(4Z,7Z,10Z,13Z,16Z,19Z)/0:0)"	524.2790741		M-H	1	7.789266667	NCBITAXON:http://purl.bioontology.org/ontology/NCBITAXON/9606	Homo sapiens	HMDB		MSI:2		Progenesis	40.4																																																																																																																					
CHEBI:73004	C21H44NO7P	[C@@H](COC(=O)CCCCCCCCCCCCCCC)(COP(OCC[NH3+])(=O)[O-])O	"InChI=1S/C21H44NO7P/c1-2-3-4-5-6-7-8-9-10-11-12-13-14-15-21(24)27-18-20(23)19-29-30(25,26)28-17-16-22/h20,23H,2-19,22H2,1H3,(H,25,26)/t20-/m1/s1"	LysoPE(16:0/0:0)	452.2798583		M-H	1	9.2426	NCBITAXON:http://purl.bioontology.org/ontology/NCBITAXON/9606	Homo sapiens	HMDB		MSI:2		Progenesis	40.3																																																																																																																					
CHEBI:16450	C9H12N2O5	OC[C@H]1O[C@H](C[C@@H]1O)n1ccc(=O)[nH]c1=O	"InChI=1S/C9H12N2O5/c12-4-6-5(13)3-8(16-6)11-2-1-7(14)10-9(11)15/h1-2,5-6,8,12-13H,3-4H2,(H,10,14,15)/t5-,6+,8+/m0/s1"	Deoxyuridine	273.0733895		M+FA-H	1	1.046766667	NCBITAXON:http://purl.bioontology.org/ontology/NCBITAXON/9606	Homo sapiens	HMDB		MSI:2		Progenesis	40.5																																																																																																																					
CHEBI:89606	C18H30O4	C(CC1C(/C=C/C(CCCCCCCC(O)=O)=O)O1)CCC	"InChI=1S/C18H30O4/c1-2-3-7-11-16-17(22-16)14-13-15(19)10-8-5-4-6-9-12-18(20)21/h13-14,16-17H,2-12H2,1H3,(H,20,21)/b14-13+"	12(13)Ep-9-KODE	619.4228187		2M-H	1	8.986666667	NCBITAXON:http://purl.bioontology.org/ontology/NCBITAXON/9606	Homo sapiens	HMDB		MSI:2		Progenesis	37.3																																																																																																																					
CHEBI:83058	C23H44NO7P	O(C(=O)CCCCCCC/C=C\C/C=C\CCCCC)C[C@H](COP(OCCN)(=O)O)O	"InChI=1S/C23H44NO7P/c1-2-3-4-5-6-7-8-9-10-11-12-13-14-15-16-17-23(26)29-20-22(25)21-31-32(27,28)30-19-18-24/h6-7,9-10,22,25H,2-5,8,11-21,24H2,1H3,(H,27,28)/b7-6-,10-9-/t22-/m1/s1"	"LysoPE(18:2(9Z,12Z)/0:0)"	476.2802435		"M-H, 2M-H"	1	7.9116	NCBITAXON:http://purl.bioontology.org/ontology/NCBITAXON/9606	Homo sapiens	HMDB		MSI:2		Progenesis	40.1																																																																																																																					
CHEBI:64489	C22H46NO7P	C(C[N+](C)(C)C)OP(=O)([O-])OC[C@](COC(=O)CCCCCCCCCCCCC)([H])O	"InChI=1S/C22H46NO7P/c1-5-6-7-8-9-10-11-12-13-14-15-16-22(25)28-19-21(24)20-30-31(26,27)29-18-17-23(2,3)4/h21,24H,5-20H2,1-4H3/t21-/m1/s1"	LysoPC(14:0/0:0)	466.293817		M-H	1	7.789266667	NCBITAXON:http://purl.bioontology.org/ontology/NCBITAXON/9606	Homo sapiens	HMDB		MSI:2		Progenesis	39.8																																																																																																																					
CHEBI:75036	C23H48NO7P	CCCCCCCCCCCCCCCCCC(=O)OC[C@@H](O)COP([O-])(=O)OCC[NH3+]	"InChI=1S/C23H48NO7P/c1-2-3-4-5-6-7-8-9-10-11-12-13-14-15-16-17-23(26)29-20-22(25)21-31-32(27,28)30-19-18-24/h22,25H,2-21,24H2,1H3,(H,27,28)/t22-/m1/s1"	LysoPE(18:0/0:0)	480.3136825		M-H	1	8.3299	NCBITAXON:http://purl.bioontology.org/ontology/NCBITAXON/9606	Homo sapiens	HMDB		MSI:2		Progenesis	37.6																																																																																																																					
CHEBI:34494	C18H32O3	CCCCC\C=C/CC1OC1CCCCCCCC(O)=O	"InChI=1S/C18H32O3/c1-2-3-4-5-7-10-13-16-17(21-16)14-11-8-6-9-12-15-18(19)20/h7,10,16-17H,2-6,8-9,11-15H2,1H3,(H,19,20)/b10-7-"	"9,10-Epoxyoctadecenoic acid"	295.2275777		"M-H2O-H, M-H"	1	8.701983333	NCBITAXON:http://purl.bioontology.org/ontology/NCBITAXON/9606	Homo sapiens	HMDB		MSI:2		Progenesis	39.8																																																																																																																					
CHEBI:131690	C25H52NO7P	C(CN)OP(=O)(O)OC[C@H](O)COC(CCCCCCCCCCCCCCCCCCC)=O	"InChI=1S/C25H52NO7P/c1-2-3-4-5-6-7-8-9-10-11-12-13-14-15-16-17-18-19-25(28)31-22-24(27)23-33-34(29,30)32-21-20-26/h24,27H,2-23,26H2,1H3,(H,29,30)/t24-/m1/s1"	LysoPE(20:0/0:0)	530.322362		M+Na-2H	1	8.196283333	NCBITAXON:http://purl.bioontology.org/ontology/NCBITAXON/9606	Homo sapiens	HMDB		MSI:2		Progenesis	38.5																																																																																																																					
CHEBI:89606	C18H30O4	C(CC1C(/C=C/C(CCCCCCCC(O)=O)=O)O1)CCC	"InChI=1S/C18H30O4/c1-2-3-7-11-16-17(22-16)14-13-15(19)10-8-5-4-6-9-12-18(20)21/h13-14,16-17H,2-12H2,1H3,(H,20,21)/b14-13+"	12(13)Ep-9-KODE	309.206188		M-H	1	8.062683333	NCBITAXON:http://purl.bioontology.org/ontology/NCBITAXON/9606	Homo sapiens	HMDB		MSI:2		Progenesis	38.6																																																																																																																					
CHEBI:73004	C21H44NO7P	[C@@H](COC(=O)CCCCCCCCCCCCCCC)(COP(OCC[NH3+])(=O)[O-])O	"InChI=1S/C21H44NO7P/c1-2-3-4-5-6-7-8-9-10-11-12-13-14-15-21(24)27-18-20(23)19-29-30(25,26)28-17-16-22/h20,23H,2-19,22H2,1H3,(H,25,26)/t20-/m1/s1"	LysoPE(16:0/0:0)	452.278901		M-H	1	7.283466667	NCBITAXON:http://purl.bioontology.org/ontology/NCBITAXON/9606	Homo sapiens	HMDB		MSI:2		Progenesis	39.7																																																																																																																					
CHEBI:17276	C15H14O5	Oc1ccc(CCC(=O)c2c(O)cc(O)cc2O)cc1	"InChI=1S/C15H14O5/c16-10-4-1-9(2-5-10)3-6-12(18)15-13(19)7-11(17)8-14(15)20/h1-2,4-5,7-8,16-17,19-20H,3,6H2"	Phloretin	273.0795041		M-H	1	4.825033333	NCBITAXON:http://purl.bioontology.org/ontology/NCBITAXON/9606	Homo sapiens	HMDB		MSI:2		Progenesis	37.3																																																																																																																					
CHEBI:145258	C23H42NO7P	C([C@@](CO)(OC(CCCC/C=C\C/C=C\C/C=C\CCCCC)=O)[H])OP(=O)(O)OCCN	"InChI=1S/C23H42NO7P/c1-2-3-4-5-6-7-8-9-10-11-12-13-14-15-16-17-23(26)31-22(20-25)21-30-32(27,28)29-19-18-24/h6-7,9-10,12-13,22,25H,2-5,8,11,14-21,24H2,1H3,(H,27,28)/b7-6-,10-9-,13-12-/t22-/m1/s1"	"LysoPE(0:0/18:3(6Z,9Z,12Z))"	520.2645776		"M+Na-2H, M+FA-H"	1	8.71945	NCBITAXON:http://purl.bioontology.org/ontology/NCBITAXON/9606	Homo sapiens	HMDB		MSI:2		Progenesis	36																																																																																																																					
CHEBI:145284	C25H48NO7P	[C@](COC(=O)CCCCCCCCC/C=C\C/C=C\CCCCC)(O)([H])COP(OCCN)(O)=O	"InChI=1S/C25H48NO7P/c1-2-3-4-5-6-7-8-9-10-11-12-13-14-15-16-17-18-19-25(28)31-22-24(27)23-33-34(29,30)32-21-20-26/h6-7,9-10,24,27H,2-5,8,11-23,26H2,1H3,(H,29,30)/b7-6-,10-9-/t24-/m1/s1"	"LysoPE(20:2(11Z,14Z)/0:0)"	526.2939699		M+Na-2H	1	8.196283333	NCBITAXON:http://purl.bioontology.org/ontology/NCBITAXON/9606	Homo sapiens	HMDB		MSI:2		Progenesis	38.1																																																																																																																					
CHEBI:90032	C40H74NO10P	[H][C@](COP(OC[C@@](COC(CCCCCCC/C=C\CCCCCC)=O)(OC(CCCCCCC/C=C\CCCCCCCC)=O)[H])(=O)O)(C(O)=O)N	"InChI=1S/C40H74NO10P/c1-3-5-7-9-11-13-15-17-18-20-22-24-26-28-30-32-39(43)51-36(34-49-52(46,47)50-35-37(41)40(44)45)33-48-38(42)31-29-27-25-23-21-19-16-14-12-10-8-6-4-2/h14,16-18,36-37H,3-13,15,19-35,41H2,1-2H3,(H,44,45)(H,46,47)/b16-14-,18-17-/t36-,37+/m1/s1"	PS(16:1(9Z)/18:1(9Z))	804.5026862		M+FA-H	1	8.126383333	NCBITAXON:http://purl.bioontology.org/ontology/NCBITAXON/9606	Homo sapiens	HMDB		MSI:2		Progenesis	35.9																																																																																																																					
CHEBI:145284	C25H48NO7P	[C@](COC(=O)CCCCCCCCC/C=C\C/C=C\CCCCC)(O)([H])COP(OCCN)(O)=O	"InChI=1S/C25H48NO7P/c1-2-3-4-5-6-7-8-9-10-11-12-13-14-15-16-17-18-19-25(28)31-22-24(27)23-33-34(29,30)32-21-20-26/h6-7,9-10,24,27H,2-5,8,11-23,26H2,1H3,(H,29,30)/b7-6-,10-9-/t24-/m1/s1"	"LysoPE(20:2(11Z,14Z)/0:0)"	504.3106942		"M-H, M+Na-2H"	1	7.789266667	NCBITAXON:http://purl.bioontology.org/ontology/NCBITAXON/9606	Homo sapiens	HMDB		MSI:2		Progenesis	38.9																																																																																																																					
CHEBI:89213	C21H28O6	C1(=O)CC[C@@]2([C@]3([C@H](C[C@@]4([C@@](CC[C@]4([C@@]3(CCC2=C1)[H])[H])(C(=O)CO)O)C=O)O)[H])C	"InChI=1S/C21H28O6/c1-19-6-4-13(24)8-12(19)2-3-14-15-5-7-21(27,17(26)10-22)20(15,11-23)9-16(25)18(14)19/h8,11,14-16,18,22,25,27H,2-7,9-10H2,1H3/t14-,15-,16-,18+,19-,20+,21+/m0/s1"	18-Oxocortisol	375.1826204		M-H	1	0.541083333	NCBITAXON:http://purl.bioontology.org/ontology/NCBITAXON/9606	Homo sapiens	HMDB		MSI:2		Progenesis	35																																																																																																																					
CHEBI:145278	C23H46NO7P	C([C@@](COC(CCCCCCCCC/C=C\CCCCCC)=O)(O)[H])OP(=O)(O)OCCN	"InChI=1S/C23H46NO7P/c1-2-3-4-5-6-7-8-9-10-11-12-13-14-15-16-17-23(26)29-20-22(25)21-31-32(27,28)30-19-18-24/h7-8,22,25H,2-6,9-21,24H2,1H3,(H,27,28)/b8-7-/t22-/m1/s1"	LysoPE(18:1(11Z)/0:0)	478.2960128		M-H	1	8.603333333	NCBITAXON:http://purl.bioontology.org/ontology/NCBITAXON/9606	Homo sapiens	HMDB		MSI:2		Progenesis	38.1																																																																																																																					
CHEBI:27373	C9H19NO4	CC(C)(CO)[C@@H](O)C(=O)NCCCO	"InChI=1S/C9H19NO4/c1-9(2,6-12)7(13)8(14)10-4-3-5-11/h7,11-13H,3-6H2,1-2H3,(H,10,14)/t7-/m0/s1"	Pantothenol	226.1073919		M+Na-2H	1	3.71505	NCBITAXON:http://purl.bioontology.org/ontology/NCBITAXON/9606	Homo sapiens	HMDB		MSI:2		Progenesis	38.1																																																																																																																					
CHEBI:72665	C18H34O4	CCCCCC(O)C(O)C\C=C/CCCCCCCC(O)=O	"InChI=1S/C18H34O4/c1-2-3-10-13-16(19)17(20)14-11-8-6-4-5-7-9-12-15-18(21)22/h8,11,16-17,19-20H,2-7,9-10,12-15H2,1H3,(H,21,22)/b11-8-"	"12,13-DHOME"	335.2194097		M+Na-2H	1	11.04458333	NCBITAXON:http://purl.bioontology.org/ontology/NCBITAXON/9606	Homo sapiens	HMDB		MSI:2		Progenesis	37.2																																																																																																																					
CHEBI:145284	C25H48NO7P	[C@](COC(=O)CCCCCCCCC/C=C\C/C=C\CCCCC)(O)([H])COP(OCCN)(O)=O	"InChI=1S/C25H48NO7P/c1-2-3-4-5-6-7-8-9-10-11-12-13-14-15-16-17-18-19-25(28)31-22-24(27)23-33-34(29,30)32-21-20-26/h6-7,9-10,24,27H,2-5,8,11-23,26H2,1H3,(H,29,30)/b7-6-,10-9-/t24-/m1/s1"	"LysoPE(20:2(11Z,14Z)/0:0)"	504.3124273		M-H	1	7.9753	NCBITAXON:http://purl.bioontology.org/ontology/NCBITAXON/9606	Homo sapiens	HMDB		MSI:2		Progenesis	38.3																																																																																																																					
CHEBI:88906	C40H74NO8P	C([C@@](COC(CCCCCCC/C=C\CCCC)=O)(OC(CCCCCCC/C=C\C/C=C\CCCCC)=O)[H])OP([O-])(=O)OCC[N+](C)(C)C	"InChI=1S/C40H74NO8P/c1-6-8-10-12-14-16-18-19-20-21-23-25-27-29-31-33-40(43)49-38(37-48-50(44,45)47-35-34-41(3,4)5)36-46-39(42)32-30-28-26-24-22-17-15-13-11-9-7-2/h13-16,19-20,38H,6-12,17-18,21-37H2,1-5H3/b15-13-,16-14-,20-19-/t38-/m1/s1"	"PC(14:1(9Z)/18:2(9Z,12Z))"	772.5132179		M+FA-H	1	8.364866667	NCBITAXON:http://purl.bioontology.org/ontology/NCBITAXON/9606	Homo sapiens	HMDB		MSI:2		Progenesis	37.7																																																																																																																					
CHEBI:30817	C6H6N2O2	C(\C=1N=CNC1)=C/C(=O)O	"InChI=1S/C6H6N2O2/c9-6(10)2-1-5-3-7-4-8-5/h1-4H,(H,7,8)(H,9,10)/b2-1+"	Trans-urocanate	174.9917868		M+K-2H	1	0.541083333	NCBITAXON:http://purl.bioontology.org/ontology/NCBITAXON/9606	Homo sapiens	HMDB		MSI:3		Progenesis	38.8																																																																																																																					
CHEBI:28666	C25H40N2O6S	CCCCC\C=C/C\C=C/C=C/C=C/[C@@H](SC[C@H](N)C(=O)NCC(O)=O)[C@@H](O)CCCC(O)=O	"InChI=1S/C25H40N2O6S/c1-2-3-4-5-6-7-8-9-10-11-12-13-16-22(21(28)15-14-17-23(29)30)34-19-20(26)25(33)27-18-24(31)32/h6-7,9-13,16,20-22,28H,2-5,8,14-15,17-19,26H2,1H3,(H,27,33)(H,29,30)(H,31,32)/b7-6-,10-9-,12-11+,16-13+/t20-,21-,22+/m0/s1"	Leukotriene D4	533.209204		M+K-2H	1	0.541083333	NCBITAXON:http://purl.bioontology.org/ontology/NCBITAXON/9606	Homo sapiens	HMDB		MSI:3		Progenesis	34.1																																																																																																																					
CHEBI:70744	C7H12N2O3	NCC(=O)N1CCC[C@H]1C(O)=O	"InChI=1S/C7H12N2O3/c8-4-6(10)9-3-1-2-5(9)7(11)12/h5H,1-4,8H2,(H,11,12)/t5-/m0/s1"	Glycylproline	217.0821141		M+FA-H	1	0.558566667	NCBITAXON:http://purl.bioontology.org/ontology/NCBITAXON/9606	Homo sapiens	HMDB		MSI:3		Progenesis	37.3																																																																																																																					
CHEBI:30813	C10H20O2	C(CCCCCC)CCC(=O)O	"InChI=1S/C10H20O2/c1-2-3-4-5-6-7-8-9-10(11)12/h2-9H2,1H3,(H,11,12)"	Capric acid	217.1450009		M+FA-H	1	0.558566667	NCBITAXON:http://purl.bioontology.org/ontology/NCBITAXON/9606	Homo sapiens	HMDB		MSI:3		Progenesis	37.2																																																																																																																					
CHEBI:64349	C7H16N2O2	CNCCCCC(N)C(O)=O	"InChI=1S/C7H16N2O2/c1-9-5-3-2-4-6(8)7(10)11/h6,9H,2-5,8H2,1H3,(H,10,11)"	N(6)-Methyllysine	159.1132392		M-H	1	0.576033333	NCBITAXON:http://purl.bioontology.org/ontology/NCBITAXON/9606	Homo sapiens	HMDB		MSI:3		Progenesis	38.3																																																																																																																					
CHEBI:73685	C7H12N2O4	CC(=O)NC(CCC(N)=O)C(O)=O	"InChI=1S/C7H12N2O4/c1-4(10)9-5(7(12)13)2-3-6(8)11/h5H,2-3H2,1H3,(H2,8,11)(H,9,10)(H,12,13)"	N-Acetylglutamine	187.0724552		M-H	1	0.576033333	NCBITAXON:http://purl.bioontology.org/ontology/NCBITAXON/9606	Homo sapiens	HMDB		MSI:3		Progenesis	38.9																																																																																																																					
CHEBI:32159	C12H19Cl3O8	OC[C@H]1O[C@H](O[C@]2(CCl)O[C@H](CCl)[C@@H](O)[C@@H]2O)[C@H](O)[C@@H](O)[C@H]1Cl	"InChI=1S/C12H19Cl3O8/c13-1-4-7(17)10(20)12(3-14,22-4)23-11-9(19)8(18)6(15)5(2-16)21-11/h4-11,16-20H,1-3H2/t4-,5-,6+,7-,8+,9-,10+,11-,12+/m1/s1"	Sucralose	441.0163726		M+FA-H	1	0.576033333	NCBITAXON:http://purl.bioontology.org/ontology/NCBITAXON/9606	Homo sapiens	HMDB		MSI:3		Progenesis	26.7																																																																																																																					
CHEBI:88681	C12H16O9S	C=1(C=C(C=CC1O)CC(CCC(OCOS(=O)(=O)O)=O)O)O	"InChI=1S/C12H16O9S/c13-9(5-8-1-3-10(14)11(15)6-8)2-4-12(16)20-7-21-22(17,18)19/h1,3,6,9,13-15H,2,4-5,7H2,(H,17,18,19)"	4-Hydroxy-5-(dihydroxyphenyl)-valeric acid-O-methyl-O-sulphate	357.0293777		"M+Na-2H, M-H"	1	0.593516667	NCBITAXON:http://purl.bioontology.org/ontology/NCBITAXON/9606	Homo sapiens	HMDB		MSI:3		Progenesis	35.7																																																																																																																					
CHEBI:6698	C20H22O6	COc1cc(C[C@H]2COC(=O)[C@@H]2Cc2ccc(O)c(OC)c2)ccc1O	"InChI=1S/C20H22O6/c1-24-18-9-12(3-5-16(18)21)7-14-11-26-20(23)15(14)8-13-4-6-17(22)19(10-13)25-2/h3-6,9-10,14-15,21-22H,7-8,11H2,1-2H3/t14-,15+/m0/s1"	Matairesinol	357.1320097		M-H	1	0.611	NCBITAXON:http://purl.bioontology.org/ontology/NCBITAXON/9606	Homo sapiens	HMDB		MSI:3		Progenesis	34.4																																																																																																																					
CHEBI:65327	C10H15O5			D-Xylose	195.0506298		M+FA-H	1	0.6809	NCBITAXON:http://purl.bioontology.org/ontology/NCBITAXON/9606	Homo sapiens	HMDB		MSI:3		Progenesis	38.8																																																																																																																					
CHEBI:36219	C12H22O11	OC[C@H]1O[C@@H](O[C@@H]2[C@@H](CO)O[C@H](O)[C@H](O)[C@H]2O)[C@H](O)[C@@H](O)[C@H]1O	"InChI=1S/C12H22O11/c13-1-3-5(15)6(16)9(19)12(22-3)23-10-4(2-14)21-11(20)8(18)7(10)17/h3-20H,1-2H2/t3-,4-,5+,6+,7-,8-,9-,10-,11+,12+/m1/s1"	Alpha-Lactose	377.0848457		M+Cl	1	0.70965	NCBITAXON:http://purl.bioontology.org/ontology/NCBITAXON/9606	Homo sapiens	HMDB		MSI:3		Progenesis	37.8																																																																																																																					
CHEBI:74060	C11H18N4O3	CC(C)[C@H](NC(=O)[C@@H](N)Cc1c[nH]cn1)C(O)=O	"InChI=1S/C11H18N4O3/c1-6(2)9(11(17)18)15-10(16)8(12)3-7-4-13-5-14-7/h4-6,8-9H,3,12H2,1-2H3,(H,13,14)(H,15,16)(H,17,18)/t8-,9-/m0/s1"	Histidinyl-Valine	291.0854829		M+K-2H	1	0.727116667	NCBITAXON:http://purl.bioontology.org/ontology/NCBITAXON/9606	Homo sapiens	HMDB		MSI:3		Progenesis	38.4																																																																																																																					
CHEBI:17368	C5H4N4O	O=c1[nH]cnc2nc[nH]c12	"InChI=1S/C5H4N4O/c10-5-3-4(7-1-6-3)8-2-9-5/h1-2H,(H2,6,7,8,9,10)"	Hypoxanthine	135.0307241		M-H	1	0.895683333	NCBITAXON:http://purl.bioontology.org/ontology/NCBITAXON/9606	Homo sapiens	HMDB		MSI:3		Progenesis	38.5																																																																																																																					
CHEBI:27226	C5H4N4O3			Uric acid	167.0212784		M-H	1	0.895683333	NCBITAXON:http://purl.bioontology.org/ontology/NCBITAXON/9606	Homo sapiens	HMDB		MSI:3		Progenesis	39.5																																																																																																																					
CHEBI:30915	C5H6O5	OC(=O)CCC(=O)C(O)=O	"InChI=1S/C5H6O5/c6-3(5(9)10)1-2-4(7)8/h1-2H2,(H,7,8)(H,9,10)"	Oxoglutaric acid	191.019693		M+FA-H	1	0.895683333	NCBITAXON:http://purl.bioontology.org/ontology/NCBITAXON/9606	Homo sapiens	HMDB		MSI:3		Progenesis	39.5																																																																																																																					
CHEBI:88744	C14H15NO8	C1=C(C(=CC=2NC=CC12)O[C@@H]3[C@H]([C@@H]([C@H]([C@@H](O3)C(O)=O)O)O)O)O	"InChI=1S/C14H15NO8/c16-7-3-5-1-2-15-6(5)4-8(7)22-14-11(19)9(17)10(18)12(23-14)13(20)21/h1-4,9-12,14-19H,(H,20,21)/t9-,10-,11+,12-,14+/m1/s1"	Dihyroxy-1H-indole glucuronide I	362.0497539		"M+Na-2H, M+K-2H"	1	0.91315	NCBITAXON:http://purl.bioontology.org/ontology/NCBITAXON/9606	Homo sapiens	HMDB		MSI:3		Progenesis	36.5																																																																																																																					
CHEBI:16795	C9H11NO3	C([C@@H](N)[C@@H](O)C=1C=CC=CC1)(=O)O	"InChI=1S/C9H11NO3/c10-7(9(12)13)8(11)6-4-2-1-3-5-6/h1-5,7-8,11H,10H2,(H,12,13)/t7-,8-/m0/s1"	L-Threo-3-Phenylserine	180.0666888		M-H	1	0.9481	NCBITAXON:http://purl.bioontology.org/ontology/NCBITAXON/9606	Homo sapiens	HMDB		MSI:3		Progenesis	39.2																																																																																																																					
CHEBI:64349	C7H16N2O2	CNCCCCC(N)C(O)=O	"InChI=1S/C7H16N2O2/c1-9-5-3-2-4-6(8)7(10)11/h6,9H,2-5,8H2,1H3,(H,10,11)"	N(6)-Methyllysine	159.1133493		M-H	1	1.046766667	NCBITAXON:http://purl.bioontology.org/ontology/NCBITAXON/9606	Homo sapiens	HMDB		MSI:3		Progenesis	38.4																																																																																																																					
CHEBI:23673	C7H14N2O4	NC(CCCC(N)C(O)=O)C(O)=O	"InChI=1S/C7H14N2O4/c8-4(6(10)11)2-1-3-5(9)7(12)13/h4-5H,1-3,8-9H2,(H,10,11)(H,12,13)"	Diaminopimelic acid	171.0760756		M-H2O-H	1	1.046766667	NCBITAXON:http://purl.bioontology.org/ontology/NCBITAXON/9606	Homo sapiens	HMDB		MSI:3		Progenesis	36.7																																																																																																																					
CHEBI:73685	C7H12N2O4	CC(=O)NC(CCC(N)=O)C(O)=O	"InChI=1S/C7H12N2O4/c1-4(10)9-5(7(12)13)2-3-6(8)11/h5H,2-3H2,1H3,(H2,8,11)(H,9,10)(H,12,13)"	N-Acetylglutamine	187.0717353		M-H	1	1.046766667	NCBITAXON:http://purl.bioontology.org/ontology/NCBITAXON/9606	Homo sapiens	HMDB		MSI:3		Progenesis	37.9																																																																																																																					
CHEBI:28621	C6H15NO3	OCCN(CCO)CCO	"InChI=1S/C6H15NO3/c8-4-1-7(2-5-9)3-6-10/h8-10H,1-6H2"	Triethanolamine	130.0870731		M-H2O-H	1	1.099183333	NCBITAXON:http://purl.bioontology.org/ontology/NCBITAXON/9606	Homo sapiens	HMDB		MSI:3		Progenesis	38.1																																																																																																																					
CHEBI:28803	C8H12NO6P	Cc1ncc(COP(O)(O)=O)c(CO)c1O	"InChI=1S/C8H12NO6P/c1-5-8(11)7(3-10)6(2-9-5)4-15-16(12,13)14/h2,10-11H,3-4H2,1H3,(H2,12,13,14)"	Pyridoxine 5'-phosphate	285.9887419		M+K-2H	1	1.169083333	NCBITAXON:http://purl.bioontology.org/ontology/NCBITAXON/9606	Homo sapiens	HMDB		MSI:3		Progenesis	39.6																																																																																																																					
CHEBI:27226	C5H4N4O3			Uric acid	167.0203227		M-H	1	1.320166667	NCBITAXON:http://purl.bioontology.org/ontology/NCBITAXON/9606	Homo sapiens	HMDB		MSI:3		Progenesis	38.5																																																																																																																					
CHEBI:28621	C6H15NO3	OCCN(CCO)CCO	"InChI=1S/C6H15NO3/c8-4-1-7(2-5-9)3-6-10/h8-10H,1-6H2"	Triethanolamine	130.0867145		M-H2O-H	1	1.5699	NCBITAXON:http://purl.bioontology.org/ontology/NCBITAXON/9606	Homo sapiens	HMDB		MSI:3		Progenesis	38.7																																																																																																																					
CHEBI:89713	C12H24	C=CCCCCCCCCCC	"InChI=1S/C12H24/c1-3-5-7-9-11-12-10-8-6-4-2/h3H,1,4-12H2,2H3"	1-Dodecene	213.185151		M+FA-H	1	10.03325	NCBITAXON:http://purl.bioontology.org/ontology/NCBITAXON/9606	Homo sapiens	HMDB		MSI:3		Progenesis	37.8																																																																																																																					
CHEBI:17302	C15H30O	[H]C(=O)CCCCCCCCCCCCCC	"InChI=1S/C15H30O/c1-2-3-4-5-6-7-8-9-10-11-12-13-14-15-16/h15H,2-14H2,1H3"	Pentadecanal	271.2270021		M+FA-H	1	10.05071667	NCBITAXON:http://purl.bioontology.org/ontology/NCBITAXON/9606	Homo sapiens	HMDB		MSI:3		Progenesis	37																																																																																																																					
CHEBI:4676	C12H22O4	OC(=O)CCCCCCCCCCC(O)=O	"InChI=1S/C12H22O4/c13-11(14)9-7-5-3-1-2-4-6-8-10-12(15)16/h1-10H2,(H,13,14)(H,15,16)"	Dodecanedioic acid	275.1639099		"M-H2O-H, M+FA-H"	1	10.08566667	NCBITAXON:http://purl.bioontology.org/ontology/NCBITAXON/9606	Homo sapiens	HMDB		MSI:3		Progenesis	37.5																																																																																																																					
CHEBI:64032	C20H37NO2	CCCCC\C=C/C\C=C/CCCCCCCC(=O)NCCO	"InChI=1S/C20H37NO2/c1-2-3-4-5-6-7-8-9-10-11-12-13-14-15-16-17-20(23)21-18-19-22/h6-7,9-10,22H,2-5,8,11-19H2,1H3,(H,21,23)/b7-6-,10-9-"	Linoleoyl ethanolamide	368.279712		M+FA-H	1	10.12061667	NCBITAXON:http://purl.bioontology.org/ontology/NCBITAXON/9606	Homo sapiens	HMDB		MSI:3		Progenesis	36.8																																																																																																																					
CHEBI:131690	C25H52NO7P	C(CN)OP(=O)(O)OC[C@H](O)COC(CCCCCCCCCCCCCCCCCCC)=O	"InChI=1S/C25H52NO7P/c1-2-3-4-5-6-7-8-9-10-11-12-13-14-15-16-17-18-19-25(28)31-22-24(27)23-33-34(29,30)32-21-20-26/h24,27H,2-23,26H2,1H3,(H,29,30)/t24-/m1/s1"	LysoPE(20:0/0:0)	490.3294494		M-H2O-H	1	10.16685	NCBITAXON:http://purl.bioontology.org/ontology/NCBITAXON/9606	Homo sapiens	HMDB		MSI:3		Progenesis	35																																																																																																																					
CHEBI:36259	C26H45NO5S	C[C@H](CCC(=O)NCCS(O)(=O)=O)[C@H]1CC[C@H]2[C@@H]3CC[C@@H]4C[C@H](O)CC[C@]4(C)[C@H]3CC[C@]12C	"InChI=1S/C26H45NO5S/c1-17(4-9-24(29)27-14-15-33(30,31)32)21-7-8-22-20-6-5-18-16-19(28)10-12-25(18,2)23(20)11-13-26(21,22)3/h17-23,28H,4-16H2,1-3H3,(H,27,29)(H,30,31,32)/t17-,18-,19-,20+,21-,22+,23+,25+,26-/m1/s1"	Lithocholyltaurine	504.2719236		M+Na-2H	1	10.16685	NCBITAXON:http://purl.bioontology.org/ontology/NCBITAXON/9606	Homo sapiens	HMDB		MSI:3		Progenesis	35.3																																																																																																																					
CHEBI:61725	C8H14O	[H]C(=O)C([H])=C([H])CCCCC	"InChI=1S/C8H14O/c1-2-3-4-5-6-7-8-9/h6-8H,2-5H2,1H3"	2-Octenal	251.2004121		2M-H	1	10.21928333	NCBITAXON:http://purl.bioontology.org/ontology/NCBITAXON/9606	Homo sapiens	HMDB		MSI:3		Progenesis	38.5																																																																																																																					
CHEBI:74078	C9H18N2O4	CC[C@H](C)[C@H](N)C(=O)N[C@@H](CO)C(O)=O	"InChI=1S/C9H18N2O4/c1-3-5(2)7(10)8(13)11-6(4-12)9(14)15/h5-7,12H,3-4,10H2,1-2H3,(H,11,13)(H,14,15)/t5-,6-,7-/m0/s1"	Isoleucyl-Serine	435.2486		2M-H	1	10.21928333	NCBITAXON:http://purl.bioontology.org/ontology/NCBITAXON/9606	Homo sapiens	HMDB		MSI:3		Progenesis	38.2																																																																																																																					
CHEBI:28842	C18H36O2	C(CCCCCCCCCC)CCCCCCC(=O)O	"InChI=1S/C18H36O2/c1-2-3-4-5-6-7-8-9-10-11-12-13-14-15-16-17-18(19)20/h2-17H2,1H3,(H,19,20)"	Stearic acid	321.2209268		M+K-2H	1	10.23675	NCBITAXON:http://purl.bioontology.org/ontology/NCBITAXON/9606	Homo sapiens	HMDB		MSI:3		Progenesis	37.3																																																																																																																					
				LysoPA(P-16:0e/0:0)	431.1936702		M+K-2H	1	10.37035	NCBITAXON:http://purl.bioontology.org/ontology/NCBITAXON/9606	Homo sapiens	HMDB		MSI:3		Progenesis	34.6																																																																																																																					
CHEBI:72657	C22H34O4	CCC(O)C(O)C\C=C/C\C=C/C\C=C/C\C=C/C\C=C/CCC(O)=O	"InChI=1S/C22H34O4/c1-2-20(23)21(24)18-16-14-12-10-8-6-4-3-5-7-9-11-13-15-17-19-22(25)26/h3-4,7-10,13-16,20-21,23-24H,2,5-6,11-12,17-19H2,1H3,(H,25,26)/b4-3-,9-7-,10-8-,15-13-,16-14-"	"19,20-DiHDPA"	383.2191479		M+Na-2H	1	10.52143333	NCBITAXON:http://purl.bioontology.org/ontology/NCBITAXON/9606	Homo sapiens	HMDB		MSI:3		Progenesis	36.5																																																																																																																					
CHEBI:145242	C21H43O7P	C([C@@](CO)(OC(CCCCCCCCCCCCCCCCC)=O)[H])OP(O)(=O)O	"InChI=1S/C21H43O7P/c1-2-3-4-5-6-7-8-9-10-11-12-13-14-15-16-17-21(23)28-20(18-22)19-27-29(24,25)26/h20,22H,2-19H2,1H3,(H2,24,25,26)/t20-/m1/s1"	LysoPA(0:0/18:0)	483.2719104		M+FA-H	1	10.52143333	NCBITAXON:http://purl.bioontology.org/ontology/NCBITAXON/9606	Homo sapiens	HMDB		MSI:3		Progenesis	37.1																																																																																																																					
CHEBI:17302	C15H30O	[H]C(=O)CCCCCCCCCCCCCC	"InChI=1S/C15H30O/c1-2-3-4-5-6-7-8-9-10-11-12-13-14-15-16/h15H,2-14H2,1H3"	Pentadecanal	271.2278203		"M-H, M+FA-H"	1	10.55638333	NCBITAXON:http://purl.bioontology.org/ontology/NCBITAXON/9606	Homo sapiens	HMDB		MSI:3		Progenesis	37.3																																																																																																																					
CHEBI:61725	C8H14O	[H]C(=O)C([H])=C([H])CCCCC	"InChI=1S/C8H14O/c1-2-3-4-5-6-7-8-9/h6-8H,2-5H2,1H3"	2-Octenal	251.2009945		2M-H	1	10.57386667	NCBITAXON:http://purl.bioontology.org/ontology/NCBITAXON/9606	Homo sapiens	HMDB		MSI:3		Progenesis	38.4																																																																																																																					
LMGP04050009				1-Stearoylglycerophosphoglycerol	533.2871861		M+Na-2H	1	10.59133333	NCBITAXON:http://purl.bioontology.org/ontology/NCBITAXON/9606	Homo sapiens	HMDB		MSI:3		Progenesis	36.9																																																																																																																					
CHEBI:77514	C17H28	CCCCCC(CCCCC)c1ccccc1	"InChI=1S/C17H28/c1-3-5-8-12-16(13-9-6-4-2)17-14-10-7-11-15-17/h7,10-11,14-16H,3-6,8-9,12-13H2,1-2H3"	6-Phenylundecane	277.2175414		M+FA-H	1	10.60881667	NCBITAXON:http://purl.bioontology.org/ontology/NCBITAXON/9606	Homo sapiens	HMDB		MSI:3		Progenesis	39.4																																																																																																																					
CHEBI:88534	C10H18O2	C=CC1(C)CCC(C(C)(C)O)O1	"InChI=1S/C10H18O2/c1-5-10(4)7-6-8(12-10)9(2,3)11/h5,8,11H,1,6-7H2,2-4H3"	Linalyl oxide	339.252434		2M-H	1	10.72495	NCBITAXON:http://purl.bioontology.org/ontology/NCBITAXON/9606	Homo sapiens	HMDB		MSI:3		Progenesis	37.4																																																																																																																					
CHEBI:28082	C27H48O3	[H][C@@]1(CC[C@@]2([H])[C@]3([H])C[C@@H](O)[C@@]4(O)C[C@@H](O)CC[C@]4(C)[C@@]3([H])CC[C@]12C)[C@H](C)CCCC(C)C	"InChI=1S/C27H48O3/c1-17(2)7-6-8-18(3)21-9-10-22-20-15-24(29)27(30)16-19(28)11-14-26(27,5)23(20)12-13-25(21,22)4/h17-24,28-30H,6-16H2,1-5H3/t18-,19+,20+,21-,22+,23+,24-,25-,26-,27+/m1/s1"	"3b,5a,6b-Cholestanetriol"	465.3567772		M+FA-H	1	10.74241667	NCBITAXON:http://purl.bioontology.org/ontology/NCBITAXON/9606	Homo sapiens	HMDB		MSI:3		Progenesis	35.9																																																																																																																					
CHEBI:143095	C18H36O3	OC(=O)CCCCCCCCC(CCCCCCCC)O	"InChI=1S/C18H36O3/c1-2-3-4-5-8-11-14-17(19)15-12-9-6-7-10-13-16-18(20)21/h17,19H,2-16H2,1H3,(H,20,21)"	xi-10-Hydroxyoctadecanoic acid	299.2579292		M-H	1	10.8236	NCBITAXON:http://purl.bioontology.org/ontology/NCBITAXON/9606	Homo sapiens	HMDB		MSI:3		Progenesis	36.2																																																																																																																					
CHEBI:61725	C8H14O	[H]C(=O)C([H])=C([H])CCCCC	"InChI=1S/C8H14O/c1-2-3-4-5-6-7-8-9/h6-8H,2-5H2,1H3"	2-Octenal	171.1018623		M+FA-H	1	10.87603333	NCBITAXON:http://purl.bioontology.org/ontology/NCBITAXON/9606	Homo sapiens	HMDB		MSI:3		Progenesis	37.4																																																																																																																					
CHEBI:18402	C27H46O5	C[C@H](CCCC(C)C(O)=O)[C@H]1CC[C@H]2[C@@H]3[C@H](O)C[C@@H]4C[C@H](O)CC[C@]4(C)[C@H]3C[C@H](O)[C@]12C	"InChI=1S/C27H46O5/c1-15(6-5-7-16(2)25(31)32)19-8-9-20-24-21(14-23(30)27(19,20)4)26(3)11-10-18(28)12-17(26)13-22(24)29/h15-24,28-30H,5-14H2,1-4H3,(H,31,32)/t15-,16?,17+,18-,19-,20+,21+,22-,23+,24+,26+,27-/m1/s1"	Coprocholic acid	449.3261828		M-H	1	10.87603333	NCBITAXON:http://purl.bioontology.org/ontology/NCBITAXON/9606	Homo sapiens	HMDB		MSI:3		Progenesis	37																																																																																																																					
CHEBI:88667	C18H26O3	CCCCC(CC)COC(\C(=C(\C1=CC=C(C=C1)OC)/[H])\[H])=O	"InChI=1S/C18H26O3/c1-4-6-7-15(5-2)14-21-18(19)13-10-16-8-11-17(20-3)12-9-16/h8-13,15H,4-7,14H2,1-3H3/b13-10+"	Octyl 4-methoxycinnamic acid	335.1889538		M+FA-H	1	10.92845	NCBITAXON:http://purl.bioontology.org/ontology/NCBITAXON/9606	Homo sapiens	HMDB		MSI:3		Progenesis	36.2																																																																																																																					
CHEBI:35465	C16H30O2	CCCCCCCC\C=C/CCCCCC(O)=O	"InChI=1S/C16H30O2/c1-2-3-4-5-6-7-8-9-10-11-12-13-14-15-16(17)18/h9-10H,2-8,11-15H2,1H3,(H,17,18)/b10-9-"	Hypogeic acid	253.2179287		M-H	1	11.04458333	NCBITAXON:http://purl.bioontology.org/ontology/NCBITAXON/9606	Homo sapiens	HMDB		MSI:3		Progenesis	38.9																																																																																																																					
CHEBI:145242	C21H43O7P	C([C@@](CO)(OC(CCCCCCCCCCCCCCCCC)=O)[H])OP(O)(=O)O	"InChI=1S/C21H43O7P/c1-2-3-4-5-6-7-8-9-10-11-12-13-14-15-16-17-21(23)28-20(18-22)19-27-29(24,25)26/h20,22H,2-19H2,1H3,(H2,24,25,26)/t20-/m1/s1"	LysoPA(0:0/18:0)	483.2720177		M+FA-H	1	11.06206667	NCBITAXON:http://purl.bioontology.org/ontology/NCBITAXON/9606	Homo sapiens	HMDB		MSI:3		Progenesis	37.5																																																																																																																					
CHEBI:32365	C17H34O2	CCCCCCCCCCCCCCCCC(O)=O	"InChI=1S/C17H34O2/c1-2-3-4-5-6-7-8-9-10-11-12-13-14-15-16-17(18)19/h2-16H2,1H3,(H,18,19)"	Heptadecanoic acid	291.2314336		M+Na-2H	1	11.09701667	NCBITAXON:http://purl.bioontology.org/ontology/NCBITAXON/9606	Homo sapiens	HMDB		MSI:3		Progenesis	37.6																																																																																																																					
CHEBI:44748	C14H30O8	OCCOCCOCCOCCOCCOCCOCCO	"InChI=1S/C14H30O8/c15-1-3-17-5-7-19-9-11-21-13-14-22-12-10-20-8-6-18-4-2-16/h15-16H,1-14H2"	Heptaethylene glycol	325.1863963		M-H	1	11.2481	NCBITAXON:http://purl.bioontology.org/ontology/NCBITAXON/9606	Homo sapiens	HMDB		MSI:3		Progenesis	38.4																																																																																																																					
CHEBI:83051	C19H36O2	CCCCCCCC\C=C/CCCCCCCCC(O)=O	"InChI=1S/C19H36O2/c1-2-3-4-5-6-7-8-9-10-11-12-13-14-15-16-17-18-19(20)21/h9-10H,2-8,11-18H2,1H3,(H,20,21)/b10-9-"	10Z-Nonadecenoic acid	341.269366		M+FA-H	1	11.32943333	NCBITAXON:http://purl.bioontology.org/ontology/NCBITAXON/9606	Homo sapiens	HMDB		MSI:3		Progenesis	38																																																																																																																					
CHEBI:72657	C22H34O4	CCC(O)C(O)C\C=C/C\C=C/C\C=C/C\C=C/C\C=C/CCC(O)=O	"InChI=1S/C22H34O4/c1-2-20(23)21(24)18-16-14-12-10-8-6-4-3-5-7-9-11-13-15-17-19-22(25)26/h3-4,7-10,13-16,20-21,23-24H,2,5-6,11-12,17-19H2,1H3,(H,25,26)/b4-3-,9-7-,10-8-,15-13-,16-14-"	"19,20-DiHDPA"	361.2353736		M-H	1	11.39933333	NCBITAXON:http://purl.bioontology.org/ontology/NCBITAXON/9606	Homo sapiens	HMDB		MSI:3		Progenesis	34																																																																																																																					
CHEBI:26119	C40H64	[H]C(=CC=C(C)CCC=C(C)CCC=C(C)CCC=C(C)C)C=C(C)CCC=C(C)CCC=C(C)CCC=C(C)C	"InChI=1S/C40H64/c1-33(2)19-13-23-37(7)27-17-31-39(9)29-15-25-35(5)21-11-12-22-36(6)26-16-30-40(10)32-18-28-38(8)24-14-20-34(3)4/h11-12,19-22,27-30H,13-18,23-26,31-32H2,1-10H3"	Phytoene	581.4543087		M+K-2H	1	11.39933333	NCBITAXON:http://purl.bioontology.org/ontology/NCBITAXON/9606	Homo sapiens	HMDB		MSI:3		Progenesis	35																																																																																																																					
CHEBI:89715	C14H28	C1CCCCCCCCCCCCC1	InChI=1S/C14H28/c1-2-4-6-8-10-12-14-13-11-9-7-5-3-1/h1-14H2	Cyclotetradecane	241.2173463		M+FA-H	1	11.43428333	NCBITAXON:http://purl.bioontology.org/ontology/NCBITAXON/9606	Homo sapiens	HMDB		MSI:3		Progenesis	39.3																																																																																																																					
CHEBI:143095	C18H36O3	OC(=O)CCCCCCCCC(CCCCCCCC)O	"InChI=1S/C18H36O3/c1-2-3-4-5-8-11-14-17(19)15-12-9-6-7-10-13-16-18(20)21/h17,19H,2-16H2,1H3,(H,20,21)"	xi-10-Hydroxyoctadecanoic acid	299.2583624		M-H	1	11.45175	NCBITAXON:http://purl.bioontology.org/ontology/NCBITAXON/9606	Homo sapiens	HMDB		MSI:3		Progenesis	36.7																																																																																																																					
CHEBI:65136	C22H34O2	CCCCC\C=C/C\C=C/C\C=C/C\C=C/C\C=C/CCC(O)=O	"InChI=1S/C22H34O2/c1-2-3-4-5-6-7-8-9-10-11-12-13-14-15-16-17-18-19-20-21-22(23)24/h6-7,9-10,12-13,15-16,18-19H,2-5,8,11,14,17,20-21H2,1H3,(H,23,24)/b7-6-,10-9-,13-12-,16-15-,19-18-"	Docosapentaenoic acid (22n-6)	329.2494916		M-H	1	11.45175	NCBITAXON:http://purl.bioontology.org/ontology/NCBITAXON/9606	Homo sapiens	HMDB		MSI:3		Progenesis	38.7																																																																																																																					
CHEBI:89581	C20H32O5	O=C1[C@H](C/C=C\CCCC(O)=O)[C@@H](/C=C/[C@@H](O)CCCCC)[C@@H](O)C1	"InChI=1S/C20H32O5/c1-2-3-6-9-15(21)12-13-17-16(18(22)14-19(17)23)10-7-4-5-8-11-20(24)25/h4,7,12-13,15-17,19,21,23H,2-3,5-6,8-11,14H2,1H3,(H,24,25)/b7-4-,13-12+/t15-,16+,17+,19-/m0/s1"	11b-PGE2	397.2263384		M+FA-H	1	11.45175	NCBITAXON:http://purl.bioontology.org/ontology/NCBITAXON/9606	Homo sapiens	HMDB		MSI:3		Progenesis	36.7																																																																																																																					
CHEBI:82679	C24H38O4	C[C@H](CCC(O)=O)[C@H]1CC[C@H]2[C@H]3[C@H](CC[C@]12C)[C@@]1(C)CC[C@@H](O)C[C@H]1CC3=O	"InChI=1S/C24H38O4/c1-14(4-7-21(27)28)17-5-6-18-22-19(9-11-24(17,18)3)23(2)10-8-16(25)12-15(23)13-20(22)26/h14-19,22,25H,4-13H2,1-3H3,(H,27,28)/t14-,15+,16-,17-,18+,19+,22+,23+,24-/m1/s1"	Nutriacholic acid	411.2504626		M+Na-2H	1	11.45175	NCBITAXON:http://purl.bioontology.org/ontology/NCBITAXON/9606	Homo sapiens	HMDB		MSI:3		Progenesis	37.9																																																																																																																					
CHEBI:53486	C20H34O2	CCCCC\C=C/C\C=C/C\C=C/CCCCCCC(O)=O	"InChI=1S/C20H34O2/c1-2-3-4-5-6-7-8-9-10-11-12-13-14-15-16-17-18-19-20(21)22/h6-7,9-10,12-13H,2-5,8,11,14-19H2,1H3,(H,21,22)/b7-6-,10-9-,13-12-"	"8,11,14-Eicosatrienoic acid"	305.2478577		M-H	1	11.56788333	NCBITAXON:http://purl.bioontology.org/ontology/NCBITAXON/9606	Homo sapiens	HMDB		MSI:3		Progenesis	36.5																																																																																																																					
CHEBI:80550	C17H32O2	CCCCCCC\C=C\CCCCCCCC(O)=O	"InChI=1S/C17H32O2/c1-2-3-4-5-6-7-8-9-10-11-12-13-14-15-16-17(18)19/h8-9H,2-7,10-16H2,1H3,(H,18,19)/b9-8+"	9E-Heptadecenoic acid	267.2325579		M-H	1	11.70148333	NCBITAXON:http://purl.bioontology.org/ontology/NCBITAXON/9606	Homo sapiens	HMDB		MSI:3		Progenesis	38.3																																																																																																																					
CHEBI:65136	C22H34O2	CCCCC\C=C/C\C=C/C\C=C/C\C=C/C\C=C/CCC(O)=O	"InChI=1S/C22H34O2/c1-2-3-4-5-6-7-8-9-10-11-12-13-14-15-16-17-18-19-20-21-22(23)24/h6-7,9-10,12-13,15-16,18-19H,2-5,8,11,14,17,20-21H2,1H3,(H,23,24)/b7-6-,10-9-,13-12-,16-15-,19-18-"	Docosapentaenoic acid (22n-6)	329.2486477		M-H	1	11.7714	NCBITAXON:http://purl.bioontology.org/ontology/NCBITAXON/9606	Homo sapiens	HMDB		MSI:3		Progenesis	38.9																																																																																																																					
CHEBI:53486	C20H34O2	CCCCC\C=C/C\C=C/C\C=C/CCCCCCC(O)=O	"InChI=1S/C20H34O2/c1-2-3-4-5-6-7-8-9-10-11-12-13-14-15-16-17-18-19-20(21)22/h6-7,9-10,12-13H,2-5,8,11,14-19H2,1H3,(H,21,22)/b7-6-,10-9-,13-12-"	"8,11,14-Eicosatrienoic acid"	305.2497992		M-H	1	11.80635	NCBITAXON:http://purl.bioontology.org/ontology/NCBITAXON/9606	Homo sapiens	HMDB		MSI:3		Progenesis	38.6																																																																																																																					
CHEBI:88108	C24H38O5	C1[C@@]2([C@]3(C[C@@H]([C@]4([C@]([C@@]3([C@@H](C[C@@]2(CC(C1)=O)[H])O)[H])(CC[C@@]4([C@@H](CCC(O)=O)C)[H])[H])C)O)[H])C	"InChI=1S/C24H38O5/c1-13(4-7-21(28)29)16-5-6-17-22-18(12-20(27)24(16,17)3)23(2)9-8-15(25)10-14(23)11-19(22)26/h13-14,16-20,22,26-27H,4-12H2,1-3H3,(H,28,29)/t13-,14+,16-,17+,18+,19-,20+,22+,23+,24-/m1/s1"	3-Oxocholic acid	387.2509326		M-H2O-H	1	11.80635	NCBITAXON:http://purl.bioontology.org/ontology/NCBITAXON/9606	Homo sapiens	HMDB		MSI:3		Progenesis	33.5																																																																																																																					
CHEBI:74060	C11H18N4O3	CC(C)[C@H](NC(=O)[C@@H](N)Cc1c[nH]cn1)C(O)=O	"InChI=1S/C11H18N4O3/c1-6(2)9(11(17)18)15-10(16)8(12)3-7-4-13-5-14-7/h4-6,8-9H,3,12H2,1-2H3,(H,13,14)(H,15,16)(H,17,18)/t8-,9-/m0/s1"	Histidinyl-Valine	507.2731358		2M-H	1	11.8351	NCBITAXON:http://purl.bioontology.org/ontology/NCBITAXON/9606	Homo sapiens	HMDB		MSI:3		Progenesis	37.2																																																																																																																					
CHEBI:89234	C24H38O3	[C@@H]1(CC[C@@]2([C@]3(CC[C@@]4([C@H](CC[C@]4([C@@]3(CC=C2C1)[H])[H])[C@@H](CCC(=O)O)C)C)[H])C)O	"InChI=1S/C24H38O3/c1-15(4-9-22(26)27)19-7-8-20-18-6-5-16-14-17(25)10-12-23(16,2)21(18)11-13-24(19,20)3/h5,15,17-21,25H,4,6-14H2,1-3H3,(H,26,27)/t15-,17+,18+,19-,20+,21+,23+,24-/m1/s1"	3b-Hydroxy-5-cholenoic acid	355.2637639		M-H2O-H	1	11.88751667	NCBITAXON:http://purl.bioontology.org/ontology/NCBITAXON/9606	Homo sapiens	HMDB		MSI:3		Progenesis	37																																																																																																																					
CHEBI:28667	C20H32O6	CCCCC[C@H](O)\C=C\[C@H]1OC(=O)C[C@H](O)[C@@H]1C\C=C/CCCC(O)=O	"InChI=1S/C20H32O6/c1-2-3-6-9-15(21)12-13-18-16(17(22)14-20(25)26-18)10-7-4-5-8-11-19(23)24/h4,7,12-13,15-18,21-22H,2-3,5-6,8-11,14H2,1H3,(H,23,24)/b7-4-,13-12+/t15-,16-,17-,18+/m0/s1"	11-Dehydro-thromboxane B2	349.2052482		M-H2O-H	1	11.9749	NCBITAXON:http://purl.bioontology.org/ontology/NCBITAXON/9606	Homo sapiens	HMDB		MSI:3		Progenesis	36.2																																																																																																																					
CHEBI:53486	C20H34O2	CCCCC\C=C/C\C=C/C\C=C/CCCCCCC(O)=O	"InChI=1S/C20H34O2/c1-2-3-4-5-6-7-8-9-10-11-12-13-14-15-16-17-18-19-20(21)22/h6-7,9-10,12-13H,2-5,8,11,14-19H2,1H3,(H,21,22)/b7-6-,10-9-,13-12-"	"8,11,14-Eicosatrienoic acid"	305.2486124		M-H	1	12.1085	NCBITAXON:http://purl.bioontology.org/ontology/NCBITAXON/9606	Homo sapiens	HMDB		MSI:3		Progenesis	39																																																																																																																					
CHEBI:64349	C7H16N2O2	CNCCCCC(N)C(O)=O	"InChI=1S/C7H16N2O2/c1-9-5-3-2-4-6(8)7(10)11/h6,9H,2-5,8H2,1H3,(H,10,11)"	N(6)-Methyllysine	319.2321642		2M-H	1	12.1085	NCBITAXON:http://purl.bioontology.org/ontology/NCBITAXON/9606	Homo sapiens	HMDB		MSI:3		Progenesis	36																																																																																																																					
CHEBI:75454	C17H34O4	CCCCCCCCCCCCCC(=O)OC(CO)CO	"InChI=1S/C17H34O4/c1-2-3-4-5-6-7-8-9-10-11-12-13-17(20)21-16(14-18)15-19/h16,18-19H,2-15H2,1H3"	MG(0:0/14:0/0:0)	323.2192337		M+Na-2H	1	12.1085	NCBITAXON:http://purl.bioontology.org/ontology/NCBITAXON/9606	Homo sapiens	HMDB		MSI:3		Progenesis	36.9																																																																																																																					
CHEBI:88668	C19H38O	CCCCCCCCCCCCCCCCCC(C)=O	"InChI=1S/C19H38O/c1-3-4-5-6-7-8-9-10-11-12-13-14-15-16-17-18-19(2)20/h3-18H2,1-2H3"	2-Nonadecanone	327.290129		M+FA-H	1	12.1085	NCBITAXON:http://purl.bioontology.org/ontology/NCBITAXON/9606	Homo sapiens	HMDB		MSI:3		Progenesis	37.5																																																																																																																					
				MG(0:0/15:0/0:0)	337.2355396		"M+Na-2H, M+K-2H"	1	12.12598333	NCBITAXON:http://purl.bioontology.org/ontology/NCBITAXON/9606	Homo sapiens	HMDB		MSI:3		Progenesis	37.9																																																																																																																					
CHEBI:16577	C27H46O4	[H][C@@]12C[C@H](O)CC[C@]1(C)[C@@]1([H])CC[C@]3(C)[C@]([H])(CC[C@@]3([H])[C@]1([H])[C@H](O)C2)[C@H](C)CCCC(C)C(O)=O	"InChI=1S/C27H46O4/c1-16(6-5-7-17(2)25(30)31)20-8-9-21-24-22(11-13-27(20,21)4)26(3)12-10-19(28)14-18(26)15-23(24)29/h16-24,28-29H,5-15H2,1-4H3,(H,30,31)/t16-,17?,18+,19-,20-,21+,22+,23-,24+,26+,27-/m1/s1"	"3alpha,7alpha-Dihydroxycoprostanic acid"	433.3317909		M-H	1	12.1722	NCBITAXON:http://purl.bioontology.org/ontology/NCBITAXON/9606	Homo sapiens	HMDB		MSI:3		Progenesis	38																																																																																																																					
				MG(0:0/24:1(15Z)/0:0)	421.367506		M-H2O-H	1	12.24211667	NCBITAXON:http://purl.bioontology.org/ontology/NCBITAXON/9606	Homo sapiens	HMDB		MSI:3		Progenesis	36.2																																																																																																																					
CHEBI:80550	C17H32O2	CCCCCCC\C=C\CCCCCCCC(O)=O	"InChI=1S/C17H32O2/c1-2-3-4-5-6-7-8-9-10-11-12-13-14-15-16-17(18)19/h8-9H,2-7,10-16H2,1H3,(H,18,19)/b9-8+"	9E-Heptadecenoic acid	267.2319101		M-H	1	12.29453333	NCBITAXON:http://purl.bioontology.org/ontology/NCBITAXON/9606	Homo sapiens	HMDB		MSI:3		Progenesis	36.7																																																																																																																					
CHEBI:143095	C18H36O3	OC(=O)CCCCCCCCC(CCCCCCCC)O	"InChI=1S/C18H36O3/c1-2-3-4-5-8-11-14-17(19)15-12-9-6-7-10-13-16-18(20)21/h17,19H,2-16H2,1H3,(H,20,21)"	xi-10-Hydroxyoctadecanoic acid	281.2509628		M-H2O-H	1	12.35825	NCBITAXON:http://purl.bioontology.org/ontology/NCBITAXON/9606	Homo sapiens	HMDB		MSI:3		Progenesis	36.3																																																																																																																					
CHEBI:75454	C17H34O4	CCCCCCCCCCCCCC(=O)OC(CO)CO	"InChI=1S/C17H34O4/c1-2-3-4-5-6-7-8-9-10-11-12-13-17(20)21-16(14-18)15-19/h16,18-19H,2-15H2,1H3"	MG(0:0/14:0/0:0)	339.2008158		"M+Na-2H, M+K-2H"	1	12.4631	NCBITAXON:http://purl.bioontology.org/ontology/NCBITAXON/9606	Homo sapiens	HMDB		MSI:3		Progenesis	38.4																																																																																																																					
CHEBI:145970	C22H40O2	C(CCCCCCCCC(O)=O)CC/C=C/C/C=C/CCCCC	"InChI=1S/C22H40O2/c1-2-3-4-5-6-7-8-9-10-11-12-13-14-15-16-17-18-19-20-21-22(23)24/h6-7,9-10H,2-5,8,11-21H2,1H3,(H,23,24)/b7-6+,10-9+"	Docosadienoate (22:2n6)	357.2787996		M+Na-2H	1	12.50931667	NCBITAXON:http://purl.bioontology.org/ontology/NCBITAXON/9606	Homo sapiens	HMDB		MSI:3		Progenesis	36.9																																																																																																																					
CHEBI:16577	C27H46O4	[H][C@@]12C[C@H](O)CC[C@]1(C)[C@@]1([H])CC[C@]3(C)[C@]([H])(CC[C@@]3([H])[C@]1([H])[C@H](O)C2)[C@H](C)CCCC(C)C(O)=O	"InChI=1S/C27H46O4/c1-16(6-5-7-17(2)25(30)31)20-8-9-21-24-22(11-13-27(20,21)4)26(3)12-10-19(28)14-18(26)15-23(24)29/h16-24,28-29H,5-15H2,1-4H3,(H,30,31)/t16-,17?,18+,19-,20-,21+,22+,23-,24+,26+,27-/m1/s1"	"3alpha,7alpha-Dihydroxycoprostanic acid"	433.3315029		M-H	1	12.57923333	NCBITAXON:http://purl.bioontology.org/ontology/NCBITAXON/9606	Homo sapiens	HMDB		MSI:3		Progenesis	37.6																																																																																																																					
CHEBI:78884	C10H18O	CC(C)C1(O)CCC(C)=CC1	"InChI=1S/C10H18O/c1-8(2)10(11)6-4-9(3)5-7-10/h4,8,11H,5-7H2,1-3H3"	p-Menth-1-en-4-ol	307.264463		2M-H	1	12.63165	NCBITAXON:http://purl.bioontology.org/ontology/NCBITAXON/9606	Homo sapiens	HMDB		MSI:3		Progenesis	38.8																																																																																																																					
CHEBI:32365	C17H34O2	CCCCCCCCCCCCCCCCC(O)=O	"InChI=1S/C17H34O2/c1-2-3-4-5-6-7-8-9-10-11-12-13-14-15-16-17(18)19/h2-16H2,1H3,(H,18,19)"	Heptadecanoic acid	269.2496753		M-H	1	12.81783333	NCBITAXON:http://purl.bioontology.org/ontology/NCBITAXON/9606	Homo sapiens	HMDB		MSI:3		Progenesis	38.6																																																																																																																					
CHEBI:6456	C14H22N2O	CCN(CC)CC(=O)Nc1c(C)cccc1C	"InChI=1S/C14H22N2O/c1-5-16(6-2)10-13(17)15-14-11(3)8-7-9-12(14)4/h7-9H,5-6,10H2,1-4H3,(H,15,17)"	Lidocaine	467.3380834		2M-H	1	12.81783333	NCBITAXON:http://purl.bioontology.org/ontology/NCBITAXON/9606	Homo sapiens	HMDB		MSI:3		Progenesis	38																																																																																																																					
CHEBI:83051	C19H36O2	CCCCCCCC\C=C/CCCCCCCCC(O)=O	"InChI=1S/C19H36O2/c1-2-3-4-5-6-7-8-9-10-11-12-13-14-15-16-17-18-19(20)21/h9-10H,2-8,11-18H2,1H3,(H,20,21)/b10-9-"	10Z-Nonadecenoic acid	295.2636101		M-H	1	12.9864	NCBITAXON:http://purl.bioontology.org/ontology/NCBITAXON/9606	Homo sapiens	HMDB		MSI:3		Progenesis	37.7																																																																																																																					
				LysoPA(0:0/16:0)	391.2247534		M-H2O-H	1	13.13748333	NCBITAXON:http://purl.bioontology.org/ontology/NCBITAXON/9606	Homo sapiens	HMDB		MSI:3		Progenesis	37.5																																																																																																																					
CHEBI:9901	C21H32O5	C[C@]12CC(=O)[C@H]3[C@@H](CC[C@@H]4C[C@H](O)CC[C@]34C)[C@@H]1CC[C@]2(O)C(=O)CO	"InChI=1S/C21H32O5/c1-19-7-5-13(23)9-12(19)3-4-14-15-6-8-21(26,17(25)11-22)20(15,2)10-16(24)18(14)19/h12-15,18,22-23,26H,3-11H2,1-2H3/t12-,13-,14+,15+,18-,19+,20+,21+/m1/s1"	Tetrahydrocortisone	363.2207124		M-H	1	13.15495	NCBITAXON:http://purl.bioontology.org/ontology/NCBITAXON/9606	Homo sapiens	HMDB		MSI:3		Progenesis	36.8																																																																																																																					
CHEBI:83051	C19H36O2	CCCCCCCC\C=C/CCCCCCCCC(O)=O	"InChI=1S/C19H36O2/c1-2-3-4-5-6-7-8-9-10-11-12-13-14-15-16-17-18-19(20)21/h9-10H,2-8,11-18H2,1H3,(H,20,21)/b10-9-"	10Z-Nonadecenoic acid	295.2633613		M-H	1	13.20118333	NCBITAXON:http://purl.bioontology.org/ontology/NCBITAXON/9606	Homo sapiens	HMDB		MSI:3		Progenesis	37.5																																																																																																																					
CHEBI:28792	C22H42O2	CCCCCCCC\C=C/CCCCCCCCCCCC(O)=O	"InChI=1S/C22H42O2/c1-2-3-4-5-6-7-8-9-10-11-12-13-14-15-16-17-18-19-20-21-22(23)24/h9-10H,2-8,11-21H2,1H3,(H,23,24)/b10-9-"	Erucic acid	359.2950845		M+Na-2H	1	13.28855	NCBITAXON:http://purl.bioontology.org/ontology/NCBITAXON/9606	Homo sapiens	HMDB		MSI:3		Progenesis	37.3																																																																																																																					
CHEBI:28158	C20H34O6	CCCCC[C@H](O)\C=C\[C@H]1[C@H](O)C[C@H](O)[C@@H]1CC(=O)CCCCC(O)=O	"InChI=1S/C20H34O6/c1-2-3-4-7-14(21)10-11-16-17(19(24)13-18(16)23)12-15(22)8-5-6-9-20(25)26/h10-11,14,16-19,21,23-24H,2-9,12-13H2,1H3,(H,25,26)/b11-10+/t14-,16+,17+,18+,19-/m0/s1"	6-Keto-prostaglandin F1a	351.2210092		M-H2O-H	1	13.35225	NCBITAXON:http://purl.bioontology.org/ontology/NCBITAXON/9606	Homo sapiens	HMDB		MSI:3		Progenesis	35.9																																																																																																																					
CHEBI:73607	C11H23N3O3	CC(C)[C@H](NC(=O)[C@@H](N)CCCCN)C(O)=O	"InChI=1S/C11H23N3O3/c1-7(2)9(11(16)17)14-10(15)8(13)5-3-4-6-12/h7-9H,3-6,12-13H2,1-2H3,(H,14,15)(H,16,17)/t8-,9-/m0/s1"	Lysyl-Valine	266.1492565		M+Na-2H	1	13.49206667	NCBITAXON:http://purl.bioontology.org/ontology/NCBITAXON/9606	Homo sapiens	HMDB		MSI:3		Progenesis	33.7																																																																																																																					
CHEBI:23809	C9H10N2			Dimethylbenzimidazole	291.158996		2M-H	1	13.52081667	NCBITAXON:http://purl.bioontology.org/ontology/NCBITAXON/9606	Homo sapiens	HMDB		MSI:3		Progenesis	36.2																																																																																																																					
CHEBI:44748	C14H30O8	OCCOCCOCCOCCOCCOCCOCCO	"InChI=1S/C14H30O8/c15-1-3-17-5-7-19-9-11-21-13-14-22-12-10-20-8-6-18-4-2-16/h15-16H,1-14H2"	Heptaethylene glycol	325.1846225		M-H	1	13.52081667	NCBITAXON:http://purl.bioontology.org/ontology/NCBITAXON/9606	Homo sapiens	HMDB		MSI:3		Progenesis	36.1																																																																																																																					
				"MG(0:0/20:3(5Z,8Z,11Z)/0:0)"	417.2400093		M+K-2H	1	13.52081667	NCBITAXON:http://purl.bioontology.org/ontology/NCBITAXON/9606	Homo sapiens	HMDB		MSI:3		Progenesis	35.9																																																																																																																					
CHEBI:32425	C20H38O2	C(=O)(CCCCCCCCC/C=C\CCCCCCCC)O	"InChI=1S/C20H38O2/c1-2-3-4-5-6-7-8-9-10-11-12-13-14-15-16-17-18-19-20(21)22/h9-10H,2-8,11-19H2,1H3,(H,21,22)/b10-9-"	11Z-Eicosenoic acid	309.280218		M-H	1	13.64315	NCBITAXON:http://purl.bioontology.org/ontology/NCBITAXON/9606	Homo sapiens	HMDB		MSI:3		Progenesis	38.9																																																																																																																					
CHEBI:83051	C19H36O2	CCCCCCCC\C=C/CCCCCCCCC(O)=O	"InChI=1S/C19H36O2/c1-2-3-4-5-6-7-8-9-10-11-12-13-14-15-16-17-18-19(20)21/h9-10H,2-8,11-18H2,1H3,(H,20,21)/b10-9-"	10Z-Nonadecenoic acid	295.2629942		M-H	1	13.72431667	NCBITAXON:http://purl.bioontology.org/ontology/NCBITAXON/9606	Homo sapiens	HMDB		MSI:3		Progenesis	36.6																																																																																																																					
CHEBI:145970	C22H40O2	C(CCCCCCCCC(O)=O)CC/C=C/C/C=C/CCCCC	"InChI=1S/C22H40O2/c1-2-3-4-5-6-7-8-9-10-11-12-13-14-15-16-17-18-19-20-21-22(23)24/h6-7,9-10H,2-5,8,11-21H2,1H3,(H,23,24)/b7-6+,10-9+"	Docosadienoate (22:2n6)	335.2946145		M-H	1	13.89288333	NCBITAXON:http://purl.bioontology.org/ontology/NCBITAXON/9606	Homo sapiens	HMDB		MSI:3		Progenesis	36.9																																																																																																																					
CHEBI:17327	C20H40O	CC(C)CCC[C@@H](C)CCC[C@@H](C)CCC\C(C)=C\CO	"InChI=1S/C20H40O/c1-17(2)9-6-10-18(3)11-7-12-19(4)13-8-14-20(5)15-16-21/h15,17-19,21H,6-14,16H2,1-5H3/b20-15+/t18-,19-/m1/s1"	Phytol	341.3042616		M+FA-H	1	13.91035	NCBITAXON:http://purl.bioontology.org/ontology/NCBITAXON/9606	Homo sapiens	HMDB		MSI:3		Progenesis	35.8																																																																																																																					
CHEBI:28082	C27H48O3	[H][C@@]1(CC[C@@]2([H])[C@]3([H])C[C@@H](O)[C@@]4(O)C[C@@H](O)CC[C@]4(C)[C@@]3([H])CC[C@]12C)[C@H](C)CCCC(C)C	"InChI=1S/C27H48O3/c1-17(2)7-6-8-18(3)21-9-10-22-20-15-24(29)27(30)16-19(28)11-14-26(27,5)23(20)12-13-25(21,22)4/h17-24,28-30H,6-16H2,1-5H3/t18-,19+,20+,21-,22+,23+,24-,25-,26-,27+/m1/s1"	"3b,5a,6b-Cholestanetriol"	419.3515554		M-H	1	14.02648333	NCBITAXON:http://purl.bioontology.org/ontology/NCBITAXON/9606	Homo sapiens	HMDB		MSI:3		Progenesis	36.2																																																																																																																					
CHEBI:18015	C13H22O	CC(=O)CCC1=C(C)CCCC1(C)C	"InChI=1S/C13H22O/c1-10-6-5-9-13(3,4)12(10)8-7-11(2)14/h5-9H2,1-4H3"	"4-(2,6,6-Trimethyl-1-cyclohexen-1-yl)-2-butanone"	387.3257787		2M-H	1	14.45096667	NCBITAXON:http://purl.bioontology.org/ontology/NCBITAXON/9606	Homo sapiens	HMDB		MSI:3		Progenesis	39																																																																																																																					
CHEBI:89175	C10H20O	OCCC=CCCCCCC	"InChI=1S/C10H20O/c1-2-3-4-5-6-7-8-9-10-11/h7-8,11H,2-6,9-10H2,1H3"	(E)-3-decen-1-ol	311.295968		2M-H	1	14.95665	NCBITAXON:http://purl.bioontology.org/ontology/NCBITAXON/9606	Homo sapiens	HMDB		MSI:3		Progenesis	38.9																																																																																																																					
CHEBI:28792	C22H42O2	CCCCCCCC\C=C/CCCCCCCCCCCC(O)=O	"InChI=1S/C22H42O2/c1-2-3-4-5-6-7-8-9-10-11-12-13-14-15-16-17-18-19-20-21-22(23)24/h9-10H,2-8,11-21H2,1H3,(H,23,24)/b10-9-"	Erucic acid	337.3108188		M-H	1	15.00906667	NCBITAXON:http://purl.bioontology.org/ontology/NCBITAXON/9606	Homo sapiens	HMDB		MSI:3		Progenesis	37.6																																																																																																																					
CHEBI:41321	C27H46O4S	O(S(O)(=O)=O)[C@@H]1CC=2[C@]([C@]3(CC[C@]4([C@]([C@@]3(CC2)[H])(CC[C@@]4([C@H](C)CCCC(C)C)[H])[H])C)[H])(C)CC1	"InChI=1S/C27H46O4S/c1-18(2)7-6-8-19(3)23-11-12-24-22-10-9-20-17-21(31-32(28,29)30)13-15-26(20,4)25(22)14-16-27(23,24)5/h9,18-19,21-25H,6-8,10-17H2,1-5H3,(H,28,29,30)/t19-,21+,22+,23-,24+,25+,26+,27-/m1/s1"	Cholesterol sulfate	465.3043106		M-H	1	15.03781667	NCBITAXON:http://purl.bioontology.org/ontology/NCBITAXON/9606	Homo sapiens	HMDB		MSI:3		Progenesis	38.2																																																																																																																					
				MG(0:0/24:1(15Z)/0:0)	461.3621794		M+Na-2H	1	15.61338333	NCBITAXON:http://purl.bioontology.org/ontology/NCBITAXON/9606	Homo sapiens	HMDB		MSI:3		Progenesis	36.7																																																																																																																					
CHEBI:28082	C27H48O3	[H][C@@]1(CC[C@@]2([H])[C@]3([H])C[C@@H](O)[C@@]4(O)C[C@@H](O)CC[C@]4(C)[C@@]3([H])CC[C@]12C)[C@H](C)CCCC(C)C	"InChI=1S/C27H48O3/c1-17(2)7-6-8-18(3)21-9-10-22-20-15-24(29)27(30)16-19(28)11-14-26(27,5)23(20)12-13-25(21,22)4/h17-24,28-30H,6-16H2,1-5H3/t18-,19+,20+,21-,22+,23+,24-,25-,26-,27+/m1/s1"	"3b,5a,6b-Cholestanetriol"	465.3563399		M+FA-H	1	15.83436667	NCBITAXON:http://purl.bioontology.org/ontology/NCBITAXON/9606	Homo sapiens	HMDB		MSI:3		Progenesis	36.2																																																																																																																					
CHEBI:45571	C7H14O2	CCCCCCC(O)=O	"InChI=1S/C7H14O2/c1-2-3-4-5-6-7(8)9/h2-6H2,1H3,(H,8,9)"	Heptanoic acid	129.091022		M-H	1	16.25278333	NCBITAXON:http://purl.bioontology.org/ontology/NCBITAXON/9606	Homo sapiens	HMDB		MSI:3		Progenesis	36.7																																																																																																																					
CHEBI:68889	C8H10O3	OCCc1ccc(O)c(O)c1	"InChI=1S/C8H10O3/c9-4-3-6-1-2-7(10)8(11)5-6/h1-2,5,9-11H,3-4H2"	Hydroxytyrosol	307.1179333		2M-H	1	16.38638333	NCBITAXON:http://purl.bioontology.org/ontology/NCBITAXON/9606	Homo sapiens	HMDB		MSI:3		Progenesis	38.1																																																																																																																					
CHEBI:17254	C7H8O2	Cc1ccc(O)c(O)c1	"InChI=1S/C7H8O2/c1-5-2-3-6(8)7(9)4-5/h2-4,8-9H,1H3"	4-Methylcatechol	247.0960333		2M-H	1	16.40386667	NCBITAXON:http://purl.bioontology.org/ontology/NCBITAXON/9606	Homo sapiens	HMDB		MSI:3		Progenesis	37.4																																																																																																																					
CHEBI:46202	C11H22O	CCCCCCCCCCC=O	"InChI=1S/C11H22O/c1-2-3-4-5-6-7-8-9-10-11-12/h11H,2-10H2,1H3"	Undecanal	339.3266041		2M-H	1	16.64233333	NCBITAXON:http://purl.bioontology.org/ontology/NCBITAXON/9606	Homo sapiens	HMDB		MSI:3		Progenesis	39																																																																																																																					
CHEBI:32320	C12H20O2	CC(=O)OC(C)(C)C1CCC(C)=CC1	"InChI=1S/C12H20O2/c1-9-5-7-11(8-6-9)12(3,4)14-10(2)13/h5,11H,6-8H2,1-4H3"	alpha-Terpineol acetate	241.1432591		M+FA-H	1	16.69475	NCBITAXON:http://purl.bioontology.org/ontology/NCBITAXON/9606	Homo sapiens	HMDB		MSI:3		Progenesis	36.1																																																																																																																					
CHEBI:41865	C10H18O4	OC(=O)CCCCCCCCC(O)=O	"InChI=1S/C10H18O4/c11-9(12)7-5-3-1-2-4-6-8-10(13)14/h1-8H2,(H,11,12)(H,13,14)"	Sebacic acid	223.0957049		M+Na-2H	1	16.89205	NCBITAXON:http://purl.bioontology.org/ontology/NCBITAXON/9606	Homo sapiens	HMDB		MSI:3		Progenesis	37.3																																																																																																																					
CHEBI:4489	C6H10S	C=CCSCC=C	"InChI=1S/C6H10S/c1-3-5-7-6-4-2/h3-4H,1-2,5-6H2"	Di-2-propenyl sulfide	227.0917102		2M-H	1	17.03186667	NCBITAXON:http://purl.bioontology.org/ontology/NCBITAXON/9606	Homo sapiens	HMDB		MSI:3		Progenesis	36.4																																																																																																																					
CHEBI:145967	C23H40O2	C1(=CC(=CC(=C1)CCCCCCCCCCCCCCCCC)O)O	"InChI=1S/C23H40O2/c1-2-3-4-5-6-7-8-9-10-11-12-13-14-15-16-17-21-18-22(24)20-23(25)19-21/h18-20,24-25H,2-17H2,1H3"	"5-Heptadecyl-1,3-benzenediol"	393.2977209		M+FA-H	1	18.66513333	NCBITAXON:http://purl.bioontology.org/ontology/NCBITAXON/9606	Homo sapiens	HMDB		MSI:3		Progenesis	34.4																																																																																																																					
				DG(15:0/20:1(11Z)/0:0)	589.5174642		M-H2O-H	1	18.66513333	NCBITAXON:http://purl.bioontology.org/ontology/NCBITAXON/9606	Homo sapiens	HMDB		MSI:3		Progenesis	35.6																																																																																																																					
CHEBI:8387	C21H36O2	C[C@H](O)[C@H]1CC[C@H]2[C@@H]3CC[C@@H]4C[C@H](O)CC[C@]4(C)[C@H]3CC[C@]12C	"InChI=1S/C21H36O2/c1-13(22)17-6-7-18-16-5-4-14-12-15(23)8-10-20(14,2)19(16)9-11-21(17,18)3/h13-19,22-23H,4-12H2,1-3H3/t13-,14+,15+,16-,17+,18-,19-,20-,21+/m0/s1"	Pregnanediol	365.267605		M+FA-H	1	18.7463	NCBITAXON:http://purl.bioontology.org/ontology/NCBITAXON/9606	Homo sapiens	HMDB		MSI:3		Progenesis	36.9																																																																																																																					
CHEBI:21440	C15H20N6O8	C1(=NC=NC=2N(C=NC12)[C@@H]3O[C@@H]([C@H]([C@H]3O)O)CO)NC(N[C@H](C(O)=O)[C@@H](C)O)=O	"InChI=1S/C15H20N6O8/c1-5(23)7(14(26)27)19-15(28)20-11-8-12(17-3-16-11)21(4-18-8)13-10(25)9(24)6(2-22)29-13/h3-7,9-10,13,22-25H,2H2,1H3,(H,26,27)(H2,16,17,19,20,28)/t5-,6-,7+,9-,10-,13-/m1/s1"	N6-Carbamoyl-L-threonyladenosine	392.1314014		"M-H2O-H, M-H"	1	18.7463	NCBITAXON:http://purl.bioontology.org/ontology/NCBITAXON/9606	Homo sapiens	HMDB		MSI:3		Progenesis	36.8																																																																																																																					
CHEBI:6801	C4H11N5	CN(C)C(=N)NC(N)=N	"InChI=1S/C4H11N5/c1-9(2)4(7)8-3(5)6/h1-2H3,(H5,5,6,7,8)"	"1,1-Dimethylbiguanide"	164.0710987		M+Cl	1	2.5639	NCBITAXON:http://purl.bioontology.org/ontology/NCBITAXON/9606	Homo sapiens	HMDB		MSI:3		Progenesis	39.4																																																																																																																					
CHEBI:43065	C9H10O3	O[C@@H](Cc1ccccc1)C(O)=O	"InChI=1S/C9H10O3/c10-8(9(11)12)6-7-4-2-1-3-5-7/h1-5,8,10H,6H2,(H,11,12)/t8-/m0/s1"	D-Phenyllactic acid	147.0443835		"M-H2O-H, M-H"	1	2.581383333	NCBITAXON:http://purl.bioontology.org/ontology/NCBITAXON/9606	Homo sapiens	HMDB		MSI:3		Progenesis	37.7																																																																																																																					
CHEBI:33569	C8H11NO3	NCC(O)c1ccc(O)c(O)c1	"InChI=1S/C8H11NO3/c9-4-8(12)5-1-2-6(10)7(11)3-5/h1-3,8,10-12H,4,9H2"	Norepinephrine	150.0553487		M-H2O-H	1	2.749933333	NCBITAXON:http://purl.bioontology.org/ontology/NCBITAXON/9606	Homo sapiens	HMDB		MSI:3		Progenesis	38.4																																																																																																																					
CHEBI:35581	C8H7N			Indole	116.0498013		M-H	1	2.935966667	NCBITAXON:http://purl.bioontology.org/ontology/NCBITAXON/9606	Homo sapiens	HMDB		MSI:3		Progenesis	37.2																																																																																																																					
CHEBI:75454	C17H34O4	CCCCCCCCCCCCCC(=O)OC(CO)CO	"InChI=1S/C17H34O4/c1-2-3-4-5-6-7-8-9-10-11-12-13-17(20)21-16(14-18)15-19/h16,18-19H,2-15H2,1H3"	MG(0:0/14:0/0:0)	323.219365		M+Na-2H	1	20.61808333	NCBITAXON:http://purl.bioontology.org/ontology/NCBITAXON/9606	Homo sapiens	HMDB		MSI:3		Progenesis	36.3																																																																																																																					
CHEBI:27248	C6H6N2O2	[H]C(=C([H])c1c[nH]cn1)C(O)=O	"InChI=1S/C6H6N2O2/c9-6(10)2-1-5-3-7-4-8-5/h1-4H,(H,7,8)(H,9,10)"	Urocanic acid	174.9902626		M+K-2H	1	20.76916667	NCBITAXON:http://purl.bioontology.org/ontology/NCBITAXON/9606	Homo sapiens	HMDB		MSI:3		Progenesis	36.9																																																																																																																					
				MG(0:0/15:0/0:0)	337.235479		M+Na-2H	1	20.76916667	NCBITAXON:http://purl.bioontology.org/ontology/NCBITAXON/9606	Homo sapiens	HMDB		MSI:3		Progenesis	37.2																																																																																																																					
CHEBI:36489	C24H32O8	O([C@H]1[C@@H]([C@H]([C@@H]([C@H](O1)C(O)=O)O)O)O)C2=CC3=C([C@@]4([C@]([C@]5([C@@]([C@@H](O)CC5)(CC4)C)[H])(CC3)[H])[H])C=C2	"InChI=1S/C24H32O8/c1-24-9-8-14-13-5-3-12(10-11(13)2-4-15(14)16(24)6-7-17(24)25)31-23-20(28)18(26)19(27)21(32-23)22(29)30/h3,5,10,14-21,23,25-28H,2,4,6-9H2,1H3,(H,29,30)/t14-,15-,16+,17+,18+,19+,20-,21+,23-,24+/m1/s1"	17beta-Estradiol-3-glucuronide	429.1938341		M-H2O-H	1	20.78665	NCBITAXON:http://purl.bioontology.org/ontology/NCBITAXON/9606	Homo sapiens	HMDB		MSI:3		Progenesis	34.3																																																																																																																					
CHEBI:28870	C26H36O8	C1C(C(=C(CC1)C)/C=C/C(/C)=C/C=C/C(/C)=C/C(O[C@H]2[C@@H]([C@H]([C@@H]([C@H](O2)C(=O)O)O)O)O)=O)(C)C	"InChI=1S/C26H36O8/c1-15(11-12-18-17(3)10-7-13-26(18,4)5)8-6-9-16(2)14-19(27)33-25-22(30)20(28)21(29)23(34-25)24(31)32/h6,8-9,11-12,14,20-23,25,28-30H,7,10,13H2,1-5H3,(H,31,32)/b9-6+,12-11+,15-8+,16-14+/t20-,21-,22+,23-,25+/m0/s1"	Retinoyl b-glucuronide	457.2249049		M-H2O-H	1	20.78665	NCBITAXON:http://purl.bioontology.org/ontology/NCBITAXON/9606	Homo sapiens	HMDB		MSI:3		Progenesis	36.4																																																																																																																					
CHEBI:68505	C6H6O5S	C=1C=CC=C(C1OS(O)(=O)=O)O	"InChI=1S/C6H6O5S/c7-5-3-1-2-4-6(5)11-12(8,9)10/h1-4,7H,(H,8,9,10)"	Pyrocatechol sulfate	188.9845202		M-H	1	20.80411667	NCBITAXON:http://purl.bioontology.org/ontology/NCBITAXON/9606	Homo sapiens	HMDB		MSI:3		Progenesis	36.2																																																																																																																					
				LysoPE(15:0/0:0)	460.2405339		M+Na-2H	1	3.342983333	NCBITAXON:http://purl.bioontology.org/ontology/NCBITAXON/9606	Homo sapiens	HMDB		MSI:3		Progenesis	36.3																																																																																																																					
CHEBI:17786	C8H15NO3	[C@@H](CC(C)C)(NC(=O)C)C(O)=O	"InChI=1S/C8H15NO3/c1-5(2)4-7(8(11)12)9-6(3)10/h5,7H,4H2,1-3H3,(H,9,10)(H,11,12)/t7-/m0/s1"	N-Acetylleucine	172.0975463		M-H	1	3.424166667	NCBITAXON:http://purl.bioontology.org/ontology/NCBITAXON/9606	Homo sapiens	HMDB		MSI:3		Progenesis	39.1																																																																																																																					
CHEBI:16482	C10H8	c1ccc2ccccc2c1	InChI=1S/C10H8/c1-2-6-10-8-4-3-7-9(10)5-1/h1-8H	Naphthalene	163.0330624		"M+Cl, M+K-2H"	1	3.592716667	NCBITAXON:http://purl.bioontology.org/ontology/NCBITAXON/9606	Homo sapiens	HMDB		MSI:3		Progenesis	37.1																																																																																																																					
CHEBI:27410	C7H8N2O2	Cn1cc(ccc1=O)C(N)=O	"InChI=1S/C7H8N2O2/c1-9-4-5(7(8)11)2-3-6(9)10/h2-4H,1H3,(H2,8,11)"	N1-Methyl-2-pyridone-5-carboxamide	133.040201		"M-H2O-H, M+Na-2H"	1	3.592716667	NCBITAXON:http://purl.bioontology.org/ontology/NCBITAXON/9606	Homo sapiens	HMDB		MSI:3		Progenesis	37.9																																																																																																																					
CHEBI:2030	C4H6N4O	NC(=O)c1nc[nH]c1N	"InChI=1S/C4H6N4O/c5-3-2(4(6)9)7-1-8-3/h1H,5H2,(H2,6,9)(H,7,8)"	5-Aminoimidazole-4-carboxamide	251.1031282		2M-H	1	3.697566667	NCBITAXON:http://purl.bioontology.org/ontology/NCBITAXON/9606	Homo sapiens	HMDB		MSI:3		Progenesis	37																																																																																																																					
CHEBI:30746	C7H6O2	OC(=O)c1ccccc1	"InChI=1S/C7H6O2/c8-7(9)6-4-2-1-3-5-6/h1-5H,(H,8,9)"	Benzoic acid	121.0288169		M-H	1	3.8137	NCBITAXON:http://purl.bioontology.org/ontology/NCBITAXON/9606	Homo sapiens	HMDB		MSI:3		Progenesis	37.4																																																																																																																					
CHEBI:17231	C7H8O	Cc1cccc(O)c1	"InChI=1S/C7H8O/c1-6-3-2-4-7(8)5-6/h2-5,8H,1H3"	m-Cresol	107.0493787		M-H	1	3.929833333	NCBITAXON:http://purl.bioontology.org/ontology/NCBITAXON/9606	Homo sapiens	HMDB		MSI:3		Progenesis	37.4																																																																																																																					
CHEBI:89283	C7H12O2	C(CCC(C)=O)C(C)=O	"InChI=1S/C7H12O2/c1-6(8)4-3-5-7(2)9/h3-5H2,1-2H3"	"1,3-Diacetylpropane"	127.0752375		M-H	1	3.964783333	NCBITAXON:http://purl.bioontology.org/ontology/NCBITAXON/9606	Homo sapiens	HMDB		MSI:3		Progenesis	36.9																																																																																																																					
CHEBI:42639	C4H6O2	O=C1CCCO1	InChI=1S/C4H6O2/c5-4-2-1-3-6-4/h1-3H2	Gamma-Butyrolactone	171.0650693		2M-H	1	3.964783333	NCBITAXON:http://purl.bioontology.org/ontology/NCBITAXON/9606	Homo sapiens	HMDB		MSI:3		Progenesis	37.8																																																																																																																					
CHEBI:89015	C5H6N2	CC1=CN=CC=N1	"InChI=1S/C5H6N2/c1-5-4-6-2-3-7-5/h2-4H,1H3"	Methylpyrazine	187.0981473		2M-H	1	4.168283333	NCBITAXON:http://purl.bioontology.org/ontology/NCBITAXON/9606	Homo sapiens	HMDB		MSI:3		Progenesis	39																																																																																																																					
CHEBI:89933	C8H14O4	CC(CC(C)C(=O)O)CC(=O)O	"InChI=1S/C8H14O4/c1-5(4-7(9)10)3-6(2)8(11)12/h5-6H,3-4H2,1-2H3,(H,9,10)(H,11,12)"	"2,4-Dimethyladipic acid"	173.0808197		M-H	1	4.284416667	NCBITAXON:http://purl.bioontology.org/ontology/NCBITAXON/9606	Homo sapiens	HMDB		MSI:3		Progenesis	37.4																																																																																																																					
CHEBI:88773	C27H42O11	[C@@H]1([C@@H]([C@H]([C@@H]([C@H](O1)C(=O)O)O)O)O)OC2CC3(C4C(C5C(CC4=O)(C(CC5)(C(CO)O)O)C)CCC3CC2)C	"InChI=1S/C27H42O11/c1-25-9-13(37-24-21(33)19(31)20(32)22(38-24)23(34)35)5-3-12(25)4-6-14-15-7-8-27(36,17(30)11-28)26(15,2)10-16(29)18(14)25/h12-15,17-22,24,28,30-33,36H,3-11H2,1-2H3,(H,34,35)/t12?,13?,14?,15?,17?,18?,19-,20-,21+,22-,24+,25?,26?,27?/m0/s1"	Cortolone-3-glucuronide	541.2643735		M-H	1	4.452966667	NCBITAXON:http://purl.bioontology.org/ontology/NCBITAXON/9606	Homo sapiens	HMDB		MSI:3		Progenesis	36.9																																																																																																																					
CHEBI:88811	C10H17NO5	C(CCCC(=O)O)CCC(=O)NCC(=O)O	"InChI=1S/C10H17NO5/c12-8(11-7-10(15)16)5-3-1-2-4-6-9(13)14/h1-7H2,(H,11,12)(H,13,14)(H,15,16)"	Suberylglycine	252.0864602		M+Na-2H	1	4.522883333	NCBITAXON:http://purl.bioontology.org/ontology/NCBITAXON/9606	Homo sapiens	HMDB		MSI:3		Progenesis	38.6																																																																																																																					
CHEBI:86618	C9H18O2	CCCCCCC(=O)OCC	"InChI=1S/C9H18O2/c1-3-5-6-7-8-9(10)11-4-2/h3-8H2,1-2H3"	Oenanthic ether	139.1116003		M-H2O-H	1	4.557833333	NCBITAXON:http://purl.bioontology.org/ontology/NCBITAXON/9606	Homo sapiens	HMDB		MSI:3		Progenesis	37.1																																																																																																																					
CHEBI:88728	C27H40O11	O1[C@@]2(C3C(C4C(C2)([C@H](CC4)C(=O)CO)C1O)CCC5[C@@]3(CCC(O[C@@H]6O[C@@H]([C@@H](O)[C@@H](O)[C@H]6O)C(O)=O)C5)C)[H]	"InChI=1S/C27H40O11/c1-26-7-6-12(36-24-21(32)19(30)20(31)22(38-24)23(33)34)8-11(26)2-3-13-14-4-5-15(16(29)10-28)27(14)9-17(18(13)26)37-25(27)35/h11-15,17-22,24-25,28,30-32,35H,2-10H2,1H3,(H,33,34)/t11?,12?,13?,14?,15-,17+,18?,19-,20+,21-,22+,24-,25?,26+,27?/m1/s1"	Tetrahydroaldosterone-3-glucuronide	539.2488289		M-H	1	4.557833333	NCBITAXON:http://purl.bioontology.org/ontology/NCBITAXON/9606	Homo sapiens	HMDB		MSI:3		Progenesis	36.9																																																																																																																					
CHEBI:133530	C8H11NO4S	C=1(C=CC(=CC1)CCN)OS(O)(=O)=O	"InChI=1S/C8H11NO4S/c9-6-5-7-1-3-8(4-2-7)13-14(10,11)12/h1-4H,5-6,9H2,(H,10,11,12)"	Tyramine-O-sulfate	198.0225599		M-H2O-H	1	4.586583333	NCBITAXON:http://purl.bioontology.org/ontology/NCBITAXON/9606	Homo sapiens	HMDB		MSI:3		Progenesis	38.5																																																																																																																					
CHEBI:27747	C7H16N4O2	N[C@@H](CCCCNC(N)=N)C(O)=O	"InChI=1S/C7H16N4O2/c8-5(6(12)13)3-1-2-4-11-7(9)10/h5H,1-4,8H2,(H,12,13)(H4,9,10,11)/t5-/m0/s1"	Homo-L-arginine	223.0960124		M+Cl	1	4.586583333	NCBITAXON:http://purl.bioontology.org/ontology/NCBITAXON/9606	Homo sapiens	HMDB		MSI:3		Progenesis	38.1																																																																																																																					
CHEBI:17431	C5H14N4	NCCCCNC(N)=N	"InChI=1S/C5H14N4/c6-3-1-2-4-9-5(7)8/h1-4,6H2,(H4,7,8,9)"	Agmatine	165.0909876		M+Cl	1	4.7089	NCBITAXON:http://purl.bioontology.org/ontology/NCBITAXON/9606	Homo sapiens	HMDB		MSI:3		Progenesis	38.9																																																																																																																					
CHEBI:87774	C19H28O6S	C1[C@@]2([C@@]([C@@]3(C(C[C@@H](OS(O)(=O)=O)CC3)=C1)C)(CC[C@]4([C@]2(C[C@H](C4=O)O)[H])C)[H])[H]	"InChI=1S/C19H28O6S/c1-18-7-5-12(25-26(22,23)24)9-11(18)3-4-13-14(18)6-8-19(2)15(13)10-16(20)17(19)21/h3,12-16,20H,4-10H2,1-2H3,(H,22,23,24)/t12-,13+,14-,15-,16+,18-,19-/m0/s1"	16-hydroxy DHEA 3-sulfate	383.1521692		M-H	1	4.726383333	NCBITAXON:http://purl.bioontology.org/ontology/NCBITAXON/9606	Homo sapiens	HMDB		MSI:3		Progenesis	36.5																																																																																																																					
CHEBI:89714	C5H7NOS	CC(C1=NCCS1)=O	"InChI=1S/C5H7NOS/c1-4(7)5-6-2-3-8-5/h2-3H2,1H3"	"2-Acetyl-4,5-dihydrothiazole"	150.0006523		M+Na-2H	1	4.807566667	NCBITAXON:http://purl.bioontology.org/ontology/NCBITAXON/9606	Homo sapiens	HMDB		MSI:3		Progenesis	36.5																																																																																																																					
CHEBI:17869	C6H12O3	OCCCCCC(O)=O	"InChI=1S/C6H12O3/c7-5-3-1-2-4-6(8)9/h7H,1-5H2,(H,8,9)"	6-Hydroxyhexanoic acid	131.0702405		M-H	1	4.877466667	NCBITAXON:http://purl.bioontology.org/ontology/NCBITAXON/9606	Homo sapiens	HMDB		MSI:3		Progenesis	37.2																																																																																																																					
CHEBI:16737	C4H7N3O	CN1CC(=O)NC1=N	"InChI=1S/C4H7N3O/c1-7-2-3(8)6-4(7)5/h2H2,1H3,(H2,5,6,8)"	Creatinine	225.1124083		2M-H	1	4.877466667	NCBITAXON:http://purl.bioontology.org/ontology/NCBITAXON/9606	Homo sapiens	HMDB		MSI:3		Progenesis	37.7																																																																																																																					
CHEBI:28158	C20H34O6	CCCCC[C@H](O)\C=C\[C@H]1[C@H](O)C[C@H](O)[C@@H]1CC(=O)CCCCC(O)=O	"InChI=1S/C20H34O6/c1-2-3-4-7-14(21)10-11-16-17(19(24)13-18(16)23)12-15(22)8-5-6-9-20(25)26/h10-11,14,16-19,21,23-24H,2-9,12-13H2,1H3,(H,25,26)/b11-10+/t14-,16+,17+,18+,19-/m0/s1"	6-Keto-prostaglandin F1a	369.2275466		M-H	1	4.923683333	NCBITAXON:http://purl.bioontology.org/ontology/NCBITAXON/9606	Homo sapiens	HMDB		MSI:3		Progenesis	37.6																																																																																																																					
CHEBI:61725	C8H14O	[H]C(=O)C([H])=C([H])CCCCC	"InChI=1S/C8H14O/c1-2-3-4-5-6-7-8-9/h6-8H,2-5H2,1H3"	2-Octenal	171.1017113		M+FA-H	1	4.941166667	NCBITAXON:http://purl.bioontology.org/ontology/NCBITAXON/9606	Homo sapiens	HMDB		MSI:3		Progenesis	37.1																																																																																																																					
CHEBI:89540	C5H8O	O=C(C=CC)C	"InChI=1S/C5H8O/c1-3-4-5(2)6/h3-4H,1-2H3"	Methyl propenyl ketone	167.1062806		2M-H	1	5.011066667	NCBITAXON:http://purl.bioontology.org/ontology/NCBITAXON/9606	Homo sapiens	HMDB		MSI:3		Progenesis	37.7																																																																																																																					
CHEBI:28031	C20H30O5	CC\C=C/C[C@H](O)\C=C\[C@H]1[C@H](O)CC(=O)[C@@H]1C\C=C/CCCC(O)=O	"InChI=1S/C20H30O5/c1-2-3-6-9-15(21)12-13-17-16(18(22)14-19(17)23)10-7-4-5-8-11-20(24)25/h3-4,6-7,12-13,15-17,19,21,23H,2,5,8-11,14H2,1H3,(H,24,25)/b6-3-,7-4-,13-12+/t15-,16+,17+,19+/m0/s1"	Prostaglandin E3	331.1906815		"M-H2O-H, M+Cl"	1	5.046016667	NCBITAXON:http://purl.bioontology.org/ontology/NCBITAXON/9606	Homo sapiens	HMDB		MSI:3		Progenesis	37.4																																																																																																																					
CHEBI:83037	C19H30O5S	C1[C@@]2([C@@]([C@@]3([C@](C[C@H](OS(O)(=O)=O)CC3)(C1)[H])C)(CC[C@@]4(C(CC[C@@]24[H])=O)C)[H])[H]	"InChI=1S/C19H30O5S/c1-18-9-7-13(24-25(21,22)23)11-12(18)3-4-14-15-5-6-17(20)19(15,2)10-8-16(14)18/h12-16H,3-11H2,1-2H3,(H,21,22,23)/t12-,13+,14-,15-,16-,18-,19-/m0/s1"	Androsterone sulfate	369.1732609		M-H	1	5.1272	NCBITAXON:http://purl.bioontology.org/ontology/NCBITAXON/9606	Homo sapiens	HMDB		MSI:3		Progenesis	36.8																																																																																																																					
CHEBI:89285	C11H12O4	C=1C(=C(C=CC1CC2CCC(O2)=O)O)O	"InChI=1S/C11H12O4/c12-9-3-1-7(6-10(9)13)5-8-2-4-11(14)15-8/h1,3,6,8,12-13H,2,4-5H2"	"5-(3',4'-Dihydroxyphenyl)-gamma-valerolactone"	415.1383981		2M-H	1	5.1971	NCBITAXON:http://purl.bioontology.org/ontology/NCBITAXON/9606	Homo sapiens	HMDB		MSI:3		Progenesis	38.6																																																																																																																					
CHEBI:61725	C8H14O	[H]C(=O)C([H])=C([H])CCCCC	"InChI=1S/C8H14O/c1-2-3-4-5-6-7-8-9/h6-8H,2-5H2,1H3"	2-Octenal	171.101627		M+FA-H	1	5.278266667	NCBITAXON:http://purl.bioontology.org/ontology/NCBITAXON/9606	Homo sapiens	HMDB		MSI:3		Progenesis	36.8																																																																																																																					
CHEBI:88585	C11H16O	CC/C=C/CC1=C(C)CCC1=O	"InChI=1S/C11H16O/c1-3-4-5-6-10-9(2)7-8-11(10)12/h4-5H,3,6-8H2,1-2H3/b5-4+"	trans-Jasmone	209.1174594		M+FA-H	1	5.313233333	NCBITAXON:http://purl.bioontology.org/ontology/NCBITAXON/9606	Homo sapiens	HMDB		MSI:3		Progenesis	37.6																																																																																																																					
CHEBI:89285	C11H12O4	C=1C(=C(C=CC1CC2CCC(O2)=O)O)O	"InChI=1S/C11H12O4/c12-9-3-1-7(6-10(9)13)5-8-2-4-11(14)15-8/h1,3,6,8,12-13H,2,4-5H2"	"5-(3',4'-Dihydroxyphenyl)-gamma-valerolactone"	415.1385873		2M-H	1	5.36565	NCBITAXON:http://purl.bioontology.org/ontology/NCBITAXON/9606	Homo sapiens	HMDB		MSI:3		Progenesis	38.7																																																																																																																					
CHEBI:28865	C26H45NO7S	[H][C@@]12C[C@H](O)CC[C@]1(C)[C@@]1([H])C[C@H](O)[C@]3(C)[C@]([H])(CC[C@@]3([H])[C@]1([H])[C@H](O)C2)[C@H](C)CCC(=O)NCCS(O)(=O)=O	"InChI=1S/C26H45NO7S/c1-15(4-7-23(31)27-10-11-35(32,33)34)18-5-6-19-24-20(14-22(30)26(18,19)3)25(2)9-8-17(28)12-16(25)13-21(24)29/h15-22,24,28-30H,4-14H2,1-3H3,(H,27,31)(H,32,33,34)/t15-,16+,17-,18-,19+,20+,21-,22+,24+,25+,26-/m1/s1"	Taurocholic acid	514.2843441		M-H	1	5.36565	NCBITAXON:http://purl.bioontology.org/ontology/NCBITAXON/9606	Homo sapiens	HMDB		MSI:3		Progenesis	38																																																																																																																					
CHEBI:61725	C8H14O	[H]C(=O)C([H])=C([H])CCCCC	"InChI=1S/C8H14O/c1-2-3-4-5-6-7-8-9/h6-8H,2-5H2,1H3"	2-Octenal	171.1018605		M+FA-H	1	5.4643	NCBITAXON:http://purl.bioontology.org/ontology/NCBITAXON/9606	Homo sapiens	HMDB		MSI:3		Progenesis	37.4																																																																																																																					
CHEBI:89887	C10H14O4	OC(=O)CCCC(=C)C(=C)CC(O)=O	"InChI=1S/C10H14O4/c1-7(4-3-5-9(11)12)8(2)6-10(13)14/h1-6H2,(H,11,12)(H,13,14)"	"3,4-Methylene suberic acid"	197.0807807		M-H	1	5.49925	NCBITAXON:http://purl.bioontology.org/ontology/NCBITAXON/9606	Homo sapiens	HMDB		MSI:3		Progenesis	37																																																																																																																					
CHEBI:27747	C7H16N4O2	N[C@@H](CCCCNC(N)=N)C(O)=O	"InChI=1S/C7H16N4O2/c8-5(6(12)13)3-1-2-4-11-7(9)10/h5H,1-4,8H2,(H,12,13)(H4,9,10,11)/t5-/m0/s1"	Homo-L-arginine	223.0960953		M+Cl	1	5.49925	NCBITAXON:http://purl.bioontology.org/ontology/NCBITAXON/9606	Homo sapiens	HMDB		MSI:3		Progenesis	37.8																																																																																																																					
CHEBI:132607	C16H22O5	C1(=CC=CC=C1C(=O)OCC(CC)CCC(C)O)C(=O)O	"InChI=1S/C16H22O5/c1-3-12(9-8-11(2)17)10-21-16(20)14-7-5-4-6-13(14)15(18)19/h4-7,11-12,17H,3,8-10H2,1-2H3,(H,18,19)"	Mono-(2-ethyl-5-hydroxyhexyl) phthalate	293.1388568		M-H	1	5.615383333	NCBITAXON:http://purl.bioontology.org/ontology/NCBITAXON/9606	Homo sapiens	HMDB		MSI:3		Progenesis	37.1																																																																																																																					
CHEBI:27452	C8H8	C=Cc1ccccc1	"InChI=1S/C8H8/c1-2-8-6-4-3-5-7-8/h2-7H,1H2"	Styrene	149.0607308		M+FA-H	1	5.667816667	NCBITAXON:http://purl.bioontology.org/ontology/NCBITAXON/9606	Homo sapiens	HMDB		MSI:3		Progenesis	39.3																																																																																																																					
CHEBI:18102	C15H29NO4	CCCCCCCC(=O)O[C@H](CC([O-])=O)C[N+](C)(C)C	"InChI=1S/C15H29NO4/c1-5-6-7-8-9-10-15(19)20-13(11-14(17)18)12-16(2,3)4/h13H,5-12H2,1-4H3/t13-/m1/s1"	L-Octanoylcarnitine	268.1932168		M-H2O-H	1	5.702766667	NCBITAXON:http://purl.bioontology.org/ontology/NCBITAXON/9606	Homo sapiens	HMDB		MSI:3		Progenesis	35.6																																																																																																																					
CHEBI:145972	C23H38O2	O(CCCCCCCCCCCCCCCC)C(=O)C1=CC=CC=C1	"InChI=1S/C23H38O2/c1-2-3-4-5-6-7-8-9-10-11-12-13-14-18-21-25-23(24)22-19-16-15-17-20-22/h15-17,19-20H,2-14,18,21H2,1H3"	Hexadecyl Benzoic acid	367.2616289		M+Na-2H	1	5.72025	NCBITAXON:http://purl.bioontology.org/ontology/NCBITAXON/9606	Homo sapiens	HMDB		MSI:3		Progenesis	35.3																																																																																																																					
CHEBI:89417	C25H38O8	C1[C@@]2([C@]3(CC[C@]4([C@]([C@@]3(CC[C@]2(CC(C1)=O)[H])[H])(CC[C@@H]4O[C@H]5[C@@H]([C@H]([C@@H]([C@H](O5)C(=O)O)O)O)O)[H])C)[H])C	"InChI=1S/C25H38O8/c1-24-9-7-13(26)11-12(24)3-4-14-15-5-6-17(25(15,2)10-8-16(14)24)32-23-20(29)18(27)19(28)21(33-23)22(30)31/h12,14-21,23,27-29H,3-11H2,1-2H3,(H,30,31)/t12-,14-,15-,16-,17-,18-,19-,20+,21-,23+,24-,25-/m0/s1"	5-alpha-Dihydrotestosterone glucuronide	465.2487002		M-H	1	5.737716667	NCBITAXON:http://purl.bioontology.org/ontology/NCBITAXON/9606	Homo sapiens	HMDB		MSI:3		Progenesis	37.4																																																																																																																					
CHEBI:4676	C12H22O4	OC(=O)CCCCCCCCCCC(O)=O	"InChI=1S/C12H22O4/c13-11(14)9-7-5-3-1-2-4-6-8-10-12(15)16/h1-10H2,(H,13,14)(H,15,16)"	Dodecanedioic acid	229.143571		"M-H2O-H, M-H"	1	5.871316667	NCBITAXON:http://purl.bioontology.org/ontology/NCBITAXON/9606	Homo sapiens	HMDB		MSI:3		Progenesis	36																																																																																																																					
CHEBI:83037	C19H30O5S	C1[C@@]2([C@@]([C@@]3([C@](C[C@H](OS(O)(=O)=O)CC3)(C1)[H])C)(CC[C@@]4(C(CC[C@@]24[H])=O)C)[H])[H]	"InChI=1S/C19H30O5S/c1-18-9-7-13(24-25(21,22)23)11-12(18)3-4-14-15-5-6-17(20)19(15,2)10-8-16(14)18/h12-16H,3-11H2,1-2H3,(H,21,22,23)/t12-,13+,14-,15-,16-,18-,19-/m0/s1"	Androsterone sulfate	369.1737677		M-H	1	5.871316667	NCBITAXON:http://purl.bioontology.org/ontology/NCBITAXON/9606	Homo sapiens	HMDB		MSI:3		Progenesis	37.9																																																																																																																					
CHEBI:89129	C26H43NO8S	C1[C@H](C[C@@]2([C@](C1)([C@@]3([C@@]([C@H](C2)O)([C@]4([C@](CC3)([C@](CC4)([C@@H](CCC(NCC(O)=O)=O)C)[H])C)[H])[H])[H])C)[H])OS(O)(=O)=O	"InChI=1S/C26H43NO8S/c1-15(4-7-22(29)27-14-23(30)31)18-5-6-19-24-20(9-11-26(18,19)3)25(2)10-8-17(35-36(32,33)34)12-16(25)13-21(24)28/h15-21,24,28H,4-14H2,1-3H3,(H,27,29)(H,30,31)(H,32,33,34)/t15-,16+,17-,18-,19+,20+,21+,24+,25+,26-/m1/s1"	"N-[(3a,5b,7b)-7-hydroxy-24-oxo-3-(sulfooxy)cholan-24-yl]-Glycine"	528.2626769		"M-2H, M-H"	1	5.8888	NCBITAXON:http://purl.bioontology.org/ontology/NCBITAXON/9606	Homo sapiens	HMDB		MSI:3		Progenesis	36																																																																																																																					
CHEBI:32320	C12H20O2	CC(=O)OC(C)(C)C1CCC(C)=CC1	"InChI=1S/C12H20O2/c1-9-5-7-11(8-6-9)12(3,4)14-10(2)13/h5,11H,6-8H2,1-4H3"	alpha-Terpineol acetate	241.143102		M+FA-H	1	5.906266667	NCBITAXON:http://purl.bioontology.org/ontology/NCBITAXON/9606	Homo sapiens	HMDB		MSI:3		Progenesis	36.3																																																																																																																					
CHEBI:1189	C19H24O3	[H][C@]12CC[C@]3(C)C(=O)CC[C@@]3([H])[C@]1([H])CCc1cc(O)c(OC)cc21	"InChI=1S/C19H24O3/c1-19-8-7-12-13(15(19)5-6-18(19)21)4-3-11-9-16(20)17(22-2)10-14(11)12/h9-10,12-13,15,20H,3-8H2,1-2H3/t12-,13+,15-,19-/m0/s1"	2-Methoxyestrone	281.1545639		"M-H2O-H, M-H"	1	5.9525	NCBITAXON:http://purl.bioontology.org/ontology/NCBITAXON/9606	Homo sapiens	HMDB		MSI:3		Progenesis	37.8																																																																																																																					
CHEBI:88921	C14H22O	CCC(/C=C/C1=C(C)CCCC1(C)C)=O	"InChI=1S/C14H22O/c1-5-12(15)8-9-13-11(2)7-6-10-14(13,3)4/h8-9H,5-7,10H2,1-4H3/b9-8+"	"1-(2,6,6-Trimethyl-1-cyclohexen-1-yl)-1-penten-3-one"	227.1261768		"M-H, M+Na-2H"	1	5.969966667	NCBITAXON:http://purl.bioontology.org/ontology/NCBITAXON/9606	Homo sapiens	HMDB		MSI:3		Progenesis	36.9																																																																																																																					
CHEBI:6456	C14H22N2O	CCN(CC)CC(=O)Nc1c(C)cccc1C	"InChI=1S/C14H22N2O/c1-5-16(6-2)10-13(17)15-14-11(3)8-7-9-12(14)4/h7-9H,5-6,10H2,1-4H3,(H,15,17)"	Lidocaine	269.1421076		M+Cl	1	5.98745	NCBITAXON:http://purl.bioontology.org/ontology/NCBITAXON/9606	Homo sapiens	HMDB		MSI:3		Progenesis	38.5																																																																																																																					
CHEBI:88534	C10H18O2	C=CC1(C)CCC(C(C)(C)O)O1	"InChI=1S/C10H18O2/c1-5-10(4)7-6-8(12-10)9(2,3)11/h5,8,11H,1,6-7H2,2-4H3"	Linalyl oxide	215.1279313		M+FA-H	1	6.0224	NCBITAXON:http://purl.bioontology.org/ontology/NCBITAXON/9606	Homo sapiens	HMDB		MSI:3		Progenesis	36.9																																																																																																																					
CHEBI:23774	C9H14N2O6	OC[C@H]1O[C@H]([C@H](O)[C@@H]1O)N1CCC(=O)NC1=O	"InChI=1S/C9H14N2O6/c12-3-4-6(14)7(15)8(17-4)11-2-1-5(13)10-9(11)16/h4,6-8,12,14-15H,1-3H2,(H,10,13,16)/t4-,6-,7-,8-/m1/s1"	"5,6-Dihydrouridine"	245.0799341		M-H	1	6.0224	NCBITAXON:http://purl.bioontology.org/ontology/NCBITAXON/9606	Homo sapiens	HMDB		MSI:3		Progenesis	36.4																																																																																																																					
CHEBI:75009	C9H16N2O5	CC(C)[C@H](N)C(=O)N[C@@H](CC(O)=O)C(O)=O	"InChI=1S/C9H16N2O5/c1-4(2)7(10)8(14)11-5(9(15)16)3-6(12)13/h4-5,7H,3,10H2,1-2H3,(H,11,14)(H,12,13)(H,15,16)/t5-,7-/m0/s1"	Valyl-Aspartate	269.0543749		M+K-2H	1	6.0224	NCBITAXON:http://purl.bioontology.org/ontology/NCBITAXON/9606	Homo sapiens	HMDB		MSI:3		Progenesis	37.8																																																																																																																					
CHEBI:80774	C26H45NO6S	C1[C@@]2([C@]3(CC[C@]4([C@]([C@@]3([C@H](C[C@@]2(C[C@@H](C1)O)[H])O)[H])(CC[C@]4([H])[C@@H](CCC(NCCS(O)(=O)=O)=O)C)[H])C)[H])C	"InChI=1S/C26H45NO6S/c1-16(4-7-23(30)27-12-13-34(31,32)33)19-5-6-20-24-21(9-11-26(19,20)3)25(2)10-8-18(28)14-17(25)15-22(24)29/h16-22,24,28-29H,4-15H2,1-3H3,(H,27,30)(H,31,32,33)/t16-,17+,18-,19-,20+,21+,22+,24+,25+,26-/m1/s1"	Tauroursodeoxycholic acid	498.2893721		M-H	1	6.074833333	NCBITAXON:http://purl.bioontology.org/ontology/NCBITAXON/9606	Homo sapiens	HMDB		MSI:3		Progenesis	38.1																																																																																																																					
CHEBI:145957	C12H16O	O=C(CCCC)CC1=CC=CC=C1	"InChI=1S/C12H16O/c1-2-3-9-12(13)10-11-7-5-4-6-8-11/h4-8H,2-3,9-10H2,1H3"	1-Phenyl-2-hexanone	221.1173958		M+FA-H	1	6.138533333	NCBITAXON:http://purl.bioontology.org/ontology/NCBITAXON/9606	Homo sapiens	HMDB		MSI:3		Progenesis	37.7																																																																																																																					
CHEBI:61726	C9H16O	[H]C(=O)C([H])=C([H])CCCCCC	"InChI=1S/C9H16O/c1-2-3-4-5-6-7-8-9-10/h7-9H,2-6H2,1H3"	2-Nonenal	185.1173242		M+FA-H	1	6.156	NCBITAXON:http://purl.bioontology.org/ontology/NCBITAXON/9606	Homo sapiens	HMDB		MSI:3		Progenesis	37																																																																																																																					
CHEBI:89935	C12H18O4	OC(=O)CCCCCC(=C)C(=C)CC(O)=O	"InChI=1S/C12H18O4/c1-9(10(2)8-12(15)16)6-4-3-5-7-11(13)14/h1-8H2,(H,13,14)(H,15,16)"	"3,4-Methylenesebacic acid"	207.100772		M-H2O-H	1	6.208433333	NCBITAXON:http://purl.bioontology.org/ontology/NCBITAXON/9606	Homo sapiens	HMDB		MSI:3		Progenesis	36																																																																																																																					
CHEBI:89902	C11H16O4	OC(=O)CCCCC(=C)C(=C)CC(O)=O	"InChI=1S/C11H16O4/c1-8(9(2)7-11(14)15)5-3-4-6-10(12)13/h1-7H2,(H,12,13)(H,14,15)"	"3,4-Methyleneazelaic acid"	193.0852162		M-H2O-H	1	6.289616667	NCBITAXON:http://purl.bioontology.org/ontology/NCBITAXON/9606	Homo sapiens	HMDB		MSI:3		Progenesis	36.4																																																																																																																					
CHEBI:80774	C26H45NO6S	C1[C@@]2([C@]3(CC[C@]4([C@]([C@@]3([C@H](C[C@@]2(C[C@@H](C1)O)[H])O)[H])(CC[C@]4([H])[C@@H](CCC(NCCS(O)(=O)=O)=O)C)[H])C)[H])C	"InChI=1S/C26H45NO6S/c1-16(4-7-23(30)27-12-13-34(31,32)33)19-5-6-20-24-21(9-11-26(19,20)3)25(2)10-8-18(28)14-17(25)15-22(24)29/h16-22,24,28-29H,4-15H2,1-3H3,(H,27,30)(H,31,32,33)/t16-,17+,18-,19-,20+,21+,22+,24+,25+,26-/m1/s1"	Tauroursodeoxycholic acid	498.2888623		M-H	1	6.289616667	NCBITAXON:http://purl.bioontology.org/ontology/NCBITAXON/9606	Homo sapiens	HMDB		MSI:3		Progenesis	37.4																																																																																																																					
CHEBI:7476	C14H14O3	COc1ccc2cc(ccc2c1)[C@H](C)C(O)=O	"InChI=1S/C14H14O3/c1-9(14(15)16)10-3-4-12-8-13(17-2)6-5-11(12)7-10/h3-9H,1-2H3,(H,15,16)/t9-/m0/s1"	Naproxen	267.0419181		M+K-2H	1	6.324566667	NCBITAXON:http://purl.bioontology.org/ontology/NCBITAXON/9606	Homo sapiens	HMDB		MSI:3		Progenesis	37.3																																																																																																																					
CHEBI:50048	C8H11N			Phenylethylamine	158.0376959		M+K-2H	1	6.376983333	NCBITAXON:http://purl.bioontology.org/ontology/NCBITAXON/9606	Homo sapiens	HMDB		MSI:3		Progenesis	39.6																																																																																																																					
CHEBI:17043	C12H10O	Oc1ccccc1-c1ccccc1	"InChI=1S/C12H10O/c13-12-9-5-4-8-11(12)10-6-2-1-3-7-10/h1-9,13H"	2-Biphenylol	169.0659047		M-H	1	6.376983333	NCBITAXON:http://purl.bioontology.org/ontology/NCBITAXON/9606	Homo sapiens	HMDB		MSI:3		Progenesis	35.4																																																																																																																					
CHEBI:77131	C11H12O5	COc1cc(C=CC(O)=O)cc(OC)c1O	"InChI=1S/C11H12O5/c1-15-8-5-7(3-4-10(12)13)6-9(16-2)11(8)14/h3-6,14H,1-2H3,(H,12,13)"	Sinapic acid	447.1331196		2M-H	1	6.376983333	NCBITAXON:http://purl.bioontology.org/ontology/NCBITAXON/9606	Homo sapiens	HMDB		MSI:3		Progenesis	37.6																																																																																																																					
CHEBI:36206	C12H24O3	CCCCCCCCCC(O)CC(O)=O	"InChI=1S/C12H24O3/c1-2-3-4-5-6-7-8-9-11(13)10-12(14)15/h11,13H,2-10H2,1H3,(H,14,15)"	3-Hydroxydodecanoic acid	197.1530898		M-H2O-H	1	6.411933333	NCBITAXON:http://purl.bioontology.org/ontology/NCBITAXON/9606	Homo sapiens	HMDB		MSI:3		Progenesis	36.3																																																																																																																					
CHEBI:145961	C12H22O5	C(CC(CCCCCCCCC(O)=O)O)(O)=O	"InChI=1S/C12H22O5/c13-10(9-12(16)17)7-5-3-1-2-4-6-8-11(14)15/h10,13H,1-9H2,(H,14,15)(H,16,17)"	3-Hydroxydodecanedioic acid	267.1201697		M+Na-2H	1	6.475633333	NCBITAXON:http://purl.bioontology.org/ontology/NCBITAXON/9606	Homo sapiens	HMDB		MSI:3		Progenesis	37.1																																																																																																																					
CHEBI:16359	C24H40O5	[H][C@@]12C[C@H](O)CC[C@]1(C)[C@@]1([H])C[C@H](O)[C@]3(C)[C@]([H])(CC[C@@]3([H])[C@]1([H])[C@H](O)C2)[C@H](C)CCC(O)=O	"InChI=1S/C24H40O5/c1-13(4-7-21(28)29)16-5-6-17-22-18(12-20(27)24(16,17)3)23(2)9-8-15(25)10-14(23)11-19(22)26/h13-20,22,25-27H,4-12H2,1-3H3,(H,28,29)/t13-,14+,15-,16-,17+,18+,19-,20+,22+,23+,24-/m1/s1"	Cholic acid	407.2793212		M-H	1	6.493116667	NCBITAXON:http://purl.bioontology.org/ontology/NCBITAXON/9606	Homo sapiens	HMDB		MSI:3		Progenesis	37.2																																																																																																																					
CHEBI:44920	C8H18O5	OCCOCCOCCOCCO	"InChI=1S/C8H18O5/c9-1-3-11-5-7-13-8-6-12-4-2-10/h9-10H,1-8H2"	Tetraethylene glycol	229.0857921		M+Cl	1	6.563016667	NCBITAXON:http://purl.bioontology.org/ontology/NCBITAXON/9606	Homo sapiens	HMDB		MSI:3		Progenesis	37.6																																																																																																																					
CHEBI:83037	C19H30O5S	C1[C@@]2([C@@]([C@@]3([C@](C[C@H](OS(O)(=O)=O)CC3)(C1)[H])C)(CC[C@@]4(C(CC[C@@]24[H])=O)C)[H])[H]	"InChI=1S/C19H30O5S/c1-18-9-7-13(24-25(21,22)23)11-12(18)3-4-14-15-5-6-17(20)19(15,2)10-8-16(14)18/h12-16H,3-11H2,1-2H3,(H,21,22,23)/t12-,13+,14-,15-,16-,18-,19-/m0/s1"	Androsterone sulfate	369.1734026		M-H	1	6.5805	NCBITAXON:http://purl.bioontology.org/ontology/NCBITAXON/9606	Homo sapiens	HMDB		MSI:3		Progenesis	36.8																																																																																																																					
CHEBI:35420	C21H32O5S	C1[C@@]2([C@]3(CC[C@]4(C)[C@@H](C(C)=O)CC[C@]4([C@@]3(CC=C2C[C@H](C1)OS(O)(=O)=O)[H])[H])[H])C	"InChI=1S/C21H32O5S/c1-13(22)17-6-7-18-16-5-4-14-12-15(26-27(23,24)25)8-10-20(14,2)19(16)9-11-21(17,18)3/h4,15-19H,5-12H2,1-3H3,(H,23,24,25)/t15-,16-,17+,18-,19-,20-,21+/m0/s1"	Pregnenolone sulfate	395.1889076		M-H	1	6.5805	NCBITAXON:http://purl.bioontology.org/ontology/NCBITAXON/9606	Homo sapiens	HMDB		MSI:3		Progenesis	36.8																																																																																																																					
CHEBI:74120	C7H14N2O3S	CSCC[C@H](NC(=O)CN)C(O)=O	"InChI=1S/C7H14N2O3S/c1-13-3-2-5(7(11)12)9-6(10)4-8/h5H,2-4,8H2,1H3,(H,9,10)(H,11,12)/t5-/m0/s1"	Glycyl-Methionine	227.046343		M+Na-2H	1	6.60925	NCBITAXON:http://purl.bioontology.org/ontology/NCBITAXON/9606	Homo sapiens	HMDB		MSI:3		Progenesis	38																																																																																																																					
CHEBI:22951	C4H8O			Butanone	143.1070312		2M-H	1	6.626716667	NCBITAXON:http://purl.bioontology.org/ontology/NCBITAXON/9606	Homo sapiens	HMDB		MSI:3		Progenesis	38.4																																																																																																																					
CHEBI:145973	C15H22O	O=C(CCCCCCCC)C1=CC=CC=C1	"InChI=1S/C15H22O/c1-2-3-4-5-6-10-13-15(16)14-11-8-7-9-12-14/h7-9,11-12H,2-6,10,13H2,1H3"	N-Octyl phenyl ketone	263.1643198		M+FA-H	1	6.626716667	NCBITAXON:http://purl.bioontology.org/ontology/NCBITAXON/9606	Homo sapiens	HMDB		MSI:3		Progenesis	37																																																																																																																					
CHEBI:16424	C8H8O	[H]C(=O)Cc1ccccc1	"InChI=1S/C8H8O/c9-7-6-8-4-2-1-3-5-8/h1-5,7H,6H2"	Phenylacetaldehyde	155.0258106		M+Cl	1	6.6442	NCBITAXON:http://purl.bioontology.org/ontology/NCBITAXON/9606	Homo sapiens	HMDB		MSI:3		Progenesis	36.6																																																																																																																					
CHEBI:89509	C9H14S	C=1C=CSC1CCCCC	"InChI=1S/C9H14S/c1-2-3-4-6-9-7-5-8-10-9/h5,7-8H,2-4,6H2,1H3"	2-Pentylthiophene	307.1552864		2M-H	1	6.6442	NCBITAXON:http://purl.bioontology.org/ontology/NCBITAXON/9606	Homo sapiens	HMDB		MSI:3		Progenesis	37.7																																																																																																																					
CHEBI:31038	C9H12O3	COc1cc(OC)cc(OC)c1	"InChI=1S/C9H12O3/c1-10-7-4-8(11-2)6-9(5-7)12-3/h4-6H,1-3H3"	"1,3,5-Trimethoxybenzene"	335.1493981		2M-H	1	6.67915	NCBITAXON:http://purl.bioontology.org/ontology/NCBITAXON/9606	Homo sapiens	HMDB		MSI:3		Progenesis	39.1																																																																																																																					
CHEBI:34123	C13H28O	CCCCCCCCCCCCCO	"InChI=1S/C13H28O/c1-2-3-4-5-6-7-8-9-10-11-12-13-14/h14H,2-13H2,1H3"	Tridecanol	221.1892531		M+Na-2H	1	6.795283333	NCBITAXON:http://purl.bioontology.org/ontology/NCBITAXON/9606	Homo sapiens	HMDB		MSI:3		Progenesis	37.4																																																																																																																					
CHEBI:28671	C10H12O	CC(C)c1ccc(C=O)cc1	"InChI=1S/C10H12O/c1-8(2)10-5-3-9(7-11)4-6-10/h3-8H,1-2H3"	Cuminaldehyde	169.0644666		M+Na-2H	1	6.830233333	NCBITAXON:http://purl.bioontology.org/ontology/NCBITAXON/9606	Homo sapiens	HMDB		MSI:3		Progenesis	37.4																																																																																																																					
CHEBI:76308	C14H26O4	OC(CCCCCCCCCCCCC(O)=O)=O	"InChI=1S/C14H26O4/c15-13(16)11-9-7-5-3-1-2-4-6-8-10-12-14(17)18/h1-12H2,(H,15,16)(H,17,18)"	Tetradecanedioic acid	257.1748244		M-H	1	6.8477	NCBITAXON:http://purl.bioontology.org/ontology/NCBITAXON/9606	Homo sapiens	HMDB		MSI:3		Progenesis	37																																																																																																																					
CHEBI:89509	C9H14S	C=1C=CSC1CCCCC	"InChI=1S/C9H14S/c1-2-3-4-6-9-7-5-8-10-9/h5,7-8H,2-4,6H2,1H3"	2-Pentylthiophene	307.1551181		2M-H	1	6.88265	NCBITAXON:http://purl.bioontology.org/ontology/NCBITAXON/9606	Homo sapiens	HMDB		MSI:3		Progenesis	38.3																																																																																																																					
CHEBI:89526	C6H8O	CC=1C=C(C)OC1	"InChI=1S/C6H8O/c1-5-3-6(2)7-4-5/h3-4H,1-2H3"	"2,4-Dimethylfuran"	191.1061645		2M-H	1	6.917616667	NCBITAXON:http://purl.bioontology.org/ontology/NCBITAXON/9606	Homo sapiens	HMDB		MSI:3		Progenesis	36.9																																																																																																																					
CHEBI:42504	C15H30O2	CCCCCCCCCCCCCCC(O)=O	"InChI=1S/C15H30O2/c1-2-3-4-5-6-7-8-9-10-11-12-13-14-15(16)17/h2-14H2,1H3,(H,16,17)"	Pentadecanoic acid	223.2054792		M-H2O-H	1	6.94635	NCBITAXON:http://purl.bioontology.org/ontology/NCBITAXON/9606	Homo sapiens	HMDB		MSI:3		Progenesis	36.9																																																																																																																					
CHEBI:89606	C18H30O4	C(CC1C(/C=C/C(CCCCCCCC(O)=O)=O)O1)CCC	"InChI=1S/C18H30O4/c1-2-3-7-11-16-17(22-16)14-13-15(19)10-8-5-4-6-9-12-18(20)21/h13-14,16-17H,2-12H2,1H3,(H,20,21)/b14-13+"	12(13)Ep-9-KODE	309.2061609		M-H	1	6.94635	NCBITAXON:http://purl.bioontology.org/ontology/NCBITAXON/9606	Homo sapiens	HMDB		MSI:3		Progenesis	36.6																																																																																																																					
CHEBI:28123	C4H11NO2	OCCNCCO	"InChI=1S/C4H11NO2/c6-3-1-5-2-4-7/h5-7H,1-4H2"	Diethanolamine	209.1521496		2M-H	1	6.998783333	NCBITAXON:http://purl.bioontology.org/ontology/NCBITAXON/9606	Homo sapiens	HMDB		MSI:3		Progenesis	37.6																																																																																																																					
CHEBI:89984	C8H12O	CC(C)=C/C=C\C(C)=O	"InChI=1S/C8H12O/c1-7(2)5-4-6-8(3)9/h4-6H,1-3H3/b6-4-"	"6-Methyl-3,5-heptadien-2-one"	247.168921		2M-H	1	6.998783333	NCBITAXON:http://purl.bioontology.org/ontology/NCBITAXON/9606	Homo sapiens	HMDB		MSI:3		Progenesis	38.3																																																																																																																					
CHEBI:132606	C16H20O5	C1(=CC=CC=C1C(=O)OCC(CC)CCC(C)=O)C(=O)O	"InChI=1S/C16H20O5/c1-3-12(9-8-11(2)17)10-21-16(20)14-7-5-4-6-13(14)15(18)19/h4-7,12H,3,8-10H2,1-2H3,(H,18,19)"	Mono-(2-ethyl-5-oxohexyl) phthalate	291.1230869		M-H	1	7.016266667	NCBITAXON:http://purl.bioontology.org/ontology/NCBITAXON/9606	Homo sapiens	HMDB		MSI:3		Progenesis	38.2																																																																																																																					
CHEBI:73723	C20H37NO3	C(\CCCCCCCC(=O)NCC(O)=O)=C\CCCCCCCC	"InChI=1S/C20H37NO3/c1-2-3-4-5-6-7-8-9-10-11-12-13-14-15-16-17-19(22)21-18-20(23)24/h9-10H,2-8,11-18H2,1H3,(H,21,22)(H,23,24)/b10-9-"	Oleoyl glycine	374.2440975		M+Cl	1	7.051216667	NCBITAXON:http://purl.bioontology.org/ontology/NCBITAXON/9606	Homo sapiens	HMDB		MSI:3		Progenesis	36.3																																																																																																																					
CHEBI:131743	C21H44NO7P	P(OC[C@@H](CO)OC(CCCCCCCCCCCCCCC)=O)(=O)(OCCN)O	"InChI=1S/C21H44NO7P/c1-2-3-4-5-6-7-8-9-10-11-12-13-14-15-21(24)29-20(18-23)19-28-30(25,26)27-17-16-22/h20,23H,2-19,22H2,1H3,(H,25,26)/t20-/m1/s1"	LysoPE(0:0/16:0)	452.2772941		M-H	1	7.086166667	NCBITAXON:http://purl.bioontology.org/ontology/NCBITAXON/9606	Homo sapiens	HMDB		MSI:3		Progenesis	37.5																																																																																																																					
CHEBI:86595	C12H22O2	CCCCCC\C=C/CCCC(O)=O	"InChI=1S/C12H22O2/c1-2-3-4-5-6-7-8-9-10-11-12(13)14/h7-8H,2-6,9-11H2,1H3,(H,13,14)/b8-7-"	5Z-Dodecenoic acid	243.1593713		M+FA-H	1	7.132383333	NCBITAXON:http://purl.bioontology.org/ontology/NCBITAXON/9606	Homo sapiens	HMDB		MSI:3		Progenesis	37.1																																																																																																																					
CHEBI:68641	C10H12N2O	[H][C@]1(CCC(=O)N1C)c1cccnc1	"InChI=1S/C10H12N2O/c1-12-9(4-5-10(12)13)8-3-2-6-11-7-8/h2-3,6-7,9H,4-5H2,1H3/t9-/m0/s1"	Cotinine	351.1804251		2M-H	1	7.149866667	NCBITAXON:http://purl.bioontology.org/ontology/NCBITAXON/9606	Homo sapiens	HMDB		MSI:3		Progenesis	37																																																																																																																					
CHEBI:18344	C10H7NO3	OC(=O)c1cc(O)c2ccccc2n1	"InChI=1S/C10H7NO3/c12-9-5-8(10(13)14)11-7-4-2-1-3-6(7)9/h1-5H,(H,11,12)(H,13,14)"	Kynurenic acid	377.0764206		2M-H	1	7.167333333	NCBITAXON:http://purl.bioontology.org/ontology/NCBITAXON/9606	Homo sapiens	HMDB		MSI:3		Progenesis	34.5																																																																																																																					
CHEBI:131743	C21H44NO7P	P(OC[C@@H](CO)OC(CCCCCCCCCCCCCCC)=O)(=O)(OCCN)O	"InChI=1S/C21H44NO7P/c1-2-3-4-5-6-7-8-9-10-11-12-13-14-15-21(24)29-20(18-23)19-28-30(25,26)27-17-16-22/h20,23H,2-19,22H2,1H3,(H,25,26)/t20-/m1/s1"	LysoPE(0:0/16:0)	434.2658892		M-H2O-H	1	7.167333333	NCBITAXON:http://purl.bioontology.org/ontology/NCBITAXON/9606	Homo sapiens	HMDB		MSI:3		Progenesis	38.2																																																																																																																					
CHEBI:15971	C6H9N3O2	N[C@@H](Cc1c[nH]cn1)C(O)=O	"InChI=1S/C6H9N3O2/c7-5(6(10)11)1-4-2-8-3-9-4/h2-3,5H,1,7H2,(H,8,9)(H,10,11)/t5-/m0/s1"	L-Histidine	154.0624156		M-H	1	7.23725	NCBITAXON:http://purl.bioontology.org/ontology/NCBITAXON/9606	Homo sapiens	HMDB		MSI:3		Progenesis	38.8																																																																																																																					
CHEBI:32368	C11H22O2	CCCCCCCCCCC(O)=O	"InChI=1S/C11H22O2/c1-2-3-4-5-6-7-8-9-10-11(12)13/h2-10H2,1H3,(H,12,13)"	Undecanoic acid	167.1428519		M-H2O-H	1	7.23725	NCBITAXON:http://purl.bioontology.org/ontology/NCBITAXON/9606	Homo sapiens	HMDB		MSI:3		Progenesis	36.9																																																																																																																					
CHEBI:37550	C18H38NO5P	CCCCCCCCCCCCC\C=C\[C@@H](O)[C@@H](N)COP(O)(O)=O	"InChI=1S/C18H38NO5P/c1-2-3-4-5-6-7-8-9-10-11-12-13-14-15-18(20)17(19)16-24-25(21,22)23/h14-15,17-18,20H,2-13,16,19H2,1H3,(H2,21,22,23)/b15-14+/t17-,18+/m0/s1"	Sphingosine 1-phosphate	424.2456903		M+FA-H	1	7.23725	NCBITAXON:http://purl.bioontology.org/ontology/NCBITAXON/9606	Homo sapiens	HMDB		MSI:3		Progenesis	37.2																																																																																																																					
CHEBI:545687	C12H20O4	OC(=O)CCCCCCCC\C=C\C(O)=O	"InChI=1S/C12H20O4/c13-11(14)9-7-5-3-1-2-4-6-8-10-12(15)16/h7,9H,1-6,8,10H2,(H,13,14)(H,15,16)/b9-7+"	Traumatic acid	249.1119719		M+Na-2H	1	7.283466667	NCBITAXON:http://purl.bioontology.org/ontology/NCBITAXON/9606	Homo sapiens	HMDB		MSI:3		Progenesis	37.4																																																																																																																					
CHEBI:88854	C8H16	C/C(=C(/C(C)CCC)\[H])/[H]	"InChI=1S/C8H16/c1-4-6-8(3)7-5-2/h4,6,8H,5,7H2,1-3H3/b6-4+"	(E)-4-Methyl-2-heptene	157.1234034		M+FA-H	1	7.30095	NCBITAXON:http://purl.bioontology.org/ontology/NCBITAXON/9606	Homo sapiens	HMDB		MSI:3		Progenesis	39.9																																																																																																																					
CHEBI:4676	C12H22O4	OC(=O)CCCCCCCCCCC(O)=O	"InChI=1S/C12H22O4/c13-11(14)9-7-5-3-1-2-4-6-8-10-12(15)16/h1-10H2,(H,13,14)(H,15,16)"	Dodecanedioic acid	211.1328215		M-H2O-H	1	7.30095	NCBITAXON:http://purl.bioontology.org/ontology/NCBITAXON/9606	Homo sapiens	HMDB		MSI:3		Progenesis	37.2																																																																																																																					
CHEBI:88427	C16H22O4	O1C(CCC=2C1=C(C(=C(C2C)O)C)C)(CCC(=O)O)C	"InChI=1S/C16H22O4/c1-9-10(2)15-12(11(3)14(9)19)5-7-16(4,20-15)8-6-13(17)18/h19H,5-8H2,1-4H3,(H,17,18)"	alpha-CEHC	277.1430959		M-H	1	7.30095	NCBITAXON:http://purl.bioontology.org/ontology/NCBITAXON/9606	Homo sapiens	HMDB		MSI:3		Progenesis	36.5																																																																																																																					
CHEBI:55365	C15H20O	CCCCCC\C(C=O)=C/c1ccccc1	"InChI=1S/C15H20O/c1-2-3-4-6-11-15(13-16)12-14-9-7-5-8-10-14/h5,7-10,12-13H,2-4,6,11H2,1H3/b15-12+"	2-Hexyl-3-phenyl-2-propenal	261.1489524		M+FA-H	1	7.318416667	NCBITAXON:http://purl.bioontology.org/ontology/NCBITAXON/9606	Homo sapiens	HMDB		MSI:3		Progenesis	38																																																																																																																					
CHEBI:145974	C6H15NO2Si	[Si](C[C@H](N)C(O)=O)(C)(C)C	"InChI=1S/C6H15NO2Si/c1-10(2,3)4-5(7)6(8)9/h5H,4,7H2,1-3H3,(H,8,9)/t5-/m0/s1"	Trimethylsilyl L-Alanine	321.1690565		2M-H	1	7.3359	NCBITAXON:http://purl.bioontology.org/ontology/NCBITAXON/9606	Homo sapiens	HMDB		MSI:3		Progenesis	36.7																																																																																																																					
CHEBI:89393	C14H26O2	C(CCC/C=C/CCCCCCCC)(=O)O	"InChI=1S/C14H26O2/c1-2-3-4-5-6-7-8-9-10-11-12-13-14(15)16/h9-10H,2-8,11-13H2,1H3,(H,15,16)/b10-9+"	5-Tetradecenoic acid	271.1910662		M+FA-H	1	7.353366667	NCBITAXON:http://purl.bioontology.org/ontology/NCBITAXON/9606	Homo sapiens	HMDB		MSI:3		Progenesis	37.5																																																																																																																					
CHEBI:18015	C13H22O	CC(=O)CCC1=C(C)CCCC1(C)C	"InChI=1S/C13H22O/c1-10-6-5-9-13(3,4)12(10)8-7-11(2)14/h5-9H2,1-4H3"	"4-(2,6,6-Trimethyl-1-cyclohexen-1-yl)-2-butanone"	193.1602472		M-H	1	7.37085	NCBITAXON:http://purl.bioontology.org/ontology/NCBITAXON/9606	Homo sapiens	HMDB		MSI:3		Progenesis	38.9																																																																																																																					
CHEBI:28897	C15H32	CCCCCCCCCCCCCCC	"InChI=1S/C15H32/c1-3-5-7-9-11-13-15-14-12-10-8-6-4-2/h3-15H2,1-2H3"	Pentadecane	249.1870315		"M-H2O-H, M+K-2H"	1	7.37085	NCBITAXON:http://purl.bioontology.org/ontology/NCBITAXON/9606	Homo sapiens	HMDB		MSI:3		Progenesis	38.2																																																																																																																					
CHEBI:74078	C9H18N2O4	CC[C@H](C)[C@H](N)C(=O)N[C@@H](CO)C(O)=O	"InChI=1S/C9H18N2O4/c1-3-5(2)7(10)8(13)11-6(4-12)9(14)15/h5-7,12H,3-4,10H2,1-2H3,(H,11,13)(H,14,15)/t5-,6-,7-/m0/s1"	Isoleucyl-Serine	435.2490428		2M-H	1	7.37085	NCBITAXON:http://purl.bioontology.org/ontology/NCBITAXON/9606	Homo sapiens	HMDB		MSI:3		Progenesis	37.2																																																																																																																					
CHEBI:89393	C14H26O2	C(CCC/C=C/CCCCCCCC)(=O)O	"InChI=1S/C14H26O2/c1-2-3-4-5-6-7-8-9-10-11-12-13-14(15)16/h9-10H,2-8,11-13H2,1H3,(H,15,16)/b10-9+"	5-Tetradecenoic acid	207.1748334		M-H2O-H	1	7.388333333	NCBITAXON:http://purl.bioontology.org/ontology/NCBITAXON/9606	Homo sapiens	HMDB		MSI:3		Progenesis	37.7																																																																																																																					
CHEBI:131743	C21H44NO7P	P(OC[C@@H](CO)OC(CCCCCCCCCCCCCCC)=O)(=O)(OCCN)O	"InChI=1S/C21H44NO7P/c1-2-3-4-5-6-7-8-9-10-11-12-13-14-15-21(24)29-20(18-23)19-28-30(25,26)27-17-16-22/h20,23H,2-19,22H2,1H3,(H,25,26)/t20-/m1/s1"	LysoPE(0:0/16:0)	474.261163		M+Na-2H	1	7.388333333	NCBITAXON:http://purl.bioontology.org/ontology/NCBITAXON/9606	Homo sapiens	HMDB		MSI:3		Progenesis	37.6																																																																																																																					
CHEBI:145959	C13H16O	O=C(CC=1C(=C(C=CC1C)C)C)C=C	"InChI=1S/C13H16O/c1-5-12(14)8-13-10(3)7-6-9(2)11(13)4/h5-7H,1,8H2,2-4H3"	"3-Buten-2-one, 1-(2,3,6-trimethylphenyl)-"	225.0676368		M+K-2H	1	7.423283333	NCBITAXON:http://purl.bioontology.org/ontology/NCBITAXON/9606	Homo sapiens	HMDB		MSI:3		Progenesis	37.1																																																																																																																					
CHEBI:142593	C9H16O2	*C([H])=O		4-Hydroxynonenal	311.2218847		2M-H	1	7.423283333	NCBITAXON:http://purl.bioontology.org/ontology/NCBITAXON/9606	Homo sapiens	HMDB		MSI:3		Progenesis	38.6																																																																																																																					
CHEBI:7476	C14H14O3	COc1ccc2cc(ccc2c1)[C@H](C)C(O)=O	"InChI=1S/C14H14O3/c1-9(14(15)16)10-3-4-12-8-13(17-2)6-5-11(12)7-10/h3-9H,1-2H3,(H,15,16)/t9-/m0/s1"	Naproxen	265.0624219		"M+Cl, M+K-2H"	1	7.4695	NCBITAXON:http://purl.bioontology.org/ontology/NCBITAXON/9606	Homo sapiens	HMDB		MSI:3		Progenesis	37																																																																																																																					
CHEBI:59270	C14H28O3	CCCCCCCCCCCCC(O)C(O)=O	"InChI=1S/C14H28O3/c1-2-3-4-5-6-7-8-9-10-11-12-13(15)14(16)17/h13,15H,2-12H2,1H3,(H,16,17)"	2-Hydroxymyristic acid	265.1768998		M+Na-2H	1	7.521933333	NCBITAXON:http://purl.bioontology.org/ontology/NCBITAXON/9606	Homo sapiens	HMDB		MSI:3		Progenesis	35.9																																																																																																																					
CHEBI:81556	C18H22O4	OC[C@H](Cc1cccc(O)c1)[C@H](CO)Cc1cccc(O)c1	"InChI=1S/C18H22O4/c19-11-15(7-13-3-1-5-17(21)9-13)16(12-20)8-14-4-2-6-18(22)10-14/h1-6,9-10,15-16,19-22H,7-8,11-12H2/t15-,16-/m0/s1"	Enterodiol	283.1360449		M-H2O-H	1	7.521933333	NCBITAXON:http://purl.bioontology.org/ontology/NCBITAXON/9606	Homo sapiens	HMDB		MSI:3		Progenesis	36																																																																																																																					
CHEBI:88427	C16H22O4	O1C(CCC=2C1=C(C(=C(C2C)O)C)C)(CCC(=O)O)C	"InChI=1S/C16H22O4/c1-9-10(2)15-12(11(3)14(9)19)5-7-16(4,20-15)8-6-13(17)18/h19H,5-8H2,1-4H3,(H,17,18)"	alpha-CEHC	277.1434801		M-H	1	7.5394	NCBITAXON:http://purl.bioontology.org/ontology/NCBITAXON/9606	Homo sapiens	HMDB		MSI:3		Progenesis	37																																																																																																																					
CHEBI:89379	C15H20O4	O1C(CCC=2C1=C(C(=C(C2)O)C)C)(CCC(=O)O)C	"InChI=1S/C15H20O4/c1-9-10(2)14-11(8-12(9)16)4-6-15(3,19-14)7-5-13(17)18/h8,16H,4-7H2,1-3H3,(H,17,18)"	gamma-CEHC	245.1173177		M-H2O-H	1	7.556883333	NCBITAXON:http://purl.bioontology.org/ontology/NCBITAXON/9606	Homo sapiens	HMDB		MSI:3		Progenesis	37.4																																																																																																																					
CHEBI:145959	C13H16O	O=C(CC=1C(=C(C=CC1C)C)C)C=C	"InChI=1S/C13H16O/c1-5-12(14)8-13-10(3)7-6-9(2)11(13)4/h5-7H,1,8H2,2-4H3"	"3-Buten-2-one, 1-(2,3,6-trimethylphenyl)-"	233.1167544		M+FA-H	1	7.574366667	NCBITAXON:http://purl.bioontology.org/ontology/NCBITAXON/9606	Homo sapiens	HMDB		MSI:3		Progenesis	36																																																																																																																					
CHEBI:64563	C24H50NO7P	[H][C@@](CO[*])(COP([O-])(=O)OCC[N+](C)(C)C)O[*]		LysoPC(16:0)	540.329172		M+FA-H	1	7.591833333	NCBITAXON:http://purl.bioontology.org/ontology/NCBITAXON/9606	Homo sapiens	HMDB		MSI:3		Progenesis	36.6																																																																																																																					
CHEBI:142593	C9H16O2	*C([H])=O		4-Hydroxynonenal	311.2214705		2M-H	1	7.620583333	NCBITAXON:http://purl.bioontology.org/ontology/NCBITAXON/9606	Homo sapiens	HMDB		MSI:3		Progenesis	37.8																																																																																																																					
CHEBI:37270	C14H26O3	CCCCCCCCCCCC(=O)CC(O)=O	"InChI=1S/C14H26O3/c1-2-3-4-5-6-7-8-9-10-11-13(15)12-14(16)17/h2-12H2,1H3,(H,16,17)"	3-Oxotetradecanoic acid	241.1797011		M-H	1	7.63805	NCBITAXON:http://purl.bioontology.org/ontology/NCBITAXON/9606	Homo sapiens	HMDB		MSI:3		Progenesis	36.5																																																																																																																					
CHEBI:34123	C13H28O	CCCCCCCCCCCCCO	"InChI=1S/C13H28O/c1-2-3-4-5-6-7-8-9-10-11-12-13-14/h14H,2-13H2,1H3"	Tridecanol	221.1893416		M+Na-2H	1	7.655533333	NCBITAXON:http://purl.bioontology.org/ontology/NCBITAXON/9606	Homo sapiens	HMDB		MSI:3		Progenesis	37.5																																																																																																																					
CHEBI:132983	C10H20O3	C(CC(CCCCCCC)O)(=O)O	"InChI=1S/C10H20O3/c1-2-3-4-5-6-7-9(11)8-10(12)13/h9,11H,2-8H2,1H3,(H,12,13)"	3-Hydroxycapric acid	169.1223715		M-H2O-H	1	7.673016667	NCBITAXON:http://purl.bioontology.org/ontology/NCBITAXON/9606	Homo sapiens	HMDB		MSI:3		Progenesis	37.2																																																																																																																					
CHEBI:32320	C12H20O2	CC(=O)OC(C)(C)C1CCC(C)=CC1	"InChI=1S/C12H20O2/c1-9-5-7-11(8-6-9)12(3,4)14-10(2)13/h5,11H,6-8H2,1-4H3"	alpha-Terpineol acetate	391.2847746		2M-H	1	7.690483333	NCBITAXON:http://purl.bioontology.org/ontology/NCBITAXON/9606	Homo sapiens	HMDB		MSI:3		Progenesis	38.9																																																																																																																					
CHEBI:76308	C14H26O4	OC(CCCCCCCCCCCCC(O)=O)=O	"InChI=1S/C14H26O4/c15-13(16)11-9-7-5-3-1-2-4-6-8-10-12-14(17)18/h1-12H2,(H,15,16)(H,17,18)"	Tetradecanedioic acid	257.1751246		M-H	1	7.707966667	NCBITAXON:http://purl.bioontology.org/ontology/NCBITAXON/9606	Homo sapiens	HMDB		MSI:3		Progenesis	36.8																																																																																																																					
CHEBI:61726	C9H16O	[H]C(=O)C([H])=C([H])CCCCCC	"InChI=1S/C9H16O/c1-2-3-4-5-6-7-8-9-10/h7-9H,2-6H2,1H3"	2-Nonenal	279.2318774		2M-H	1	7.74305	NCBITAXON:http://purl.bioontology.org/ontology/NCBITAXON/9606	Homo sapiens	HMDB		MSI:3		Progenesis	38.7																																																																																																																					
CHEBI:86618	C9H18O2	CCCCCCC(=O)OCC	"InChI=1S/C9H18O2/c1-3-5-6-7-8-9(10)11-4-2/h3-8H2,1-2H3"	Oenanthic ether	315.2543221		2M-H	1	7.74305	NCBITAXON:http://purl.bioontology.org/ontology/NCBITAXON/9606	Homo sapiens	HMDB		MSI:3		Progenesis	39.4																																																																																																																					
				LysoPE(15:0/0:0)	438.2615487		M-H	1	7.74305	NCBITAXON:http://purl.bioontology.org/ontology/NCBITAXON/9606	Homo sapiens	HMDB		MSI:3		Progenesis	37																																																																																																																					
CHEBI:83058	C23H44NO7P	O(C(=O)CCCCCCC/C=C\C/C=C\CCCCC)C[C@H](COP(OCCN)(=O)O)O	"InChI=1S/C23H44NO7P/c1-2-3-4-5-6-7-8-9-10-11-12-13-14-15-16-17-23(26)29-20-22(25)21-31-32(27,28)30-19-18-24/h6-7,9-10,22,25H,2-5,8,11-21,24H2,1H3,(H,27,28)/b7-6-,10-9-/t22-/m1/s1"	"LysoPE(18:2(9Z,12Z)/0:0)"	476.2781276		M-H	1	7.74305	NCBITAXON:http://purl.bioontology.org/ontology/NCBITAXON/9606	Homo sapiens	HMDB		MSI:3		Progenesis	38.4																																																																																																																					
CHEBI:89816	C13H26O	CCCCCCCCCCCCC=O	"InChI=1S/C13H26O/c1-2-3-4-5-6-7-8-9-10-11-12-13-14/h13H,2-12H2,1H3"	Tridecanal	243.1951985		M+FA-H	1	7.824216667	NCBITAXON:http://purl.bioontology.org/ontology/NCBITAXON/9606	Homo sapiens	HMDB		MSI:3		Progenesis	36.5																																																																																																																					
CHEBI:88730	C25H40O8	O[C@@H]1[C@@]2([C@]([C@]3([C@@]([C@@]4([C@@](CC3)(C[C@H](O[C@@H]5O[C@H]([C@@H](O)[C@@H](O)[C@H]5O)C(O)=O)CC4)[H])C)(CC2)[H])[H])(CC1)[H])C	"InChI=1S/C25H40O8/c1-24-9-7-13(32-23-20(29)18(27)19(28)21(33-23)22(30)31)11-12(24)3-4-14-15-5-6-17(26)25(15,2)10-8-16(14)24/h12-21,23,26-29H,3-11H2,1-2H3,(H,30,31)/t12-,13+,14-,15-,16-,17-,18+,19-,20+,21+,23+,24-,25-/m0/s1"	17-Hydroxyandrostane-3-glucuronide	449.2539427		M-H2O-H	1	7.859183333	NCBITAXON:http://purl.bioontology.org/ontology/NCBITAXON/9606	Homo sapiens	HMDB		MSI:3		Progenesis	38.2																																																																																																																					
CHEBI:37270	C14H26O3	CCCCCCCCCCCC(=O)CC(O)=O	"InChI=1S/C14H26O3/c1-2-3-4-5-6-7-8-9-10-11-13(15)12-14(16)17/h2-12H2,1H3,(H,16,17)"	3-Oxotetradecanoic acid	241.1798144		M-H	1	7.87665	NCBITAXON:http://purl.bioontology.org/ontology/NCBITAXON/9606	Homo sapiens	HMDB		MSI:3		Progenesis	36.5																																																																																																																					
CHEBI:142593	C9H16O2	*C([H])=O		4-Hydroxynonenal	311.2211384		2M-H	1	7.87665	NCBITAXON:http://purl.bioontology.org/ontology/NCBITAXON/9606	Homo sapiens	HMDB		MSI:3		Progenesis	37																																																																																																																					
CHEBI:89362	C11H20O2	CCCCCCCC1CCC(=O)O1	"InChI=1S/C11H20O2/c1-2-3-4-5-6-7-10-8-9-11(12)13-10/h10H,2-9H2,1H3"	xi-gamma-Undecalactone	183.1379533		M-H	1	7.894133333	NCBITAXON:http://purl.bioontology.org/ontology/NCBITAXON/9606	Homo sapiens	HMDB		MSI:3		Progenesis	36.9																																																																																																																					
CHEBI:86618	C9H18O2	CCCCCCC(=O)OCC	"InChI=1S/C9H18O2/c1-3-5-6-7-8-9(10)11-4-2/h3-8H2,1-2H3"	Oenanthic ether	315.2542792		2M-H	1	7.957833333	NCBITAXON:http://purl.bioontology.org/ontology/NCBITAXON/9606	Homo sapiens	HMDB		MSI:3		Progenesis	39.3																																																																																																																					
CHEBI:5050	C32H39NO4	CC(C)(C(O)=O)c1ccc(cc1)C(O)CCCN1CCC(CC1)C(O)(c1ccccc1)c1ccccc1	"InChI=1S/C32H39NO4/c1-31(2,30(35)36)25-17-15-24(16-18-25)29(34)14-9-21-33-22-19-28(20-23-33)32(37,26-10-5-3-6-11-26)27-12-7-4-8-13-27/h3-8,10-13,15-18,28-29,34,37H,9,14,19-23H2,1-2H3,(H,35,36)"	Fexofenadine	500.2817357		"M-H, 2M-H"	1	7.957833333	NCBITAXON:http://purl.bioontology.org/ontology/NCBITAXON/9606	Homo sapiens	HMDB		MSI:3		Progenesis	39.2																																																																																																																					
CHEBI:131692	C25H48NO7P	C(OP(=O)(OCCN)O)[C@@H](CO)OC(CCCCCCCCC/C=C\C/C=C\CCCCC)=O	"InChI=1S/C25H48NO7P/c1-2-3-4-5-6-7-8-9-10-11-12-13-14-15-16-17-18-19-25(28)33-24(22-27)23-32-34(29,30)31-21-20-26/h6-7,9-10,24,27H,2-5,8,11-23,26H2,1H3,(H,29,30)/b7-6-,10-9-/t24-/m1/s1"	"LysoPE(0:0/20:2(11Z,14Z))"	504.3105123		M-H	1	7.957833333	NCBITAXON:http://purl.bioontology.org/ontology/NCBITAXON/9606	Homo sapiens	HMDB		MSI:3		Progenesis	36.5																																																																																																																					
CHEBI:28733	C26H50NO7P	CCCCC\C=C/C\C=C/CCCCCCCC(=O)OC[C@@H](O)COP([O-])(=O)OCC[N+](C)(C)C	"InChI=1S/C26H50NO7P/c1-5-6-7-8-9-10-11-12-13-14-15-16-17-18-19-20-26(29)32-23-25(28)24-34-35(30,31)33-22-21-27(2,3)4/h9-10,12-13,25,28H,5-8,11,14-24H2,1-4H3/b10-9-,13-12-/t25-/m1/s1"	"LysoPC(18:2(9Z,12Z))"	554.301646		M+Cl	1	7.957833333	NCBITAXON:http://purl.bioontology.org/ontology/NCBITAXON/9606	Homo sapiens	HMDB		MSI:3		Progenesis	35.8																																																																																																																					
CHEBI:30813	C10H20O2	C(CCCCCC)CCC(=O)O	"InChI=1S/C10H20O2/c1-2-3-4-5-6-7-8-9-10(11)12/h2-9H2,1H3,(H,11,12)"	Capric acid	171.1390019		M-H	1	7.9753	NCBITAXON:http://purl.bioontology.org/ontology/NCBITAXON/9606	Homo sapiens	HMDB		MSI:3		Progenesis	39.4																																																																																																																					
CHEBI:5855	C13H18O2	CC(C)Cc1ccc(cc1)C(C)C(O)=O	"InChI=1S/C13H18O2/c1-9(2)8-11-4-6-12(7-5-11)10(3)13(14)15/h4-7,9-10H,8H2,1-3H3,(H,14,15)"	Ibuprofen	251.1286346		M+FA-H	1	7.992783333	NCBITAXON:http://purl.bioontology.org/ontology/NCBITAXON/9606	Homo sapiens	HMDB		MSI:3		Progenesis	37.4																																																																																																																					
CHEBI:75005	C18H20N2O4	N[C@@H](Cc1ccc(O)cc1)C(=O)N[C@@H](Cc1ccccc1)C(O)=O	"InChI=1S/C18H20N2O4/c19-15(10-13-6-8-14(21)9-7-13)17(22)20-16(18(23)24)11-12-4-2-1-3-5-12/h1-9,15-16,21H,10-11,19H2,(H,20,22)(H,23,24)/t15-,16-/m0/s1"	Tyrosyl-Phenylalanine	363.112353		"M+Cl, M+K-2H"	1	8.027733333	NCBITAXON:http://purl.bioontology.org/ontology/NCBITAXON/9606	Homo sapiens	HMDB		MSI:3		Progenesis	36.8																																																																																																																					
CHEBI:34498	C18H32O4	CCCCC\C=C/C=C/[C@H](CCCCCCCC(O)=O)OO	"InChI=1S/C18H32O4/c1-2-3-4-5-6-8-11-14-17(22-21)15-12-9-7-10-13-16-18(19)20/h6,8,11,14,17,21H,2-5,7,9-10,12-13,15-16H2,1H3,(H,19,20)/b8-6-,14-11+/t17-/m1/s1"	9(S)-HPODE	293.2133558		M-H2O-H	1	8.062683333	NCBITAXON:http://purl.bioontology.org/ontology/NCBITAXON/9606	Homo sapiens	HMDB		MSI:3		Progenesis	36.1																																																																																																																					
CHEBI:23809	C9H10N2			Dimethylbenzimidazole	291.1591501		2M-H	1	8.097633333	NCBITAXON:http://purl.bioontology.org/ontology/NCBITAXON/9606	Homo sapiens	HMDB		MSI:3		Progenesis	37																																																																																																																					
CHEBI:89430	C21H36N8O6	O=C(NCC(=O)N1[C@@H](CCC1)C(=O)N[C@@H](CCCN=C(N)N)C(O)=O)[C@H]2N(CCC2)C(=O)[C@@H](N)C	"InChI=1S/C21H36N8O6/c1-12(22)19(33)29-10-4-6-14(29)17(31)26-11-16(30)28-9-3-7-15(28)18(32)27-13(20(34)35)5-2-8-25-21(23)24/h12-15H,2-11,22H2,1H3,(H,26,31)(H,27,32)(H,34,35)(H4,23,24,25)/t12-,13-,14-,15-/m0/s1"	APGPR Enterostatin	495.2716601		M-H	1	8.126383333	NCBITAXON:http://purl.bioontology.org/ontology/NCBITAXON/9606	Homo sapiens	HMDB		MSI:3		Progenesis	35.5																																																																																																																					
CHEBI:89539	C40H74NO8P	C([C@@](COC(CCCC/C=C\C/C=C\C/C=C\CCCCC)=O)(OC(CCCCCCCCCCCCC)=O)[H])OP([O-])(=O)OCC[N+](C)(C)C	"InChI=1S/C40H74NO8P/c1-6-8-10-12-14-16-18-19-20-21-23-24-26-28-30-32-39(42)46-36-38(37-48-50(44,45)47-35-34-41(3,4)5)49-40(43)33-31-29-27-25-22-17-15-13-11-9-7-2/h14,16,19-20,23-24,38H,6-13,15,17-18,21-22,25-37H2,1-5H3/b16-14-,20-19-,24-23-/t38-/m1/s1"	"PC(18:3(6Z,9Z,12Z)/14:0)"	772.5138027		M+FA-H	1	8.126383333	NCBITAXON:http://purl.bioontology.org/ontology/NCBITAXON/9606	Homo sapiens	HMDB		MSI:3		Progenesis	38																																																																																																																					
CHEBI:37270	C14H26O3	CCCCCCCCCCCC(=O)CC(O)=O	"InChI=1S/C14H26O3/c1-2-3-4-5-6-7-8-9-10-11-13(15)12-14(16)17/h2-12H2,1H3,(H,16,17)"	3-Oxotetradecanoic acid	241.1793831		M-H	1	8.161333333	NCBITAXON:http://purl.bioontology.org/ontology/NCBITAXON/9606	Homo sapiens	HMDB		MSI:3		Progenesis	36.3																																																																																																																					
CHEBI:72736	C23H48NO7P	[H][C@@](CO[*])(COP([O-])(=O)OCC[N+](C)(C)C)O[*]		LysoPC(15:0)	502.2925189		M+Na-2H	1	8.161333333	NCBITAXON:http://purl.bioontology.org/ontology/NCBITAXON/9606	Homo sapiens	HMDB		MSI:3		Progenesis	37.4																																																																																																																					
CHEBI:88427	C16H22O4	O1C(CCC=2C1=C(C(=C(C2C)O)C)C)(CCC(=O)O)C	"InChI=1S/C16H22O4/c1-9-10(2)15-12(11(3)14(9)19)5-7-16(4,20-15)8-6-13(17)18/h19H,5-8H2,1-4H3,(H,17,18)"	alpha-CEHC	277.1431132		M-H	1	8.213766667	NCBITAXON:http://purl.bioontology.org/ontology/NCBITAXON/9606	Homo sapiens	HMDB		MSI:3		Progenesis	37.3																																																																																																																					
CHEBI:37270	C14H26O3	CCCCCCCCCCCC(=O)CC(O)=O	"InChI=1S/C14H26O3/c1-2-3-4-5-6-7-8-9-10-11-13(15)12-14(16)17/h2-12H2,1H3,(H,16,17)"	3-Oxotetradecanoic acid	241.1797203		M-H	1	8.2662	NCBITAXON:http://purl.bioontology.org/ontology/NCBITAXON/9606	Homo sapiens	HMDB		MSI:3		Progenesis	36.1																																																																																																																					
CHEBI:89393	C14H26O2	C(CCC/C=C/CCCCCCCC)(=O)O	"InChI=1S/C14H26O2/c1-2-3-4-5-6-7-8-9-10-11-12-13-14(15)16/h9-10H,2-8,11-13H2,1H3,(H,15,16)/b10-9+"	5-Tetradecenoic acid	271.1905127		M+FA-H	1	8.294933333	NCBITAXON:http://purl.bioontology.org/ontology/NCBITAXON/9606	Homo sapiens	HMDB		MSI:3		Progenesis	36.9																																																																																																																					
CHEBI:17302	C15H30O	[H]C(=O)CCCCCCCCCCCCCC	"InChI=1S/C15H30O/c1-2-3-4-5-6-7-8-9-10-11-12-13-14-15-16/h15H,2-14H2,1H3"	Pentadecanal	271.2265789		M+FA-H	1	8.294933333	NCBITAXON:http://purl.bioontology.org/ontology/NCBITAXON/9606	Homo sapiens	HMDB		MSI:3		Progenesis	36.2																																																																																																																					
CHEBI:88639	C15H22O3	CCCCC(CC)COC(C1=CC=CC=C1O)=O	"InChI=1S/C15H22O3/c1-3-5-8-12(4-2)11-18-15(17)13-9-6-7-10-14(13)16/h6-7,9-10,12,16H,3-5,8,11H2,1-2H3"	Ethylhexyl salicylate	231.1379039		M-H2O-H	1	8.3299	NCBITAXON:http://purl.bioontology.org/ontology/NCBITAXON/9606	Homo sapiens	HMDB		MSI:3		Progenesis	36.2																																																																																																																					
CHEBI:89430	C21H36N8O6	O=C(NCC(=O)N1[C@@H](CCC1)C(=O)N[C@@H](CCCN=C(N)N)C(O)=O)[C@H]2N(CCC2)C(=O)[C@@H](N)C	"InChI=1S/C21H36N8O6/c1-12(22)19(33)29-10-4-6-14(29)17(31)26-11-16(30)28-9-3-7-15(28)18(32)27-13(20(34)35)5-2-8-25-21(23)24/h12-15H,2-11,22H2,1H3,(H,26,31)(H,27,32)(H,34,35)(H4,23,24,25)/t12-,13-,14-,15-/m0/s1"	APGPR Enterostatin	495.2716765		"M-H, 2M-H"	1	8.3299	NCBITAXON:http://purl.bioontology.org/ontology/NCBITAXON/9606	Homo sapiens	HMDB		MSI:3		Progenesis	36.6																																																																																																																					
CHEBI:89362	C11H20O2	CCCCCCCC1CCC(=O)O1	"InChI=1S/C11H20O2/c1-2-3-4-5-6-7-10-8-9-11(12)13-10/h10H,2-9H2,1H3"	xi-gamma-Undecalactone	183.1379059		M-H	1	8.347383333	NCBITAXON:http://purl.bioontology.org/ontology/NCBITAXON/9606	Homo sapiens	HMDB		MSI:3		Progenesis	36.9																																																																																																																					
CHEBI:67251	C13H18O	C\C=C\C(=O)C1=C(C)C=CCC1(C)C	"InChI=1S/C13H18O/c1-5-7-11(14)12-10(2)8-6-9-13(12,3)4/h5-8H,9H2,1-4H3/b7-5+"	beta-Damascenone	235.1331034		M+FA-H	1	8.347383333	NCBITAXON:http://purl.bioontology.org/ontology/NCBITAXON/9606	Homo sapiens	HMDB		MSI:3		Progenesis	37.8																																																																																																																					
				lysoPC(26:1(5Z))	678.4699695		M+FA-H	1	8.347383333	NCBITAXON:http://purl.bioontology.org/ontology/NCBITAXON/9606	Homo sapiens	HMDB		MSI:3		Progenesis	36.6																																																																																																																					
CHEBI:142593	C9H16O2	*C([H])=O		4-Hydroxynonenal	311.2216784		2M-H	1	8.364866667	NCBITAXON:http://purl.bioontology.org/ontology/NCBITAXON/9606	Homo sapiens	HMDB		MSI:3		Progenesis	38.3																																																																																																																					
CHEBI:23809	C9H10N2			Dimethylbenzimidazole	291.1589444		2M-H	1	8.382333333	NCBITAXON:http://purl.bioontology.org/ontology/NCBITAXON/9606	Homo sapiens	HMDB		MSI:3		Progenesis	37.5																																																																																																																					
CHEBI:88864	C44H80NO8P	C([C@@](COC(CCCCC/C=C\C/C=C\C/C=C\C/C=C\CCCCC)=O)(OC(CCCCCCCCCCCCC)=O)[H])OP([O-])(=O)OCC[N+](C)(C)C	"InChI=1S/C44H80NO8P/c1-6-8-10-12-14-16-18-19-20-21-22-23-24-25-27-28-30-32-34-36-43(46)50-40-42(41-52-54(48,49)51-39-38-45(3,4)5)53-44(47)37-35-33-31-29-26-17-15-13-11-9-7-2/h14,16,19-20,22-23,25,27,42H,6-13,15,17-18,21,24,26,28-41H2,1-5H3/b16-14-,20-19-,23-22-,27-25-/t42-/m1/s1"	"PC(22:4(7Z,10Z,13Z,16Z)/14:0)"	818.5181422		M+K-2H	1	8.382333333	NCBITAXON:http://purl.bioontology.org/ontology/NCBITAXON/9606	Homo sapiens	HMDB		MSI:3		Progenesis	35																																																																																																																					
CHEBI:145254	C23H46NO7P	C([C@@](CO)(OC(CCCCCCCCC/C=C\CCCCCC)=O)[H])OP(=O)(O)OCCN	"InChI=1S/C23H46NO7P/c1-2-3-4-5-6-7-8-9-10-11-12-13-14-15-16-17-23(26)31-22(20-25)21-30-32(27,28)29-19-18-24/h7-8,22,25H,2-6,9-21,24H2,1H3,(H,27,28)/b8-7-/t22-/m1/s1"	LysoPE(0:0/18:1(11Z))	478.2945789		M-H	1	8.4173	NCBITAXON:http://purl.bioontology.org/ontology/NCBITAXON/9606	Homo sapiens	HMDB		MSI:3		Progenesis	38.4																																																																																																																					
CHEBI:28483	C7H11N3O	CC(=O)NCCc1c[nH]cn1	"InChI=1S/C7H11N3O/c1-6(11)9-3-2-7-4-8-5-10-7/h4-5H,2-3H2,1H3,(H,8,10)(H,9,11)"	N-Acetylhistamine	305.1749606		2M-H	1	8.463516667	NCBITAXON:http://purl.bioontology.org/ontology/NCBITAXON/9606	Homo sapiens	HMDB		MSI:3		Progenesis	38.3																																																																																																																					
CHEBI:86102	C42H76NO8P	CCCCCCCCCCCCCC(=O)OC[C@H](COP([O-])(=O)OCC[N+](C)(C)C)OC(=O)CCC\C=C/C\C=C/C\C=C/C\C=C/CCCCC	"InChI=1S/C42H76NO8P/c1-6-8-10-12-14-16-18-19-20-21-22-23-25-27-29-31-33-35-42(45)51-40(39-50-52(46,47)49-37-36-43(3,4)5)38-48-41(44)34-32-30-28-26-24-17-15-13-11-9-7-2/h14,16,19-20,22-23,27,29,40H,6-13,15,17-18,21,24-26,28,30-39H2,1-5H3/b16-14-,20-19-,23-22-,29-27-/t40-/m1/s1"	"PC(14:0/20:4(5Z,8Z,11Z,14Z))"	798.5284995		M+FA-H	1	8.463516667	NCBITAXON:http://purl.bioontology.org/ontology/NCBITAXON/9606	Homo sapiens	HMDB		MSI:3		Progenesis	37																																																																																																																					
CHEBI:131692	C25H48NO7P	C(OP(=O)(OCCN)O)[C@@H](CO)OC(CCCCCCCCC/C=C\C/C=C\CCCCC)=O	"InChI=1S/C25H48NO7P/c1-2-3-4-5-6-7-8-9-10-11-12-13-14-15-16-17-18-19-25(28)33-24(22-27)23-32-34(29,30)31-21-20-26/h6-7,9-10,24,27H,2-5,8,11-23,26H2,1H3,(H,29,30)/b7-6-,10-9-/t24-/m1/s1"	"LysoPE(0:0/20:2(11Z,14Z))"	526.2935138		M+Na-2H	1	8.481	NCBITAXON:http://purl.bioontology.org/ontology/NCBITAXON/9606	Homo sapiens	HMDB		MSI:3		Progenesis	37.1																																																																																																																					
CHEBI:36206	C12H24O3	CCCCCCCCCC(O)CC(O)=O	"InChI=1S/C12H24O3/c1-2-3-4-5-6-7-8-9-11(13)10-12(14)15/h11,13H,2-10H2,1H3,(H,14,15)"	3-Hydroxydodecanoic acid	197.1532302		M-H2O-H	1	8.58585	NCBITAXON:http://purl.bioontology.org/ontology/NCBITAXON/9606	Homo sapiens	HMDB		MSI:3		Progenesis	36.2																																																																																																																					
				"TG(22:6(4Z,7Z,10Z,13Z,16Z,19Z)/22:6(4Z,7Z,10Z,13Z,16Z,19Z)/22:6(4Z,7Z,10Z,13Z,16Z,19Z))"	1021.720752		M-H	1	8.603333333	NCBITAXON:http://purl.bioontology.org/ontology/NCBITAXON/9606	Homo sapiens	HMDB		MSI:3		Progenesis	32.1																																																																																																																					
CHEBI:82949	C41H68O5	CCCCCCCCCCCCCCCC(=O)OC[C@H](CO)OC(=O)CC\C=C/C\C=C/C\C=C/C\C=C/C\C=C/C\C=C/CC	"InChI=1S/C41H68O5/c1-3-5-7-9-11-13-15-17-18-19-20-21-22-24-26-28-30-32-34-36-41(44)46-39(37-42)38-45-40(43)35-33-31-29-27-25-23-16-14-12-10-8-6-4-2/h5,7,11,13,17-18,20-21,24,26,30,32,39,42H,3-4,6,8-10,12,14-16,19,22-23,25,27-29,31,33-38H2,1-2H3/b7-5-,13-11-,18-17-,21-20-,26-24-,32-30-/t39-/m0/s1"	"DG(16:0/22:6(4Z,7Z,10Z,13Z,16Z,19Z)/0:0)"	675.4704902		M+Cl	1	8.603333333	NCBITAXON:http://purl.bioontology.org/ontology/NCBITAXON/9606	Homo sapiens	HMDB		MSI:3		Progenesis	33.7																																																																																																																					
				PC(14:1(9Z)/P-18:1(11Z))	758.532477		M+FA-H	1	8.603333333	NCBITAXON:http://purl.bioontology.org/ontology/NCBITAXON/9606	Homo sapiens	HMDB		MSI:3		Progenesis	32.1																																																																																																																					
CHEBI:32368	C11H22O2	CCCCCCCCCCC(O)=O	"InChI=1S/C11H22O2/c1-2-3-4-5-6-7-8-9-10-11(12)13/h2-10H2,1H3,(H,12,13)"	Undecanoic acid	185.1538816		M-H	1	8.64955	NCBITAXON:http://purl.bioontology.org/ontology/NCBITAXON/9606	Homo sapiens	HMDB		MSI:3		Progenesis	38																																																																																																																					
CHEBI:34123	C13H28O	CCCCCCCCCCCCCO	"InChI=1S/C13H28O/c1-2-3-4-5-6-7-8-9-10-11-12-13-14/h14H,2-13H2,1H3"	Tridecanol	221.1891069		M+Na-2H	1	8.667033333	NCBITAXON:http://purl.bioontology.org/ontology/NCBITAXON/9606	Homo sapiens	HMDB		MSI:3		Progenesis	37.3																																																																																																																					
CHEBI:86102	C42H76NO8P	CCCCCCCCCCCCCC(=O)OC[C@H](COP([O-])(=O)OCC[N+](C)(C)C)OC(=O)CCC\C=C/C\C=C/C\C=C/C\C=C/CCCCC	"InChI=1S/C42H76NO8P/c1-6-8-10-12-14-16-18-19-20-21-22-23-25-27-29-31-33-35-42(45)51-40(39-50-52(46,47)49-37-36-43(3,4)5)38-48-41(44)34-32-30-28-26-24-17-15-13-11-9-7-2/h14,16,19-20,22-23,27,29,40H,6-13,15,17-18,21,24-26,28,30-39H2,1-5H3/b16-14-,20-19-,23-22-,29-27-/t40-/m1/s1"	"PC(14:0/20:4(5Z,8Z,11Z,14Z))"	798.5286248		M+FA-H	1	8.667033333	NCBITAXON:http://purl.bioontology.org/ontology/NCBITAXON/9606	Homo sapiens	HMDB		MSI:3		Progenesis	36.6																																																																																																																					
CHEBI:89816	C13H26O	CCCCCCCCCCCCC=O	"InChI=1S/C13H26O/c1-2-3-4-5-6-7-8-9-10-11-12-13-14/h13H,2-12H2,1H3"	Tridecanal	243.1953665		M+FA-H	1	8.6845	NCBITAXON:http://purl.bioontology.org/ontology/NCBITAXON/9606	Homo sapiens	HMDB		MSI:3		Progenesis	36.9																																																																																																																					
CHEBI:73074	C25H49NO4	CCCCCCCCCCCCCCCCCC(=O)OC(CC([O-])=O)C[N+](C)(C)C	"InChI=1S/C25H49NO4/c1-5-6-7-8-9-10-11-12-13-14-15-16-17-18-19-20-25(29)30-23(21-24(27)28)22-26(2,3)4/h23H,5-22H2,1-4H3"	Stearoylcarnitine	464.3148302		M+K-2H	1	8.6845	NCBITAXON:http://purl.bioontology.org/ontology/NCBITAXON/9606	Homo sapiens	HMDB		MSI:3		Progenesis	38.1																																																																																																																					
CHEBI:83058	C23H44NO7P	O(C(=O)CCCCCCC/C=C\C/C=C\CCCCC)C[C@H](COP(OCCN)(=O)O)O	"InChI=1S/C23H44NO7P/c1-2-3-4-5-6-7-8-9-10-11-12-13-14-15-16-17-23(26)29-20-22(25)21-31-32(27,28)30-19-18-24/h6-7,9-10,22,25H,2-5,8,11-21,24H2,1H3,(H,27,28)/b7-6-,10-9-/t22-/m1/s1"	"LysoPE(18:2(9Z,12Z)/0:0)"	476.277375		M-H	1	8.701983333	NCBITAXON:http://purl.bioontology.org/ontology/NCBITAXON/9606	Homo sapiens	HMDB		MSI:3		Progenesis	37.6																																																																																																																					
CHEBI:37270	C14H26O3	CCCCCCCCCCCC(=O)CC(O)=O	"InChI=1S/C14H26O3/c1-2-3-4-5-6-7-8-9-10-11-13(15)12-14(16)17/h2-12H2,1H3,(H,16,17)"	3-Oxotetradecanoic acid	241.1795432		M-H	1	8.71945	NCBITAXON:http://purl.bioontology.org/ontology/NCBITAXON/9606	Homo sapiens	HMDB		MSI:3		Progenesis	35.9																																																																																																																					
CHEBI:89984	C8H12O	CC(C)=C/C=C\C(C)=O	"InChI=1S/C8H12O/c1-7(2)5-4-6-8(3)9/h4-6H,1-3H3/b6-4-"	"6-Methyl-3,5-heptadien-2-one"	247.1698703		2M-H	1	8.7544	NCBITAXON:http://purl.bioontology.org/ontology/NCBITAXON/9606	Homo sapiens	HMDB		MSI:3		Progenesis	38.9																																																																																																																					
CHEBI:64489	C22H46NO7P	C(C[N+](C)(C)C)OP(=O)([O-])OC[C@](COC(=O)CCCCCCCCCCCCC)([H])O	"InChI=1S/C22H46NO7P/c1-5-6-7-8-9-10-11-12-13-14-15-16-22(25)28-19-21(24)20-30-31(26,27)29-18-17-23(2,3)4/h21,24H,5-20H2,1-4H3/t21-/m1/s1"	LysoPC(14:0/0:0)	466.2942534		M-H	1	8.870533333	NCBITAXON:http://purl.bioontology.org/ontology/NCBITAXON/9606	Homo sapiens	HMDB		MSI:3		Progenesis	37.4																																																																																																																					
CHEBI:145254	C23H46NO7P	C([C@@](CO)(OC(CCCCCCCCC/C=C\CCCCCC)=O)[H])OP(=O)(O)OCCN	"InChI=1S/C23H46NO7P/c1-2-3-4-5-6-7-8-9-10-11-12-13-14-15-16-17-23(26)31-22(20-25)21-30-32(27,28)29-19-18-24/h7-8,22,25H,2-6,9-21,24H2,1H3,(H,27,28)/b8-7-/t22-/m1/s1"	LysoPE(0:0/18:1(11Z))	500.2773868		M+Na-2H	1	8.888016667	NCBITAXON:http://purl.bioontology.org/ontology/NCBITAXON/9606	Homo sapiens	HMDB		MSI:3		Progenesis	37.4																																																																																																																					
CHEBI:72815	C18H30O3	CCCCCC(=O)\C=C\C=C\CCCCCCCC(O)=O	"InChI=1S/C18H30O3/c1-2-3-11-14-17(19)15-12-9-7-5-4-6-8-10-13-16-18(20)21/h7,9,12,15H,2-6,8,10-11,13-14,16H2,1H3,(H,20,21)/b9-7+,15-12+"	13-OxoODE	293.211453		M-H	1	8.922966667	NCBITAXON:http://purl.bioontology.org/ontology/NCBITAXON/9606	Homo sapiens	HMDB		MSI:3		Progenesis	36.8																																																																																																																					
CHEBI:28592	C18H34O3	OC(CCCCCCC/C=C\C[C@@H](CCCCCC)O)=O	"InChI=1S/C18H34O3/c1-2-3-4-11-14-17(19)15-12-9-7-5-6-8-10-13-16-18(20)21/h9,12,17,19H,2-8,10-11,13-16H2,1H3,(H,20,21)/b12-9-/t17-/m1/s1"	Ricinoleic acid	297.2443009		M-H	1	9.021616667	NCBITAXON:http://purl.bioontology.org/ontology/NCBITAXON/9606	Homo sapiens	HMDB		MSI:3		Progenesis	36.9																																																																																																																					
CHEBI:88685	C28H56NO7P	C(C[N+](C)(C)C)OP(=O)([O-])OC[C@H](O)COC(CCCCCCCCC/C=C\CCCCCCCC)=O	"InChI=1S/C28H56NO7P/c1-5-6-7-8-9-10-11-12-13-14-15-16-17-18-19-20-21-22-28(31)34-25-27(30)26-36-37(32,33)35-24-23-29(2,3)4/h12-13,27,30H,5-11,14-26H2,1-4H3/b13-12-/t27-/m1/s1"	LysoPC(20:1(11Z))	594.3757291		M+FA-H	1	9.021616667	NCBITAXON:http://purl.bioontology.org/ontology/NCBITAXON/9606	Homo sapiens	HMDB		MSI:3		Progenesis	36.1																																																																																																																					
CHEBI:143912	C7H12O	CCCC/C=C/C=O	"InChI=1S/C7H12O/c1-2-3-4-5-6-7-8/h5-7H,2-4H2,1H3/b6-5+"	(2E)-2-Heptenal	223.1690853		2M-H	1	9.109	NCBITAXON:http://purl.bioontology.org/ontology/NCBITAXON/9606	Homo sapiens	HMDB		MSI:3		Progenesis	38.4																																																																																																																					
CHEBI:37628	C24H40N5O8+	N[C@@H](CCCC[n+]1cc(CC[C@H](N)C(O)=O)c(CCC[C@H](N)C(O)=O)c(CC[C@H](N)C(O)=O)c1)C(O)=O	"InChI=1S/C24H39N5O8/c25-17(21(30)31)5-1-2-11-29-12-14(7-9-19(27)23(34)35)16(4-3-6-18(26)22(32)33)15(13-29)8-10-20(28)24(36)37/h12-13,17-20H,1-11,25-28H2,(H3-,30,31,32,33,34,35,36,37)/p+1/t17-,18-,19-,20-/m0/s1"	Desmosine	571.2880425		M+FA-H	1	9.13775	NCBITAXON:http://purl.bioontology.org/ontology/NCBITAXON/9606	Homo sapiens	HMDB		MSI:3		Progenesis	36.8																																																																																																																					
CHEBI:88348	C20H34O3	C(CCC(O)=O)CCC/C=C\C\C=C/C=C/[C@H](CCCCC)O	"InChI=1S/C20H34O3/c1-2-3-13-16-19(21)17-14-11-9-7-5-4-6-8-10-12-15-18-20(22)23/h4-5,9,11,14,17,19,21H,2-3,6-8,10,12-13,15-16,18H2,1H3,(H,22,23)/b5-4-,11-9-,17-14+/t19-/m0/s1"	15(S)-Hydroxyeicosatrienoic acid	321.242088		"M-H2O-H, M-H"	1	9.155216667	NCBITAXON:http://purl.bioontology.org/ontology/NCBITAXON/9606	Homo sapiens	HMDB		MSI:3		Progenesis	36																																																																																																																					
CHEBI:34450	C20H32O3	CCCCC\C=C/C\C=C/C\C=C/CC1OC1CCCC(O)=O	"InChI=1S/C20H32O3/c1-2-3-4-5-6-7-8-9-10-11-12-13-15-18-19(23-18)16-14-17-20(21)22/h6-7,9-10,12-13,18-19H,2-5,8,11,14-17H2,1H3,(H,21,22)/b7-6-,10-9-,13-12-"	"5,6-Epoxy-8,11,14-eicosatrienoic acid"	319.2274826		M-H	1	9.1727	NCBITAXON:http://purl.bioontology.org/ontology/NCBITAXON/9606	Homo sapiens	HMDB		MSI:3		Progenesis	38.4																																																																																																																					
CHEBI:39421	C8HF17O3S	OS(=O)(=O)C(F)(F)C(F)(F)C(F)(F)C(F)(F)C(F)(F)C(F)(F)C(F)(F)C(F)(F)F	"InChI=1S/C8HF17O3S/c9-1(10,3(13,14)5(17,18)7(21,22)23)2(11,12)4(15,16)6(19,20)8(24,25)29(26,27)28/h(H,26,27,28)"	Perfluorooctanesulfonic acid	498.9290764		M-H	1	9.20765	NCBITAXON:http://purl.bioontology.org/ontology/NCBITAXON/9606	Homo sapiens	HMDB		MSI:3		Progenesis	37.3																																																																																																																					
CHEBI:67251	C13H18O	C\C=C\C(=O)C1=C(C)C=CCC1(C)C	"InChI=1S/C13H18O/c1-5-7-11(14)12-10(2)8-6-9-13(12,3)4/h5-8H,9H2,1-4H3/b7-5+"	beta-Damascenone	235.1327613		M+FA-H	1	9.225116667	NCBITAXON:http://purl.bioontology.org/ontology/NCBITAXON/9606	Homo sapiens	HMDB		MSI:3		Progenesis	36.3																																																																																																																					
CHEBI:73070	C23H45NO5	CCCCCCCCCCCCCC(O)CC(=O)OC(CC([O-])=O)C[N+](C)(C)C	"InChI=1S/C23H45NO5/c1-5-6-7-8-9-10-11-12-13-14-15-16-20(25)17-23(28)29-21(18-22(26)27)19-24(2,3)4/h20-21,25H,5-19H2,1-4H3"	3-hydroxyhexadecanoyl carnitine	450.29854		M+Cl	1	9.260083333	NCBITAXON:http://purl.bioontology.org/ontology/NCBITAXON/9606	Homo sapiens	HMDB		MSI:3		Progenesis	37.9																																																																																																																					
CHEBI:30805	C12H24O2	CCCCCCCCCCCC(O)=O	"InChI=1S/C12H24O2/c1-2-3-4-5-6-7-8-9-10-11-12(13)14/h2-11H2,1H3,(H,13,14)"	Dodecanoic acid	199.1712228		M-H	1	9.34125	NCBITAXON:http://purl.bioontology.org/ontology/NCBITAXON/9606	Homo sapiens	HMDB		MSI:3		Progenesis	38.8																																																																																																																					
CHEBI:16255	C6H11N3O	N[C@H](CO)Cc1c[nH]cn1	"InChI=1S/C6H11N3O/c7-5(3-10)1-6-2-8-4-9-6/h2,4-5,10H,1,3,7H2,(H,8,9)/t5-/m0/s1"	L-Histidinol	281.1723513		2M-H	1	9.34125	NCBITAXON:http://purl.bioontology.org/ontology/NCBITAXON/9606	Homo sapiens	HMDB		MSI:3		Progenesis	38.5																																																																																																																					
CHEBI:34154	C18H32O3	C(CCCCCCC/C=C\C=C\[C@H](CCCCC)O)(=O)O	"InChI=1S/C18H32O3/c1-2-3-11-14-17(19)15-12-9-7-5-4-6-8-10-13-16-18(20)21/h7,9,12,15,17,19H,2-6,8,10-11,13-14,16H2,1H3,(H,20,21)/b9-7-,15-12+/t17-/m0/s1"	13S-hydroxyoctadecadienoic acid	295.2268142		M-H	1	9.492616667	NCBITAXON:http://purl.bioontology.org/ontology/NCBITAXON/9606	Homo sapiens	HMDB		MSI:3		Progenesis	36.8																																																																																																																					
CHEBI:143095	C18H36O3	OC(=O)CCCCCCCCC(CCCCCCCC)O	"InChI=1S/C18H36O3/c1-2-3-4-5-8-11-14-17(19)15-12-9-6-7-10-13-16-18(20)21/h17,19H,2-16H2,1H3,(H,20,21)"	xi-10-Hydroxyoctadecanoic acid	299.2578721		M-H	1	9.58	NCBITAXON:http://purl.bioontology.org/ontology/NCBITAXON/9606	Homo sapiens	HMDB		MSI:3		Progenesis	35.9																																																																																																																					
CHEBI:131690	C25H52NO7P	C(CN)OP(=O)(O)OC[C@H](O)COC(CCCCCCCCCCCCCCCCCCC)=O	"InChI=1S/C25H52NO7P/c1-2-3-4-5-6-7-8-9-10-11-12-13-14-15-16-17-18-19-25(28)31-22-24(27)23-33-34(29,30)32-21-20-26/h24,27H,2-23,26H2,1H3,(H,29,30)/t24-/m1/s1"	LysoPE(20:0/0:0)	508.3449434		M-H	1	9.58	NCBITAXON:http://purl.bioontology.org/ontology/NCBITAXON/9606	Homo sapiens	HMDB		MSI:3		Progenesis	37.2																																																																																																																					
CHEBI:72959	C34H67NO3	[C@@H]([C@@H](/C=C/CCCCCCCCCCCCC)O)(CO)NC(=O)CCCCCCCCCCCCCCC	"InChI=1S/C34H67NO3/c1-3-5-7-9-11-13-15-17-19-21-23-25-27-29-33(37)32(31-36)35-34(38)30-28-26-24-22-20-18-16-14-12-10-8-6-4-2/h27,29,32-33,36-37H,3-26,28,30-31H2,1-2H3,(H,35,38)/b29-27+/t32-,33+/m0/s1"	N-Palmitoylsphingosine	582.5076505		M+FA-H	1	9.58	NCBITAXON:http://purl.bioontology.org/ontology/NCBITAXON/9606	Homo sapiens	HMDB		MSI:3		Progenesis	33.2																																																																																																																					
CHEBI:37628	C24H40N5O8+	N[C@@H](CCCC[n+]1cc(CC[C@H](N)C(O)=O)c(CCC[C@H](N)C(O)=O)c(CC[C@H](N)C(O)=O)c1)C(O)=O	"InChI=1S/C24H39N5O8/c25-17(21(30)31)5-1-2-11-29-12-14(7-9-19(27)23(34)35)16(4-3-6-18(26)22(32)33)15(13-29)8-10-20(28)24(36)37/h12-13,17-20H,1-11,25-28H2,(H3-,30,31,32,33,34,35,36,37)/p+1/t17-,18-,19-,20-/m0/s1"	Desmosine	571.2890757		M+FA-H	1	9.6437	NCBITAXON:http://purl.bioontology.org/ontology/NCBITAXON/9606	Homo sapiens	HMDB		MSI:3		Progenesis	37.2																																																																																																																					
CHEBI:59270	C14H28O3	CCCCCCCCCCCCC(O)C(O)=O	"InChI=1S/C14H28O3/c1-2-3-4-5-6-7-8-9-10-11-12-13(15)14(16)17/h13,15H,2-12H2,1H3,(H,16,17)"	2-Hydroxymyristic acid	225.1850341		M-H2O-H	1	9.731083333	NCBITAXON:http://purl.bioontology.org/ontology/NCBITAXON/9606	Homo sapiens	HMDB		MSI:3		Progenesis	37.7																																																																																																																					
CHEBI:73054	C19H37NO4	CCCCCCCCCCCC(=O)OC(CC([O-])=O)C[N+](C)(C)C	"InChI=1S/C19H37NO4/c1-5-6-7-8-9-10-11-12-13-14-19(23)24-17(15-18(21)22)16-20(2,3)4/h17H,5-16H2,1-4H3"	Dodecanoylcarnitine	342.2646087		M-H	1	9.731083333	NCBITAXON:http://purl.bioontology.org/ontology/NCBITAXON/9606	Homo sapiens	HMDB		MSI:3		Progenesis	37.9																																																																																																																					
CHEBI:15367	C20H28O2	CC(\C=C\C1=C(C)CCCC1(C)C)=C/C=C/C(C)=C/C(O)=O	"InChI=1S/C20H28O2/c1-15(8-6-9-16(2)14-19(21)22)11-12-18-17(3)10-7-13-20(18,4)5/h6,8-9,11-12,14H,7,10,13H2,1-5H3,(H,21,22)/b9-6+,12-11+,15-8+,16-14+"	all-trans-Retinoic acid	299.202383		M-H	1	9.81225	NCBITAXON:http://purl.bioontology.org/ontology/NCBITAXON/9606	Homo sapiens	HMDB		MSI:3		Progenesis	38.6																																																																																																																					
CHEBI:89713	C12H24	C=CCCCCCCCCCC	"InChI=1S/C12H24/c1-3-5-7-9-11-12-10-8-6-4-2/h3H,1,4-12H2,2H3"	1-Dodecene	213.1850064		M+FA-H	1	9.829733333	NCBITAXON:http://purl.bioontology.org/ontology/NCBITAXON/9606	Homo sapiens	HMDB		MSI:3		Progenesis	37.2																																																																																																																					
CHEBI:89430	C21H36N8O6	O=C(NCC(=O)N1[C@@H](CCC1)C(=O)N[C@@H](CCCN=C(N)N)C(O)=O)[C@H]2N(CCC2)C(=O)[C@@H](N)C	"InChI=1S/C21H36N8O6/c1-12(22)19(33)29-10-4-6-14(29)17(31)26-11-16(30)28-9-3-7-15(28)18(32)27-13(20(34)35)5-2-8-25-21(23)24/h12-15H,2-11,22H2,1H3,(H,26,31)(H,27,32)(H,34,35)(H4,23,24,25)/t12-,13-,14-,15-/m0/s1"	APGPR Enterostatin	495.2725679		M-H	1	9.882166667	NCBITAXON:http://purl.bioontology.org/ontology/NCBITAXON/9606	Homo sapiens	HMDB		MSI:3		Progenesis	35																																																																																																																					
CHEBI:28592	C18H34O3	OC(CCCCCCC/C=C\C[C@@H](CCCCCC)O)=O	"InChI=1S/C18H34O3/c1-2-3-4-11-14-17(19)15-12-9-7-5-6-8-10-13-16-18(20)21/h9,12,17,19H,2-8,10-11,13-16H2,1H3,(H,20,21)/b12-9-/t17-/m1/s1"	Ricinoleic acid	297.243364		M-H	1	9.899633333	NCBITAXON:http://purl.bioontology.org/ontology/NCBITAXON/9606	Homo sapiens	HMDB		MSI:3		Progenesis	38.6																																																																																																																					
