database_identifier	chemical_formula	smiles	inchi	metabolite_identification	mass_to_charge	fragmentation	modifications	charge	retention_time	taxid	species	database	database_version	reliability	uri	search_engine	search_engine_score	smallmolecule_abundance_sub	smallmolecule_abundance_stdev_sub	smallmolecule_abundance_std_error_sub	20180913_R001	20180913_R009	20180913_R007	20180913_R008	20180913_R005	20180913_R006	20180913_R004	20180913_R023	20180913_R024	20180913_R020	20180913_QC_21	20180913_QC_20	20180913_QC_23	20180913_QC_22	20180913_QC_18	20180913_QC_17	20180913_QC_19	20180913_QC_14	20180913_QC_13	20180913_QC_16	20180913_QC_15	20180913_R029	20180913_R028	20180913_R025	20180913_R026	20180913_R012	20180913_R013	20180913_R010	20180913_R011	20180917_R062	20180917_R064	20180917_R063	20180917_R066	20180917_R068	20180917_R101	20180917_R067	20180917_R100	20180917_R103	20180917_R069	20180917_R102	20180917_R105	20180917_R104	20180917_R107	20180917_R109	20180917_R108	20180913_R018	20180913_R019	20180913_R016	20180913_R017	20180913_R014	20180913_R015	20180913_R045	20180913_R046	20180917_R071	20180913_R044	20180917_R070	20180913_R041	20180917_R073	20180913_R042	20180917_R072	20180917_R075	20180917_R077	20180917_R110	20180917_R076	20180917_R112	20180917_R078	20180917_R111	20180917_R114	20180917_R115	20180917_R118	20180917_R119	20180913_R047	20180913_R048	20180917_R080	20180913_R035	20180913_R032	20180913_R033	20180917_R081	20180913_R030	20180917_R084	20180913_R031	20180917_R083	20180917_R086	20180917_R085	20180917_R087	20180917_R120	20180917_R089	20180913_R038	20180913_R039	20180913_R037	20180917_R091	20180917_R090	20180917_R093	20180917_R092	20180917_R095	20180913_R061	20180917_R099	20180913_R060	20180917_R098	20180917_QC_22	20180917_QC_23	20180917_QC_20	20180917_QC_21	20180913_R056	20180913_R054	20180913_R055	20180917_QC_19	20180913_R052	20180913_R053	20180917_QC_17	20180913_R050	20180917_QC_18	20180913_R051	20180917_QC_15	20180917_QC_16	20180917_QC_13	20180917_QC_14
CHEBI:90007	C39H77N2O7P	C(\CCCCCC(CC(=O)N[C@@H](COP(OCC[N+](C)(C)C)(=O)[O-])[C@@H](\C=C\CCCCCCCCCCCCC)O)O)=C\CCCCCC	"InChI=1S/C39H77N2O7P/c1-6-8-10-12-14-16-18-19-21-23-25-27-29-31-38(43)37(35-48-49(45,46)47-33-32-41(3,4)5)40-39(44)34-36(42)30-28-26-24-22-20-17-15-13-11-9-7-2/h17,20,29,31,36-38,42-43H,6-16,18-19,21-28,30,32-35H2,1-5H3,(H-,40,44,45,46)/b20-17-,31-29+/t36?,37-,38+/m0/s1"	SM(d18:0/16:1(9Z)(OH))	717.5533936		"M+H, M+Na"	1	7.154883333	NCBITAXON:http://purl.bioontology.org/ontology/NCBITAXON/9606	Homo sapiens	HMDB		MSI:2		Progenesis	56.3																																																																																																																								
CHEBI:86031	C23H43NO4	CCCCCCCCCCCCC\C=C\C(=O)OC(CC([O-])=O)C[N+](C)(C)C	"InChI=1S/C23H43NO4/c1-5-6-7-8-9-10-11-12-13-14-15-16-17-18-23(27)28-21(19-22(25)26)20-24(2,3)4/h17-18,21H,5-16,19-20H2,1-4H3/b18-17+"	trans-Hexadec-2-enoyl carnitine	398.3271173		M+H	1	5.609716667	NCBITAXON:http://purl.bioontology.org/ontology/NCBITAXON/9606	Homo sapiens	HMDB		MSI:2		Progenesis	57.7																																																																																																																								
CHEBI:73061	C21H41NO4	CCCCCCCCCCCCCC(=O)OC(CC([O-])=O)C[N+](C)(C)C	"InChI=1S/C21H41NO4/c1-5-6-7-8-9-10-11-12-13-14-15-16-21(25)26-19(17-20(23)24)18-22(2,3)4/h19H,5-18H2,1-4H3"	Tetradecanoylcarnitine	372.3120369		M+H	1	5.7265	NCBITAXON:http://purl.bioontology.org/ontology/NCBITAXON/9606	Homo sapiens	HMDB		MSI:2		Progenesis	57.8																																																																																																																								
CHEBI:131743	C21H44NO7P	P(OC[C@@H](CO)OC(CCCCCCCCCCCCCCC)=O)(=O)(OCCN)O	"InChI=1S/C21H44NO7P/c1-2-3-4-5-6-7-8-9-10-11-12-13-14-15-21(24)29-20(18-23)19-28-30(25,26)27-17-16-22/h20,23H,2-19,22H2,1H3,(H,25,26)/t20-/m1/s1"	LysoPE(0:0/16:0)	454.2926174		"M+H, M+Na, M+H-H2O"	1	5.916433333	NCBITAXON:http://purl.bioontology.org/ontology/NCBITAXON/9606	Homo sapiens	HMDB		MSI:2		Progenesis	57.3																																																																																																																								
CHEBI:73930	C8H12N4O3	N[C@@H](Cc1c[nH]cn1)C(=O)NCC(O)=O	"InChI=1S/C8H12N4O3/c9-6(1-5-2-10-4-12-5)8(15)11-3-7(13)14/h2,4,6H,1,3,9H2,(H,10,12)(H,11,15)(H,13,14)/t6-/m0/s1"	Histidinyl-Glycine	195.0877285		M+H-H2O	1	1.320166667	NCBITAXON:http://purl.bioontology.org/ontology/NCBITAXON/9606	Homo sapiens	HMDB		MSI:2		Progenesis	58.2																																																																																																																								
CHEBI:145968	C10H17NO4	O/C(/CCCC(=O)NCC(O)=O)=C\CC	"InChI=1S/C10H17NO4/c1-2-4-8(12)5-3-6-9(13)11-7-10(14)15/h4,12H,2-3,5-7H2,1H3,(H,11,13)(H,14,15)/b8-4-"	5-hydroxyoct-5-enoylglycine	180.102257		M+H-2H2O	1	7.525733333	NCBITAXON:http://purl.bioontology.org/ontology/NCBITAXON/9606	Homo sapiens	HMDB		MSI:2		Progenesis	57.7																																																																																																																								
CHEBI:145960	C9H15NO3	O=C(NCC(O)=O)C\C=C\CCC	"InChI=1S/C9H15NO3/c1-2-3-4-5-6-8(11)10-7-9(12)13/h4-5H,2-3,6-7H2,1H3,(H,10,11)(H,12,13)/b5-4+"	3-Hepteneoylglycine	186.1122719		"M+H-H2O, M+H"	1	7.642533333	NCBITAXON:http://purl.bioontology.org/ontology/NCBITAXON/9606	Homo sapiens	HMDB		MSI:2		Progenesis	58.3																																																																																																																								
CHEBI:90011	C37H73N2O7P	C(\CCCCCC(CC(=O)N[C@@H](COP(OCC[N+](C)(C)C)(=O)[O-])[C@@H](\C=C\CCCCCCCCCCCCC)O)O)=C\CCCC	"InChI=1S/C37H73N2O7P/c1-6-8-10-12-14-16-17-18-19-21-23-25-27-29-36(41)35(33-46-47(43,44)45-31-30-39(3,4)5)38-37(42)32-34(40)28-26-24-22-20-15-13-11-9-7-2/h13,15,27,29,34-36,40-41H,6-12,14,16-26,28,30-33H2,1-5H3,(H-,38,42,43,44)/b15-13-,29-27+/t34?,35-,36+/m0/s1"	SM(d18:0/14:1(9Z)(OH))	689.5221462		"M+H, M+Na"	1	7.063466667	NCBITAXON:http://purl.bioontology.org/ontology/NCBITAXON/9606	Homo sapiens	HMDB		MSI:2		Progenesis	55.6																																																																																																																								
CHEBI:17490	C23H45NO4	CCCCCCCCCCCCCCCC(=O)O[C@H](CC([O-])=O)C[N+](C)(C)C	"InChI=1S/C23H45NO4/c1-5-6-7-8-9-10-11-12-13-14-15-16-17-18-23(27)28-21(19-22(25)26)20-24(2,3)4/h21H,5-20H2,1-4H3/t21-/m1/s1"	L-Palmitoylcarnitine	400.3456879		M+H	1	5.600566667	NCBITAXON:http://purl.bioontology.org/ontology/NCBITAXON/9606	Homo sapiens	HMDB		MSI:2		Progenesis	55.8																																																																																																																								
CHEBI:74348	C30H52NO7P	O(C(=O)CC/C=C\C/C=C\C/C=C\C/C=C\C/C=C\CCCCC)C[C@H](COP(OCC[N+](C)(C)C)(=O)[O-])O	"InChI=1S/C30H52NO7P/c1-5-6-7-8-9-10-11-12-13-14-15-16-17-18-19-20-21-22-23-24-30(33)36-27-29(32)28-38-39(34,35)37-26-25-31(2,3)4/h9-10,12-13,15-16,18-19,21-22,29,32H,5-8,11,14,17,20,23-28H2,1-4H3/b10-9-,13-12-,16-15-,19-18-,22-21-/t29-/m1/s1"	"LysoPC(22:5(4Z,7Z,10Z,13Z,16Z))"	592.3337979		M+Na	1	7.226116667	NCBITAXON:http://purl.bioontology.org/ontology/NCBITAXON/9606	Homo sapiens	HMDB		MSI:2		Progenesis	53.4																																																																																																																								
CHEBI:15887	C5H11NO2	NCCCCC(O)=O	"InChI=1S/C5H11NO2/c6-4-2-1-3-5(7)8/h1-4,6H2,(H,7,8)"	5-Aminopentanoic acid	118.086736		M+H	1	7.525733333	NCBITAXON:http://purl.bioontology.org/ontology/NCBITAXON/9606	Homo sapiens	HMDB		MSI:2		Progenesis	57.6																																																																																																																								
CHEBI:72736	C23H48NO7P	[H][C@@](CO[*])(COP([O-])(=O)OCC[N+](C)(C)C)O[*]		LysoPC(15:0)	482.3257633		"M+H, M+Na, M+H-H2O"	1	7.452616667	NCBITAXON:http://purl.bioontology.org/ontology/NCBITAXON/9606	Homo sapiens	HMDB		MSI:2		Progenesis	56.8																																																																																																																								
CHEBI:28733	C26H50NO7P	CCCCC\C=C/C\C=C/CCCCCCCC(=O)OC[C@@H](O)COP([O-])(=O)OCC[N+](C)(C)C	"InChI=1S/C26H50NO7P/c1-5-6-7-8-9-10-11-12-13-14-15-16-17-18-19-20-26(29)32-23-25(28)24-34-35(30,31)33-22-21-27(2,3)4/h9-10,12-13,25,28H,5-8,11,14-24H2,1-4H3/b10-9-,13-12-/t25-/m1/s1"	"LysoPC(18:2(9Z,12Z))"	520.342561		"M+H, M+Na"	1	7.164016667	NCBITAXON:http://purl.bioontology.org/ontology/NCBITAXON/9606	Homo sapiens	HMDB		MSI:2		Progenesis	56.4																																																																																																																								
CHEBI:64489	C22H46NO7P	C(C[N+](C)(C)C)OP(=O)([O-])OC[C@](COC(=O)CCCCCCCCCCCCC)([H])O	"InChI=1S/C22H46NO7P/c1-5-6-7-8-9-10-11-12-13-14-15-16-22(25)28-19-21(24)20-30-31(26,27)29-18-17-23(2,3)4/h21,24H,5-20H2,1-4H3/t21-/m1/s1"	LysoPC(14:0/0:0)	468.3100487		"M+H, M+Na, M+H-H2O"	1	7.525733333	NCBITAXON:http://purl.bioontology.org/ontology/NCBITAXON/9606	Homo sapiens	HMDB		MSI:2		Progenesis	56.7																																																																																																																								
CHEBI:85299	C20H41NO2	CCCCCCCCCCCCCCCCCC(=O)NCCO	"InChI=1S/C20H41NO2/c1-2-3-4-5-6-7-8-9-10-11-12-13-14-15-16-17-20(23)21-18-19-22/h22H,2-19H2,1H3,(H,21,23)"	Stearoylethanolamide	310.310057		M+H-H2O	1	4.8773	NCBITAXON:http://purl.bioontology.org/ontology/NCBITAXON/9606	Homo sapiens	HMDB		MSI:2		Progenesis	56																																																																																																																								
CHEBI:80473	C7H10N4O3	CC(=O)Nc1c(N)[nH]c(=O)n(C)c1=O	"InChI=1S/C7H10N4O3/c1-3(12)9-4-5(8)10-7(14)11(2)6(4)13/h8H2,1-2H3,(H,9,12)(H,10,14)"	5-Acetylamino-6-amino-3-methyluracil	181.0725785		M+H-H2O	1	1.473716667	NCBITAXON:http://purl.bioontology.org/ontology/NCBITAXON/9606	Homo sapiens	HMDB		MSI:2		Progenesis	57.1																																																																																																																								
CHEBI:133657	C30H54NO7P	C(C[N+](C)(C)C)OP(=O)([O-])OC[C@H](O)COC(CCCCC/C=C\C/C=C\C/C=C\C/C=C\CCCCC)=O	"InChI=1S/C30H54NO7P/c1-5-6-7-8-9-10-11-12-13-14-15-16-17-18-19-20-21-22-23-24-30(33)36-27-29(32)28-38-39(34,35)37-26-25-31(2,3)4/h9-10,12-13,15-16,18-19,29,32H,5-8,11,14,17,20-28H2,1-4H3/b10-9-,13-12-,16-15-,19-18-/t29-/m1/s1"	"LysoPC(22:4(7Z,10Z,13Z,16Z))"	594.3532696		M+Na	1	7.1823	NCBITAXON:http://purl.bioontology.org/ontology/NCBITAXON/9606	Homo sapiens	HMDB		MSI:2		Progenesis	55.7																																																																																																																								
CHEBI:88932	C44H80NO7P	C(C(COC(CCCCCC/C=C\C/C=C\C/C=C\C/C=C\CC)=O)O/C=C\CCCCCCCCCCCCCC)OP([O-])(=O)OCC[N+](C)(C)C	"InChI=1S/C44H80NO7P/c1-6-8-10-12-14-16-18-20-22-23-24-25-27-29-31-33-35-37-44(46)50-41-43(42-52-53(47,48)51-40-38-45(3,4)5)49-39-36-34-32-30-28-26-21-19-17-15-13-11-9-7-2/h8,10,14,16,20,22,24-25,36,39,43H,6-7,9,11-13,15,17-19,21,23,26-35,37-38,40-42H2,1-5H3/b10-8-,16-14-,22-20-,25-24-,39-36-"	"PC(20:4(8Z,11Z,14Z,17Z)/P-16:0)"	766.5773751		M+H	1	5.0398	NCBITAXON:http://purl.bioontology.org/ontology/NCBITAXON/9606	Homo sapiens	HMDB		MSI:2		Progenesis	49																																																																																																																								
CHEBI:73054	C19H37NO4	CCCCCCCCCCCC(=O)OC(CC([O-])=O)C[N+](C)(C)C	"InChI=1S/C19H37NO4/c1-5-6-7-8-9-10-11-12-13-14-19(23)24-17(15-18(21)22)16-20(2,3)4/h17H,5-16H2,1-4H3"	Dodecanoylcarnitine	344.280021		M+H	1	5.889	NCBITAXON:http://purl.bioontology.org/ontology/NCBITAXON/9606	Homo sapiens	HMDB		MSI:2		Progenesis	56.2																																																																																																																								
CHEBI:17596	C10H12N4O5	OC[C@H]1O[C@H]([C@H](O)[C@@H]1O)n1cnc2c(O)ncnc12	"InChI=1S/C10H12N4O5/c15-1-4-6(16)7(17)10(19-4)14-3-13-5-8(14)11-2-12-9(5)18/h2-4,6-7,10,15-17H,1H2,(H,11,12,18)/t4-,6-,7-,10-/m1/s1"	Inosine	291.0699591		M+Na	1	2.908816667	NCBITAXON:http://purl.bioontology.org/ontology/NCBITAXON/9606	Homo sapiens	HMDB		MSI:2		Progenesis	56.5																																																																																																																								
CHEBI:18123	C7H7NO2	C[n+]1cccc(c1)C([O-])=O	"InChI=1S/C7H7NO2/c1-8-4-2-3-6(5-8)7(9)10/h2-5H,1H3"	Trigonelline	138.0554153		M+H	1	7.642533333	NCBITAXON:http://purl.bioontology.org/ontology/NCBITAXON/9606	Homo sapiens	HMDB		MSI:2		Progenesis	56.4																																																																																																																								
CHEBI:15825	C5H8O	CC(C)=CC=O	"InChI=1S/C5H8O/c1-5(2)3-4-6/h3-4H,1-2H3"	3-Methyl-2-butenal	102.0912449		M+NH4	1	9.07775	NCBITAXON:http://purl.bioontology.org/ontology/NCBITAXON/9606	Homo sapiens	HMDB		MSI:2		Progenesis	56.6																																																																																																																								
CHEBI:84753	C26H52NO6P	[C@@H](CO/C=C\CCCCCC/C=C\CCCCCCCC)(COP(OCC[N+](C)(C)C)(=O)[O-])O	"InChI=1S/C26H52NO6P/c1-5-6-7-8-9-10-11-12-13-14-15-16-17-18-19-20-22-31-24-26(28)25-33-34(29,30)32-23-21-27(2,3)4/h12-13,20,22,26,28H,5-11,14-19,21,23-25H2,1-4H3/b13-12-,22-20-/t26-/m1/s1"	LysoPC(P-18:1(9Z))	506.3606897		M+H	1	7.262683333	NCBITAXON:http://purl.bioontology.org/ontology/NCBITAXON/9606	Homo sapiens	HMDB		MSI:2		Progenesis	54.9																																																																																																																								
CHEBI:88473	C10H14O	CCCC1=CC=C(C=C1)OC	"InChI=1S/C10H14O/c1-3-4-9-5-7-10(11-2)8-6-9/h5-8H,3-4H2,1-2H3"	1-Methoxy-4-propylbenzene	173.0927563		M+Na	1	1.139216667	NCBITAXON:http://purl.bioontology.org/ontology/NCBITAXON/9606	Homo sapiens	HMDB		MSI:2		Progenesis	54.3																																																																																																																								
CHEBI:73074	C25H49NO4	CCCCCCCCCCCCCCCCCC(=O)OC(CC([O-])=O)C[N+](C)(C)C	"InChI=1S/C25H49NO4/c1-5-6-7-8-9-10-11-12-13-14-15-16-17-18-19-20-25(29)30-23(21-24(27)28)22-26(2,3)4/h23H,5-22H2,1-4H3"	Stearoylcarnitine	428.3759274		M+H	1	5.50205	NCBITAXON:http://purl.bioontology.org/ontology/NCBITAXON/9606	Homo sapiens	HMDB		MSI:2		Progenesis	55.3																																																																																																																								
CHEBI:16347	C7H15NO3	C[N+](C)(C)C[C@H](O)CC([O-])=O	"InChI=1S/C7H15NO3/c1-8(2,3)5-6(9)4-7(10)11/h6,9H,4-5H2,1-3H3/t6-/m1/s1"	L-Carnitine	144.1021652		M+H-H2O	1	8.6908	NCBITAXON:http://purl.bioontology.org/ontology/NCBITAXON/9606	Homo sapiens	HMDB		MSI:2		Progenesis	54.9																																																																																																																								
CHEBI:28940	C27H44O	[H][C@@]1(CC[C@]2([H])[C@]1(C)CCC\C2=C/C=C1/C[C@@H](O)CCC1=C)[C@H](C)CCCC(C)C	"InChI=1S/C27H44O/c1-19(2)8-6-9-21(4)25-15-16-26-22(10-7-17-27(25,26)5)12-13-23-18-24(28)14-11-20(23)3/h12-13,19,21,24-26,28H,3,6-11,14-18H2,1-2,4-5H3/b22-12+,23-13-/t21-,24+,25-,26+,27-/m1/s1"	Vitamin D3	367.3377057		M+H-H2O	1	1.013266667	NCBITAXON:http://purl.bioontology.org/ontology/NCBITAXON/9606	Homo sapiens	HMDB		MSI:2		Progenesis	54																																																																																																																								
CHEBI:17154	C6H6N2O	NC(=O)c1cccnc1	"InChI=1S/C6H6N2O/c7-6(9)5-2-1-3-8-4-5/h1-4H,(H2,7,9)"	Niacinamide	123.055606		M+H	1	1.681916667	NCBITAXON:http://purl.bioontology.org/ontology/NCBITAXON/9606	Homo sapiens	HMDB		MSI:2		Progenesis	54.4																																																																																																																								
CHEBI:28593	C20H24N2O2	[H][C@@]1(C[C@@H]2CC[N@]1C[C@@H]2C=C)[C@@H](O)c1ccnc2ccc(OC)cc12	"InChI=1S/C20H24N2O2/c1-3-13-12-22-9-7-14(13)10-19(22)20(23)16-6-8-21-18-5-4-15(24-2)11-17(16)18/h3-6,8,11,13-14,19-20,23H,1,7,9-10,12H2,2H3/t13-,14-,19+,20-/m0/s1"	Quinidine	325.1933999		"M+H-H2O, M+H"	1	4.03735	NCBITAXON:http://purl.bioontology.org/ontology/NCBITAXON/9606	Homo sapiens	HMDB		MSI:2		Progenesis	51.8																																																																																																																								
CHEBI:64563	C24H50NO7P	[H][C@@](CO[*])(COP([O-])(=O)OCC[N+](C)(C)C)O[*]		LysoPC(16:0)	496.3435435		"M+H, M+K, M+Na, M+H-H2O"	1	7.200583333	NCBITAXON:http://purl.bioontology.org/ontology/NCBITAXON/9606	Homo sapiens	HMDB		MSI:2		Progenesis	51																																																																																																																								
CHEBI:89881	C44H84NO7P	O(C[C@](COP([O-])(=O)OCC[N+](C)(C)C)(OC(CCCCCCC/C=C\C/C=C\CCCCC)=O)[H])CCCCCCCC/C=C\CCCCCCCC	"InChI=1S/C44H84NO7P/c1-6-8-10-12-14-16-18-20-22-24-26-28-30-32-34-36-39-49-41-43(42-51-53(47,48)50-40-38-45(3,4)5)52-44(46)37-35-33-31-29-27-25-23-21-19-17-15-13-11-9-7-2/h15,17,20-23,43H,6-14,16,18-19,24-42H2,1-5H3/b17-15-,22-20-,23-21-/t43-/m1/s1"	"PC(o-18:1(9Z)/18:2(9Z,12Z))"	770.6006202		M+H	1	5.149483333	NCBITAXON:http://purl.bioontology.org/ontology/NCBITAXON/9606	Homo sapiens	HMDB		MSI:2		Progenesis	48.9																																																																																																																								
CHEBI:140773	C24H50NO6P	P(OC[C@@H](CO/C=C/*)O)(=O)(OCC[N+](C)(C)C)[O-]		LysoPC(P-16:0)	480.3475131		"M+H, M+Na"	1	7.118316667	NCBITAXON:http://purl.bioontology.org/ontology/NCBITAXON/9606	Homo sapiens	HMDB		MSI:2		Progenesis	53.3																																																																																																																								
CHEBI:29069	C8H6O4	OC(=O)c1ccccc1C(O)=O	"InChI=1S/C8H6O4/c9-7(10)5-3-1-2-4-6(5)8(11)12/h1-4H,(H,9,10)(H,11,12)"	Phthalic acid	149.0240121		M+H-H2O	1	1.038666667	NCBITAXON:http://purl.bioontology.org/ontology/NCBITAXON/9606	Homo sapiens	HMDB		MSI:2		Progenesis	53.3																																																																																																																								
CHEBI:145254	C23H46NO7P	C([C@@](CO)(OC(CCCCCCCCC/C=C\CCCCCC)=O)[H])OP(=O)(O)OCCN	"InChI=1S/C23H46NO7P/c1-2-3-4-5-6-7-8-9-10-11-12-13-14-15-16-17-23(26)31-22(20-25)21-30-32(27,28)29-19-18-24/h7-8,22,25H,2-6,9-21,24H2,1H3,(H,27,28)/b8-7-/t22-/m1/s1"	LysoPE(0:0/18:1(11Z))	480.3084076		"M+H-H2O, M+H"	1	5.8362	NCBITAXON:http://purl.bioontology.org/ontology/NCBITAXON/9606	Homo sapiens	HMDB		MSI:2		Progenesis	50																																																																																																																								
CHEBI:133223	C7H15NO2	C(C(CCCCC)[NH3+])([O-])=O	"InChI=1S/C7H15NO2/c1-2-3-4-5-6(8)7(9)10/h6H,2-5,8H2,1H3,(H,9,10)"	2-Aminoheptanoate	184.074763		M+K	1	7.388616667	NCBITAXON:http://purl.bioontology.org/ontology/NCBITAXON/9606	Homo sapiens	HMDB		MSI:2		Progenesis	50.1																																																																																																																								
CHEBI:28733	C26H50NO7P	CCCCC\C=C/C\C=C/CCCCCCCC(=O)OC[C@@H](O)COP([O-])(=O)OCC[N+](C)(C)C	"InChI=1S/C26H50NO7P/c1-5-6-7-8-9-10-11-12-13-14-15-16-17-18-19-20-26(29)32-23-25(28)24-34-35(30,31)33-22-21-27(2,3)4/h9-10,12-13,25,28H,5-8,11,14-24H2,1-4H3/b10-9-,13-12-/t25-/m1/s1"	"LysoPC(18:2(9Z,12Z))"	542.3233589		"M+Na, M+K"	1	7.34495	NCBITAXON:http://purl.bioontology.org/ontology/NCBITAXON/9606	Homo sapiens	HMDB		MSI:2		Progenesis	49.7																																																																																																																								
CHEBI:73865	C48H86NO8P	CCCCCCCCCCCCCCCCCC(=O)OC[C@H](COP([O-])(=O)OCC[N+](C)(C)C)OC(=O)CC\C=C/C\C=C/C\C=C/C\C=C/C\C=C/CCCCC	"InChI=1S/C48H86NO8P/c1-6-8-10-12-14-16-18-20-22-23-24-25-27-29-31-33-35-37-39-41-48(51)57-46(45-56-58(52,53)55-43-42-49(3,4)5)44-54-47(50)40-38-36-34-32-30-28-26-21-19-17-15-13-11-9-7-2/h14,16,20,22,24-25,29,31,35,37,46H,6-13,15,17-19,21,23,26-28,30,32-34,36,38-45H2,1-5H3/b16-14-,22-20-,25-24-,31-29-,37-35-/t46-/m1/s1"	"PC(18:0/22:5(4Z,7Z,10Z,13Z,16Z))"	858.5937544		M+Na	1	5.014416667	NCBITAXON:http://purl.bioontology.org/ontology/NCBITAXON/9606	Homo sapiens	HMDB		MSI:2		Progenesis	46.8																																																																																																																								
CHEBI:64563	C24H50NO7P	[H][C@@](CO[*])(COP([O-])(=O)OCC[N+](C)(C)C)O[*]		LysoPC(16:0)	478.3299954		M+H-H2O	1	7.388616667	NCBITAXON:http://purl.bioontology.org/ontology/NCBITAXON/9606	Homo sapiens	HMDB		MSI:2		Progenesis	50																																																																																																																								
CHEBI:16347	C7H15NO3	C[N+](C)(C)C[C@H](O)CC([O-])=O	"InChI=1S/C7H15NO3/c1-8(2,3)5-6(9)4-7(10)11/h6,9H,4-5H2,1-3H3/t6-/m1/s1"	L-Carnitine	144.1032015		M+H-H2O	1	7.7319	NCBITAXON:http://purl.bioontology.org/ontology/NCBITAXON/9606	Homo sapiens	HMDB		MSI:2		Progenesis	50.3																																																																																																																								
CHEBI:73060	C21H39NO4	CCCCCCCC\C=C/CCCC(=O)OC(CC([O-])=O)C[N+](C)(C)C	"InChI=1S/C21H39NO4/c1-5-6-7-8-9-10-11-12-13-14-15-16-21(25)26-19(17-20(23)24)18-22(2,3)4/h12-13,19H,5-11,14-18H2,1-4H3/b13-12-"	cis-5-Tetradecenoylcarnitine	370.2955407		M+H	1	5.708216667	NCBITAXON:http://purl.bioontology.org/ontology/NCBITAXON/9606	Homo sapiens	HMDB		MSI:2		Progenesis	49.7																																																																																																																								
CHEBI:64561	C26H54NO7P	[C@](CO*)(O*)([H])COP(OCC[N+](C)(C)C)(=O)[O-]		LysoPC(18:0)	562.3261747		M+K	1	7.2444	NCBITAXON:http://purl.bioontology.org/ontology/NCBITAXON/9606	Homo sapiens	HMDB		MSI:2		Progenesis	47.6																																																																																																																								
CHEBI:90333	C11H9NO2	C=1C=CC2=C(C1)C=C(N2)/C=C/C(=O)O	"InChI=1S/C11H9NO2/c13-11(14)6-5-9-7-8-3-1-2-4-10(8)12-9/h1-7,12H,(H,13,14)/b6-5+"	Indoleacrylic acid	188.0711582		"M+H-H2O, M+H"	1	5.646266667	NCBITAXON:http://purl.bioontology.org/ontology/NCBITAXON/9606	Homo sapiens	HMDB		MSI:2		Progenesis	50.4																																																																																																																								
CHEBI:16709	C8H11NO3	Cc1ncc(CO)c(CO)c1O	"InChI=1S/C8H11NO3/c1-5-8(12)7(4-11)6(3-10)2-9-5/h2,10-12H,3-4H2,1H3"	Pyridoxine	152.0699309		M+H-H2O	1	1.17595	NCBITAXON:http://purl.bioontology.org/ontology/NCBITAXON/9606	Homo sapiens	HMDB		MSI:2		Progenesis	49.4																																																																																																																								
CHEBI:133094	C11H18N2O2	C1C[C@@]2([H])C(N[C@H](C(N2C1)=O)CC(C)C)=O	"InChI=1S/C11H18N2O2/c1-7(2)6-8-11(15)13-5-3-4-9(13)10(14)12-8/h7-9H,3-6H2,1-2H3,(H,12,14)/t8-,9-/m0/s1"	"L,L-Cyclo(leucylprolyl)"	249.0979082		M+K	1	9.034083333	NCBITAXON:http://purl.bioontology.org/ontology/NCBITAXON/9606	Homo sapiens	HMDB		MSI:2		Progenesis	47.9																																																																																																																								
CHEBI:74968	C28H58NO7P	CCCCCCCCCCCCCCCCCCCC(=O)OC[C@@H](O)COP([O-])(=O)OCC[N+](C)(C)C	"InChI=1S/C28H58NO7P/c1-5-6-7-8-9-10-11-12-13-14-15-16-17-18-19-20-21-22-28(31)34-25-27(30)26-36-37(32,33)35-24-23-29(2,3)4/h27,30H,5-26H2,1-4H3/t27-/m1/s1"	LysoPC(20:0/0:0)	534.3909043		M+H-H2O	1	7.443466667	NCBITAXON:http://purl.bioontology.org/ontology/NCBITAXON/9606	Homo sapiens	HMDB		MSI:2		Progenesis	47																																																																																																																								
CHEBI:75216	C26H56NO6P	[C@@H](COCCCCCCCCCCCCCCCCCC)(COP(OCC[N+](C)(C)C)(=O)[O-])O	"InChI=1S/C26H56NO6P/c1-5-6-7-8-9-10-11-12-13-14-15-16-17-18-19-20-22-31-24-26(28)25-33-34(29,30)32-23-21-27(2,3)4/h26,28H,5-25H2,1-4H3/t26-/m1/s1"	LysoPC(O-18:0)	510.3949531		"M+H, M+Na"	1	7.46175	NCBITAXON:http://purl.bioontology.org/ontology/NCBITAXON/9606	Homo sapiens	HMDB		MSI:2		Progenesis	48.6																																																																																																																								
CHEBI:137889	C26H54NO6P	P(OC[C@@H](CO/C=C/*)O)(=O)(OCC[N+](C)(C)C)[O-]		LysoPC(P-18:0)	508.3799109		"M+H, M+Na"	1	7.489183333	NCBITAXON:http://purl.bioontology.org/ontology/NCBITAXON/9606	Homo sapiens	HMDB		MSI:2		Progenesis	45.2																																																																																																																								
CHEBI:72737	C25H52NO7P	[H][C@@](CO[*])(COP([O-])(=O)OCC[N+](C)(C)C)O[*]		LysoPC(17:0)	510.3586414		"M+H, M+Na, M+H-H2O"	1	7.326666667	NCBITAXON:http://purl.bioontology.org/ontology/NCBITAXON/9606	Homo sapiens	HMDB		MSI:2		Progenesis	47.6																																																																																																																								
CHEBI:89190	C46H86NO8P	C([C@@](COC(CCCCCC/C=C\C/C=C\C/C=C\CCCCC)=O)(OC(CCCCCCCCCCCCCCCCC)=O)[H])OP([O-])(=O)OCC[N+](C)(C)C	"InChI=1S/C46H86NO8P/c1-6-8-10-12-14-16-18-20-22-23-25-26-28-30-32-34-36-38-45(48)52-42-44(43-54-56(50,51)53-41-40-47(3,4)5)55-46(49)39-37-35-33-31-29-27-24-21-19-17-15-13-11-9-7-2/h14,16,20,22,25-26,44H,6-13,15,17-19,21,23-24,27-43H2,1-5H3/b16-14-,22-20-,26-25-/t44-/m1/s1"	"PC(20:3(8Z,11Z,14Z)/18:0)"	794.6076573		M+H-H2O	1	5.058083333	NCBITAXON:http://purl.bioontology.org/ontology/NCBITAXON/9606	Homo sapiens	HMDB		MSI:2		Progenesis	43.4																																																																																																																								
CHEBI:73608	C15H23N3O4	NCCCC[C@H](N)C(=O)N[C@@H](Cc1ccc(O)cc1)C(O)=O	"InChI=1S/C15H23N3O4/c16-8-2-1-3-12(17)14(20)18-13(15(21)22)9-10-4-6-11(19)7-5-10/h4-7,12-13,19H,1-3,8-9,16-17H2,(H,18,20)(H,21,22)/t12-,13-/m0/s1"	Lysyl-Tyrosine	327.201783		M+NH4	1	1.17595	NCBITAXON:http://purl.bioontology.org/ontology/NCBITAXON/9606	Homo sapiens	HMDB		MSI:2		Progenesis	46																																																																																																																								
CHEBI:64561	C26H54NO7P	[C@](CO*)(O*)([H])COP(OCC[N+](C)(C)C)(=O)[O-]		LysoPC(18:0)	524.3742959		"M+H, M+Na, M+K"	1	7.072616667	NCBITAXON:http://purl.bioontology.org/ontology/NCBITAXON/9606	Homo sapiens	HMDB		MSI:2		Progenesis	45.8																																																																																																																								
CHEBI:28281	C11H11NO3	O(C)C1=CC2=C(NC=C2CC(O)=O)C=C1	"InChI=1S/C11H11NO3/c1-15-8-2-3-10-9(5-8)7(6-12-10)4-11(13)14/h2-3,5-6,12H,4H2,1H3,(H,13,14)"	5-Methoxyindoleacetate	188.0709017		M+H-H2O	1	5.953	NCBITAXON:http://purl.bioontology.org/ontology/NCBITAXON/9606	Homo sapiens	HMDB		MSI:2		Progenesis	45.8																																																																																																																								
CHEBI:74344	C28H50NO7P	[H][C@@](O)(COC(=O)CCC\C=C/C\C=C/C\C=C/C\C=C/CCCCC)COP([O-])(=O)OCC[N+](C)(C)C	"InChI=1S/C28H50NO7P/c1-5-6-7-8-9-10-11-12-13-14-15-16-17-18-19-20-21-22-28(31)34-25-27(30)26-36-37(32,33)35-24-23-29(2,3)4/h9-10,12-13,15-16,18-19,27,30H,5-8,11,14,17,20-26H2,1-4H3/b10-9-,13-12-,16-15-,19-18-/t27-/m1/s1"	"LysoPC(20:4(5Z,8Z,11Z,14Z))"	566.321618		M+Na	1	7.2444	NCBITAXON:http://purl.bioontology.org/ontology/NCBITAXON/9606	Homo sapiens	HMDB		MSI:2		Progenesis	44.5																																																																																																																								
CHEBI:84519	C42H82NO10P	CCCCCCCCCCCCCCCCCC(=O)OC[C@H](COP(O)(=O)OC[C@H](N)C(O)=O)OC(=O)CCCCCCCCCCCCCCCCC	"InChI=1S/C42H82NO10P/c1-3-5-7-9-11-13-15-17-19-21-23-25-27-29-31-33-40(44)50-35-38(36-51-54(48,49)52-37-39(43)42(46)47)53-41(45)34-32-30-28-26-24-22-20-18-16-14-12-10-8-6-4-2/h38-39H,3-37,43H2,1-2H3,(H,46,47)(H,48,49)/t38-,39+/m1/s1"	PS(18:0/18:0)	774.5639592		M+H-H2O	1	5.302916667	NCBITAXON:http://purl.bioontology.org/ontology/NCBITAXON/9606	Homo sapiens	HMDB		MSI:2		Progenesis	42.8																																																																																																																								
CHEBI:16794	C17H21NO4	CN1[C@H]2C[C@@H](C[C@@H]1[C@H]1O[C@@H]21)OC(=O)[C@H](CO)c1ccccc1	"InChI=1S/C17H21NO4/c1-18-13-7-11(8-14(18)16-15(13)22-16)21-17(20)12(9-19)10-5-3-2-4-6-10/h2-6,11-16,19H,7-9H2,1H3/t11-,12-,13-,14+,15-,16+/m1/s1"	Scopolamine	286.1445857		M+H-H2O	1	1.130066667	NCBITAXON:http://purl.bioontology.org/ontology/NCBITAXON/9606	Homo sapiens	HMDB		MSI:2		Progenesis	45.4																																																																																																																								
CHEBI:88453	C37H66O5	C([C@@](COC(CCCCCCCCCCCCCCC)=O)(OC(CCCC/C=C\C/C=C\C/C=C\CCCCC)=O)[H])O	"InChI=1S/C37H66O5/c1-3-5-7-9-11-13-15-17-18-20-22-24-26-28-30-32-37(40)42-35(33-38)34-41-36(39)31-29-27-25-23-21-19-16-14-12-10-8-6-4-2/h11,13,17-18,22,24,35,38H,3-10,12,14-16,19-21,23,25-34H2,1-2H3/b13-11-,18-17-,24-22-/t35-/m0/s1"	"DG(16:0/18:3(6Z,9Z,12Z)/0:0)"	613.4746594		M+Na	1	1.013266667	NCBITAXON:http://purl.bioontology.org/ontology/NCBITAXON/9606	Homo sapiens	HMDB		MSI:2		Progenesis	41																																																																																																																								
CHEBI:30763	C7H6O3	OC(=O)c1ccc(O)cc1	"InChI=1S/C7H6O3/c8-6-3-1-5(2-4-6)7(9)10/h1-4,8H,(H,9,10)"	4-Hydroxybenzoic acid	121.0282225		M+H-H2O	1	1.038666667	NCBITAXON:http://purl.bioontology.org/ontology/NCBITAXON/9606	Homo sapiens	HMDB		MSI:2		Progenesis	44.9																																																																																																																								
CHEBI:73873	C30H50NO7P	[C@@H](COC(CC/C=C\C/C=C\C/C=C\C/C=C\C/C=C\C/C=C\CC)=O)(COP(OCC[N+](C)(C)C)(=O)[O-])O	"InChI=1S/C30H50NO7P/c1-5-6-7-8-9-10-11-12-13-14-15-16-17-18-19-20-21-22-23-24-30(33)36-27-29(32)28-38-39(34,35)37-26-25-31(2,3)4/h6-7,9-10,12-13,15-16,18-19,21-22,29,32H,5,8,11,14,17,20,23-28H2,1-4H3/b7-6-,10-9-,13-12-,16-15-,19-18-,22-21-/t29-/m1/s1"	"LysoPC(22:6(4Z,7Z,10Z,13Z,16Z,19Z))"	568.3405073		"M+H, M+Na"	1	7.216833333	NCBITAXON:http://purl.bioontology.org/ontology/NCBITAXON/9606	Homo sapiens	HMDB		MSI:2		Progenesis	39.7																																																																																																																								
				"MG(0:0/22:5(4Z,7Z,10Z,13Z,16Z)/0:0)"	387.2898611		M+H-H2O	1	1.14835	NCBITAXON:http://purl.bioontology.org/ontology/NCBITAXON/9606	Homo sapiens	HMDB		MSI:2		Progenesis	41.5																																																																																																																								
CHEBI:17933	C27H44O2	[H][C@@]1(CC[C@]2([H])[C@]1(C)CCC\C2=C/C=C1/C[C@@H](O)CCC1=C)[C@H](C)CCCC(C)(C)O	"InChI=1S/C27H44O2/c1-19-10-13-23(28)18-22(19)12-11-21-9-7-17-27(5)24(14-15-25(21)27)20(2)8-6-16-26(3,4)29/h11-12,20,23-25,28-29H,1,6-10,13-18H2,2-5H3/b21-11+,22-12-/t20-,23+,24-,25+,27-/m1/s1"	Calcidiol	365.3188648		M+H-2H2O	1	1.05695	NCBITAXON:http://purl.bioontology.org/ontology/NCBITAXON/9606	Homo sapiens	HMDB		MSI:2		Progenesis	42.1																																																																																																																								
CHEBI:17823	C27H44O3	[H][C@@]1(CC[C@@]2([H])\C(CCC[C@]12C)=C\C=C1\C[C@@H](O)C[C@H](O)C1=C)[C@H](C)CCCC(C)(C)O	"InChI=1S/C27H44O3/c1-18(8-6-14-26(3,4)30)23-12-13-24-20(9-7-15-27(23,24)5)10-11-21-16-22(28)17-25(29)19(21)2/h10-11,18,22-25,28-30H,2,6-9,12-17H2,1,3-5H3/b20-10+,21-11-/t18-,22-,23-,24+,25+,27-/m1/s1"	Calcitriol	381.3149573		M+H-2H2O	1	1.05695	NCBITAXON:http://purl.bioontology.org/ontology/NCBITAXON/9606	Homo sapiens	HMDB		MSI:2		Progenesis	43.1																																																																																																																								
CHEBI:72737	C25H52NO7P	[H][C@@](CO[*])(COP([O-])(=O)OCC[N+](C)(C)C)O[*]		LysoPC(17:0)	510.3560822		"M+H, M+Na"	1	7.1366	NCBITAXON:http://purl.bioontology.org/ontology/NCBITAXON/9606	Homo sapiens	HMDB		MSI:2		Progenesis	42.7																																																																																																																								
CHEBI:89262	C39H66O5	C([C@@](COC(CCCCCCC/C=C\C/C=C\C/C=C\CC)=O)(OC(CCCCCCC/C=C\C/C=C\CCCCC)=O)[H])O	"InChI=1S/C39H66O5/c1-3-5-7-9-11-13-15-17-19-21-23-25-27-29-31-33-38(41)43-36-37(35-40)44-39(42)34-32-30-28-26-24-22-20-18-16-14-12-10-8-6-4-2/h5,7,11-14,17-20,37,40H,3-4,6,8-10,15-16,21-36H2,1-2H3/b7-5-,13-11-,14-12-,19-17-,20-18-/t37-/m0/s1"	"DG(18:3(9Z,12Z,15Z)/18:2(9Z,12Z)/0:0)"	653.4487141		M+K	1	1.013266667	NCBITAXON:http://purl.bioontology.org/ontology/NCBITAXON/9606	Homo sapiens	HMDB		MSI:2		Progenesis	40.1																																																																																																																								
CHEBI:17933	C27H44O2	[H][C@@]1(CC[C@]2([H])[C@]1(C)CCC\C2=C/C=C1/C[C@@H](O)CCC1=C)[C@H](C)CCCC(C)(C)O	"InChI=1S/C27H44O2/c1-19-10-13-23(28)18-22(19)12-11-21-9-7-17-27(5)24(14-15-25(21)27)20(2)8-6-16-26(3,4)29/h11-12,20,23-25,28-29H,1,6-10,13-18H2,2-5H3/b21-11+,22-12-/t20-,23+,24-,25+,27-/m1/s1"	Calcidiol	383.3333217		M+H-H2O	1	1.0478	NCBITAXON:http://purl.bioontology.org/ontology/NCBITAXON/9606	Homo sapiens	HMDB		MSI:2		Progenesis	39.9																																																																																																																								
CHEBI:28733	C26H50NO7P	CCCCC\C=C/C\C=C/CCCCCCCC(=O)OC[C@@H](O)COP([O-])(=O)OCC[N+](C)(C)C	"InChI=1S/C26H50NO7P/c1-5-6-7-8-9-10-11-12-13-14-15-16-17-18-19-20-26(29)32-23-25(28)24-34-35(30,31)33-22-21-27(2,3)4/h9-10,12-13,25,28H,5-8,11,14-24H2,1-4H3/b10-9-,13-12-/t25-/m1/s1"	"LysoPC(18:2(9Z,12Z))"	520.3435514		M+H	1	7.363233333	NCBITAXON:http://purl.bioontology.org/ontology/NCBITAXON/9606	Homo sapiens	HMDB		MSI:2		Progenesis	40.5																																																																																																																								
CHEBI:18402	C27H46O5	C[C@H](CCCC(C)C(O)=O)[C@H]1CC[C@H]2[C@@H]3[C@H](O)C[C@@H]4C[C@H](O)CC[C@]4(C)[C@H]3C[C@H](O)[C@]12C	"InChI=1S/C27H46O5/c1-15(6-5-7-16(2)25(31)32)19-8-9-20-24-21(14-23(30)27(19,20)4)26(3)11-10-18(28)12-17(26)13-22(24)29/h15-24,28-30H,5-14H2,1-4H3,(H,31,32)/t15-,16?,17+,18-,19-,20+,21+,22-,23+,24+,26+,27-/m1/s1"	Coprocholic acid	415.3198616		"M+H-2H2O, M+Na"	1	1.05695	NCBITAXON:http://purl.bioontology.org/ontology/NCBITAXON/9606	Homo sapiens	HMDB		MSI:2		Progenesis	40.9																																																																																																																								
CHEBI:84829	C48H84NO8P	CCCCCCCCCCCCCCCCCC(=O)OC[C@H](COP([O-])(=O)OCC[N+](C)(C)C)OC(=O)CC\C=C/C\C=C/C\C=C/C\C=C/C\C=C/C\C=C/CC	"InChI=1S/C48H84NO8P/c1-6-8-10-12-14-16-18-20-22-23-24-25-27-29-31-33-35-37-39-41-48(51)57-46(45-56-58(52,53)55-43-42-49(3,4)5)44-54-47(50)40-38-36-34-32-30-28-26-21-19-17-15-13-11-9-7-2/h8,10,14,16,20,22,24-25,29,31,35,37,46H,6-7,9,11-13,15,17-19,21,23,26-28,30,32-34,36,38-45H2,1-5H3/b10-8-,16-14-,22-20-,25-24-,31-29-,37-35-/t46-/m1/s1"	"PC(18:0/22:6(4Z,7Z,10Z,13Z,16Z,19Z))"	856.5799238		M+Na	1	5.014416667	NCBITAXON:http://purl.bioontology.org/ontology/NCBITAXON/9606	Homo sapiens	HMDB		MSI:2		Progenesis	39.3																																																																																																																								
CHEBI:89667	C40H78NO8P	C([C@@](COC(CCCCCCCCCCCCCCCCC)=O)(OC(CCCCCCC/C=C\CCCC)=O)[H])OP([O-])(=O)OCC[N+](C)(C)C	"InChI=1S/C40H78NO8P/c1-6-8-10-12-14-16-18-19-20-21-23-24-26-28-30-32-39(42)46-36-38(37-48-50(44,45)47-35-34-41(3,4)5)49-40(43)33-31-29-27-25-22-17-15-13-11-9-7-2/h13,15,38H,6-12,14,16-37H2,1-5H3/b15-13-/t38-/m1/s1"	PC(18:0/14:1(9Z))	754.5354164		M+Na	1	5.25715	NCBITAXON:http://purl.bioontology.org/ontology/NCBITAXON/9606	Homo sapiens	HMDB		MSI:2		Progenesis	40.4																																																																																																																								
				"MG(0:0/22:5(4Z,7Z,10Z,13Z,16Z)/0:0)"	387.2883506		M+H-H2O	1	5.545716667	NCBITAXON:http://purl.bioontology.org/ontology/NCBITAXON/9606	Homo sapiens	HMDB		MSI:2		Progenesis	40.8																																																																																																																								
CHEBI:89697	C46H82NO8P	C([C@@](COC(CCCCCCCCC/C=C\CCCCCC)=O)(OC(CCC/C=C\C/C=C\C/C=C\C/C=C\CCCCC)=O)[H])OP([O-])(=O)OCC[N+](C)(C)C	"InChI=1S/C46H82NO8P/c1-6-8-10-12-14-16-18-20-22-23-25-27-29-31-33-35-37-39-46(49)55-44(43-54-56(50,51)53-41-40-47(3,4)5)42-52-45(48)38-36-34-32-30-28-26-24-21-19-17-15-13-11-9-7-2/h14,16-17,19-20,22,25,27,31,33,44H,6-13,15,18,21,23-24,26,28-30,32,34-43H2,1-5H3/b16-14-,19-17-,22-20-,27-25-,33-31-/t44-/m1/s1"	"PC(18:1(11Z)/20:4(5Z,8Z,11Z,14Z))"	830.5667451		M+Na	1	5.014416667	NCBITAXON:http://purl.bioontology.org/ontology/NCBITAXON/9606	Homo sapiens	HMDB		MSI:2		Progenesis	40.9																																																																																																																								
CHEBI:64561	C26H54NO7P	[C@](CO*)(O*)([H])COP(OCC[N+](C)(C)C)(=O)[O-]		LysoPC(18:0)	524.3736931		"M+H, M+Na"	1	7.262683333	NCBITAXON:http://purl.bioontology.org/ontology/NCBITAXON/9606	Homo sapiens	HMDB		MSI:2		Progenesis	39																																																																																																																								
CHEBI:88364	C37H68O5	C([C@@](COC(CCCCCCCCC/C=C\CCCCCC)=O)(OC(CCCCCCC/C=C\CCCCCC)=O)[H])O	"InChI=1S/C37H68O5/c1-3-5-7-9-11-13-15-17-18-20-21-23-25-27-29-31-36(39)41-34-35(33-38)42-37(40)32-30-28-26-24-22-19-16-14-12-10-8-6-4-2/h13-16,35,38H,3-12,17-34H2,1-2H3/b15-13-,16-14-/t35-/m0/s1"	DG(18:1(11Z)/16:1(9Z)/0:0)	575.5004464		"M+H-H2O, M+K, M+NH4, M+Na"	1	1.004133333	NCBITAXON:http://purl.bioontology.org/ontology/NCBITAXON/9606	Homo sapiens	HMDB		MSI:2		Progenesis	41.4																																																																																																																								
CHEBI:145966	C27H48O5	[C@]12([C@](C[C@@H]([C@]3([C@]1(CC[C@@]3([C@@](C[C@@H](CC(C)(C)O)O)(C)[H])[H])[H])C)O)([C@@]4([C@](C[C@H]2O)(C[C@@H](CC4)O)[H])C)[H])[H]	"InChI=1S/C27H48O5/c1-15(10-18(29)14-25(2,3)32)19-6-7-20-24-21(13-23(31)27(19,20)5)26(4)9-8-17(28)11-16(26)12-22(24)30/h15-24,28-32H,6-14H2,1-5H3/t15-,16+,17-,18+,19-,20+,21+,22-,23+,24+,26+,27-/m1/s1"	"5b-Cholestane-3a,7a,12a,23S,25-pentol"	417.3355968		M+H-2H2O	1	1.111783333	NCBITAXON:http://purl.bioontology.org/ontology/NCBITAXON/9606	Homo sapiens	HMDB		MSI:2		Progenesis	40.9																																																																																																																								
CHEBI:88909	C44H80NO8P	C([C@@](COC(CCCCCC/C=C\C/C=C\C/C=C\C/C=C\CC)=O)(OC(CCCCCCCCCCCCCCC)=O)[H])OP([O-])(=O)OCC[N+](C)(C)C	"InChI=1S/C44H80NO8P/c1-6-8-10-12-14-16-18-20-21-22-23-25-26-28-30-32-34-36-43(46)50-40-42(41-52-54(48,49)51-39-38-45(3,4)5)53-44(47)37-35-33-31-29-27-24-19-17-15-13-11-9-7-2/h8,10,14,16,20-21,23,25,42H,6-7,9,11-13,15,17-19,22,24,26-41H2,1-5H3/b10-8-,16-14-,21-20-,25-23-/t42-/m1/s1"	"PC(20:4(8Z,11Z,14Z,17Z)/16:0)"	782.5736847		M+H	1	5.112933333	NCBITAXON:http://purl.bioontology.org/ontology/NCBITAXON/9606	Homo sapiens	HMDB		MSI:2		Progenesis	33.6																																																																																																																								
CHEBI:18402	C27H46O5	C[C@H](CCCC(C)C(O)=O)[C@H]1CC[C@H]2[C@@H]3[C@H](O)C[C@@H]4C[C@H](O)CC[C@]4(C)[C@H]3C[C@H](O)[C@]12C	"InChI=1S/C27H46O5/c1-15(6-5-7-16(2)25(31)32)19-8-9-20-24-21(14-23(30)27(19,20)4)26(3)11-10-18(28)12-17(26)13-22(24)29/h15-24,28-30H,5-14H2,1-4H3,(H,31,32)/t15-,16?,17+,18-,19-,20+,21+,22-,23+,24+,26+,27-/m1/s1"	Coprocholic acid	415.3206318		"M+H-2H2O, M+H, M+NH4"	1	1.166633333	NCBITAXON:http://purl.bioontology.org/ontology/NCBITAXON/9606	Homo sapiens	HMDB		MSI:2		Progenesis	41.6																																																																																																																								
CHEBI:16196	C18H34O2	CCCCCCCC\C=C/CCCCCCCC(O)=O	"InChI=1S/C18H34O2/c1-2-3-4-5-6-7-8-9-10-11-12-13-14-15-16-17-18(19)20/h9-10H,2-8,11-17H2,1H3,(H,19,20)/b10-9-"	Oleic acid	305.2459274		M+Na	1	1.084366667	NCBITAXON:http://purl.bioontology.org/ontology/NCBITAXON/9606	Homo sapiens	HMDB		MSI:2		Progenesis	39.3																																																																																																																								
CHEBI:89586	C40H78NO7P	C(C(COC(CCCCCCCCCCCCC)=O)O/C=C\CCCCCCCC/C=C\CCCCCC)OP([O-])(=O)OCC[N+](C)(C)C	"InChI=1S/C40H78NO7P/c1-6-8-10-12-14-16-18-19-20-21-22-24-26-28-30-32-35-45-39(38-48-49(43,44)47-36-34-41(3,4)5)37-46-40(42)33-31-29-27-25-23-17-15-13-11-9-7-2/h16,18,32,35,39H,6-15,17,19-31,33-34,36-38H2,1-5H3/b18-16-,35-32-"	PC(14:0/P-18:1(11Z))	754.5387791		"M+H, M+K"	1	5.158633333	NCBITAXON:http://purl.bioontology.org/ontology/NCBITAXON/9606	Homo sapiens	HMDB		MSI:2		Progenesis	39.4																																																																																																																								
CHEBI:73851	C24H48NO7P	O(C(=O)CCCCCCC/C=C\CCCCCC)C[C@H](COP(OCC[N+](C)(C)C)(=O)[O-])O	"InChI=1S/C24H48NO7P/c1-5-6-7-8-9-10-11-12-13-14-15-16-17-18-24(27)30-21-23(26)22-32-33(28,29)31-20-19-25(2,3)4/h10-11,23,26H,5-9,12-22H2,1-4H3/b11-10-/t23-/m1/s1"	LysoPC(16:1(9Z)/0:0)	494.3261558		"M+H-H2O, M+H"	1	7.434333333	NCBITAXON:http://purl.bioontology.org/ontology/NCBITAXON/9606	Homo sapiens	HMDB		MSI:2		Progenesis	41.3																																																																																																																								
CHEBI:73515	C8H12N4O3	NCC(=O)N[C@@H](Cc1cnc[nH]1)C(O)=O	"InChI=1S/C8H12N4O3/c9-2-7(13)12-6(8(14)15)1-5-3-10-4-11-5/h3-4,6H,1-2,9H2,(H,10,11)(H,12,13)(H,14,15)/t6-/m0/s1"	Glycyl-Histidine	251.0484088		"M+H-H2O, M+K, M+H-2H2O"	1	1.038666667	NCBITAXON:http://purl.bioontology.org/ontology/NCBITAXON/9606	Homo sapiens	HMDB		MSI:2		Progenesis	42.3																																																																																																																								
CHEBI:28592	C18H34O3	OC(CCCCCCC/C=C\C[C@@H](CCCCCC)O)=O	"InChI=1S/C18H34O3/c1-2-3-4-11-14-17(19)15-12-9-7-5-6-8-10-13-16-18(20)21/h9,12,17,19H,2-8,10-11,13-16H2,1H3,(H,20,21)/b12-9-/t17-/m1/s1"	Ricinoleic acid	337.1990616		"M+NH4, M+Na, M+K"	1	1.166633333	NCBITAXON:http://purl.bioontology.org/ontology/NCBITAXON/9606	Homo sapiens	HMDB		MSI:2		Progenesis	41.1																																																																																																																								
CHEBI:86398	C23H36O4	CC\C=C/C\C=C/C\C=C/C\C=C/C\C=C/CCCC(=O)OC(CO)CO	"InChI=1S/C23H36O4/c1-2-3-4-5-6-7-8-9-10-11-12-13-14-15-16-17-18-19-23(26)27-22(20-24)21-25/h3-4,6-7,9-10,12-13,15-16,22,24-25H,2,5,8,11,14,17-21H2,1H3/b4-3-,7-6-,10-9-,13-12-,16-15-"	"MG(0:0/20:5(5Z,8Z,11Z,14Z,17Z)/0:0)"	377.267957		M+H	1	1.093516667	NCBITAXON:http://purl.bioontology.org/ontology/NCBITAXON/9606	Homo sapiens	HMDB		MSI:2		Progenesis	41.2																																																																																																																								
CHEBI:89279	C46H79O10P	C([C@@](COC(CCCCCCCCCCCCCCCCC)=O)(OC(CC/C=C\C/C=C\C/C=C\C/C=C\C/C=C\C/C=C\CC)=O)[H])OP(=O)(O)OC[C@@](CO)([H])O	"InChI=1S/C46H79O10P/c1-3-5-7-9-11-13-15-17-19-20-21-22-24-26-28-30-32-34-36-38-46(50)56-44(42-55-57(51,52)54-40-43(48)39-47)41-53-45(49)37-35-33-31-29-27-25-23-18-16-14-12-10-8-6-4-2/h5,7,11,13,17,19,21-22,26,28,32,34,43-44,47-48H,3-4,6,8-10,12,14-16,18,20,23-25,27,29-31,33,35-42H2,1-2H3,(H,51,52)/b7-5-,13-11-,19-17-,22-21-,28-26-,34-32-/t43-,44+/m0/s1"	"PG(18:0/22:6(4Z,7Z,10Z,13Z,16Z,19Z))"	840.5728127		M+NH4	1	5.330283333	NCBITAXON:http://purl.bioontology.org/ontology/NCBITAXON/9606	Homo sapiens	HMDB		MSI:2		Progenesis	34.2																																																																																																																								
				"PC(22:6(4Z,7Z,10Z,13Z,16Z,19Z)/18:0)"	834.6018552		M+H	1	5.048933333	NCBITAXON:http://purl.bioontology.org/ontology/NCBITAXON/9606	Homo sapiens	HMDB		MSI:2		Progenesis	37.4																																																																																																																								
				PC(14:1(9Z)/18:1(11Z))	730.5396259		M+H	1	5.25715	NCBITAXON:http://purl.bioontology.org/ontology/NCBITAXON/9606	Homo sapiens	HMDB		MSI:2		Progenesis	39.8																																																																																																																								
CHEBI:17537	C15H23N5O4	C1=CC(C[C@@H](C(N[C@H](C(=O)O)CCCNC(=N)N)=O)N)=CC=C1O	"InChI=1S/C15H23N5O4/c16-11(8-9-3-5-10(21)6-4-9)13(22)20-12(14(23)24)2-1-7-19-15(17)18/h3-6,11-12,21H,1-2,7-8,16H2,(H,20,22)(H,23,24)(H4,17,18,19)/t11-,12-/m0/s1"	Kyotorphin	338.1835204		M+H	1	9.034083333	NCBITAXON:http://purl.bioontology.org/ontology/NCBITAXON/9606	Homo sapiens	HMDB		MSI:2		Progenesis	40.8																																																																																																																								
CHEBI:86112	C44H84NO8P	CCCCCCCCCCCCCCCCCC(=O)O[C@H](COC(=O)CCCCCCC\C=C/C\C=C/CCCCC)COP([O-])(=O)OCC[N+](C)(C)C	"InChI=1S/C44H84NO8P/c1-6-8-10-12-14-16-18-20-22-24-26-28-30-32-34-36-43(46)50-40-42(41-52-54(48,49)51-39-38-45(3,4)5)53-44(47)37-35-33-31-29-27-25-23-21-19-17-15-13-11-9-7-2/h14,16,20,22,42H,6-13,15,17-19,21,23-41H2,1-5H3/b16-14-,22-20-/t42-/m1/s1"	"PC(18:2(9Z,12Z)/18:0)"	786.603474		M+H	1	5.158633333	NCBITAXON:http://purl.bioontology.org/ontology/NCBITAXON/9606	Homo sapiens	HMDB		MSI:2		Progenesis	37.3																																																																																																																								
CHEBI:28610	C26H52NO7P	O(C[C@H](O)COC(CCCCCCC/C=C\CCCCCCCC)=O)P(OCC[N+](C)(C)C)(=O)[O-]	"InChI=1S/C26H52NO7P/c1-5-6-7-8-9-10-11-12-13-14-15-16-17-18-19-20-26(29)32-23-25(28)24-34-35(30,31)33-22-21-27(2,3)4/h12-13,25,28H,5-11,14-24H2,1-4H3/b13-12-/t25-/m1/s1"	LysoPC(18:1(9Z))	522.3584245		"M+H, M+K"	1	7.100033333	NCBITAXON:http://purl.bioontology.org/ontology/NCBITAXON/9606	Homo sapiens	HMDB		MSI:2		Progenesis	39.9																																																																																																																								
CHEBI:138421	C21H44NO6P	C([C@@](CO/C=C\CCCCCCCCCCCCCC)(O)[H])OP(=O)(O)OCCN	"InChI=1S/C21H44NO6P/c1-2-3-4-5-6-7-8-9-10-11-12-13-14-15-17-26-19-21(23)20-28-29(24,25)27-18-16-22/h15,17,21,23H,2-14,16,18-20,22H2,1H3,(H,24,25)/b17-15-/t21-/m1/s1"	PE(P-16:0e/0:0)	438.2977837		"M+H, M+Na, M+H-H2O"	1	5.627983333	NCBITAXON:http://purl.bioontology.org/ontology/NCBITAXON/9606	Homo sapiens	HMDB		MSI:2		Progenesis	39.8																																																																																																																								
CHEBI:52392	C23H38O4	[H]C(CO)(CO)OC(=O)CCC\C=C/C\C=C/C\C=C/C\C=C/CCCCC	"InChI=1S/C23H38O4/c1-2-3-4-5-6-7-8-9-10-11-12-13-14-15-16-17-18-19-23(26)27-22(20-24)21-25/h6-7,9-10,12-13,15-16,22,24-25H,2-5,8,11,14,17-21H2,1H3/b7-6-,10-9-,13-12-,16-15-"	2-Arachidonylglycerol	361.2745302		"M+H-H2O, M+H"	1	1.166633333	NCBITAXON:http://purl.bioontology.org/ontology/NCBITAXON/9606	Homo sapiens	HMDB		MSI:2		Progenesis	39.7																																																																																																																								
CHEBI:28792	C22H42O2	CCCCCCCC\C=C/CCCCCCCCCCCC(O)=O	"InChI=1S/C22H42O2/c1-2-3-4-5-6-7-8-9-10-11-12-13-14-15-16-17-18-19-20-21-22(23)24/h9-10H,2-8,11-21H2,1H3,(H,23,24)/b10-9-"	Erucic acid	361.3071431		M+Na	1	1.038666667	NCBITAXON:http://purl.bioontology.org/ontology/NCBITAXON/9606	Homo sapiens	HMDB		MSI:2		Progenesis	38.1																																																																																																																								
CHEBI:88591	C13H16O3	CC/C(=C(/CCOC(C1=CC=CC=C1O)=O)\[H])/[H]	"InChI=1S/C13H16O3/c1-2-3-4-7-10-16-13(15)11-8-5-6-9-12(11)14/h3-6,8-9,14H,2,7,10H2,1H3/b4-3+"	3-Hexenyl salicylic acid	221.1172686		"M+H-H2O, M+H"	1	1.0478	NCBITAXON:http://purl.bioontology.org/ontology/NCBITAXON/9606	Homo sapiens	HMDB		MSI:2		Progenesis	38.1																																																																																																																								
CHEBI:84512	C44H80NO10P	CCCCCCCCCCCCCCCCCC(=O)OC[C@H](COP(O)(=O)OC[C@H](N)C(O)=O)OC(=O)CCCCCC\C=C/C\C=C/C\C=C/CCCCC	"InChI=1S/C44H80NO10P/c1-3-5-7-9-11-13-15-17-19-20-22-24-26-28-30-32-34-36-43(47)55-40(38-53-56(50,51)54-39-41(45)44(48)49)37-52-42(46)35-33-31-29-27-25-23-21-18-16-14-12-10-8-6-4-2/h11,13,17,19,22,24,40-41H,3-10,12,14-16,18,20-21,23,25-39,45H2,1-2H3,(H,48,49)(H,50,51)/b13-11-,19-17-,24-22-/t40-,41+/m1/s1"	"PS(18:0/20:3(8Z,11Z,14Z))"	796.5468071		M+H-H2O	1	5.266283333	NCBITAXON:http://purl.bioontology.org/ontology/NCBITAXON/9606	Homo sapiens	HMDB		MSI:2		Progenesis	36.2																																																																																																																								
CHEBI:16577	C27H46O4	[H][C@@]12C[C@H](O)CC[C@]1(C)[C@@]1([H])CC[C@]3(C)[C@]([H])(CC[C@@]3([H])[C@]1([H])[C@H](O)C2)[C@H](C)CCCC(C)C(O)=O	"InChI=1S/C27H46O4/c1-16(6-5-7-17(2)25(30)31)20-8-9-21-24-22(11-13-27(20,21)4)26(3)12-10-19(28)14-18(26)15-23(24)29/h16-24,28-29H,5-15H2,1-4H3,(H,30,31)/t16-,17?,18+,19-,20-,21+,22+,23-,24+,26+,27-/m1/s1"	"3alpha,7alpha-Dihydroxycoprostanic acid"	399.3254782		M+H-2H2O	1	1.05695	NCBITAXON:http://purl.bioontology.org/ontology/NCBITAXON/9606	Homo sapiens	HMDB		MSI:2		Progenesis	39																																																																																																																								
CHEBI:81015	C27H44O4	C[C@H](CCCC(C)C(O)=O)[C@H]1CC[C@H]2[C@@H]3[C@H](O)C=C4C[C@@H](O)CC[C@]4(C)[C@H]3CC[C@]12C	"InChI=1S/C27H44O4/c1-16(6-5-7-17(2)25(30)31)20-8-9-21-24-22(11-13-27(20,21)4)26(3)12-10-19(28)14-18(26)15-23(24)29/h15-17,19-24,28-29H,5-14H2,1-4H3,(H,30,31)/t16-,17?,19+,20-,21+,22+,23-,24+,26+,27-/m1/s1"	"3beta,7alpha-Dihydroxy-5-cholestenoate"	415.3233125		M+H-H2O	1	1.130066667	NCBITAXON:http://purl.bioontology.org/ontology/NCBITAXON/9606	Homo sapiens	HMDB		MSI:2		Progenesis	35.7																																																																																																																								
CHEBI:74344	C28H50NO7P	[H][C@@](O)(COC(=O)CCC\C=C/C\C=C/C\C=C/C\C=C/CCCCC)COP([O-])(=O)OCC[N+](C)(C)C	"InChI=1S/C28H50NO7P/c1-5-6-7-8-9-10-11-12-13-14-15-16-17-18-19-20-21-22-28(31)34-25-27(30)26-36-37(32,33)35-24-23-29(2,3)4/h9-10,12-13,15-16,18-19,27,30H,5-8,11,14,17,20-26H2,1-4H3/b10-9-,13-12-,16-15-,19-18-/t27-/m1/s1"	"LysoPC(20:4(5Z,8Z,11Z,14Z))"	544.3419473		M+H	1	7.3084	NCBITAXON:http://purl.bioontology.org/ontology/NCBITAXON/9606	Homo sapiens	HMDB		MSI:2		Progenesis	39.2																																																																																																																								
CHEBI:16718	C19H23NO4	COc1ccc(C[C@@H]2N(C)CCc3cc(OC)c(O)cc23)cc1O	"InChI=1S/C19H23NO4/c1-20-7-6-13-10-19(24-3)17(22)11-14(13)15(20)8-12-4-5-18(23-2)16(21)9-12/h4-5,9-11,15,21-22H,6-8H2,1-3H3/t15-/m0/s1"	(S)-Reticuline	312.1597344		M+H-H2O	1	1.120933333	NCBITAXON:http://purl.bioontology.org/ontology/NCBITAXON/9606	Homo sapiens	HMDB		MSI:2		Progenesis	39.8																																																																																																																								
CHEBI:545687	C12H20O4	OC(=O)CCCCCCCC\C=C\C(O)=O	"InChI=1S/C12H20O4/c13-11(14)9-7-5-3-1-2-4-6-8-10-12(15)16/h7,9H,1-6,8,10H2,(H,13,14)(H,15,16)/b9-7+"	Traumatic acid	229.1437375		"M+H, M+Na, M+H-H2O"	1	1.0478	NCBITAXON:http://purl.bioontology.org/ontology/NCBITAXON/9606	Homo sapiens	HMDB		MSI:2		Progenesis	39.1																																																																																																																								
CHEBI:74797	C16H19N3O3	OC(=O)[C@H](Cc1c[nH]c2ccccc12)NC(=O)[C@@H]1CCCN1	"InChI=1S/C16H19N3O3/c20-15(13-6-3-7-17-13)19-14(16(21)22)8-10-9-18-12-5-2-1-4-11(10)12/h1-2,4-5,9,13-14,17-18H,3,6-8H2,(H,19,20)(H,21,22)/t13-,14-/m0/s1"	Prolyl-Tryptophan	319.1776616		M+NH4	1	1.1575	NCBITAXON:http://purl.bioontology.org/ontology/NCBITAXON/9606	Homo sapiens	HMDB		MSI:2		Progenesis	39.8																																																																																																																								
CHEBI:27562	C20H30O6	O[C@@H](CCCC(O)=O)\C=C/C=C/C=C/[C@H](O)C\C=C/CCCCC(O)=O	"InChI=1S/C20H30O6/c21-17(11-6-2-1-3-9-15-19(23)24)12-7-4-5-8-13-18(22)14-10-16-20(25)26/h2,4-8,12-13,17-18,21-22H,1,3,9-11,14-16H2,(H,23,24)(H,25,26)/b5-4+,6-2-,12-7+,13-8-/t17-,18-/m1/s1"	20-Carboxy-leukotriene B4	367.2084579		M+H	1	1.347583333	NCBITAXON:http://purl.bioontology.org/ontology/NCBITAXON/9606	Homo sapiens	HMDB		MSI:2		Progenesis	36.9																																																																																																																								
CHEBI:16196	C18H34O2	CCCCCCCC\C=C/CCCCCCCC(O)=O	"InChI=1S/C18H34O2/c1-2-3-4-5-6-7-8-9-10-11-12-13-14-15-16-17-18(19)20/h9-10H,2-8,11-17H2,1H3,(H,19,20)/b10-9-"	Oleic acid	265.2522061		M+H-H2O	1	1.093516667	NCBITAXON:http://purl.bioontology.org/ontology/NCBITAXON/9606	Homo sapiens	HMDB		MSI:2		Progenesis	38.4																																																																																																																								
CHEBI:89759	C53H100O6	O(C(=O)CCCCCCCCCCCCCCC)[C@H](COC(=O)CCCCCCCCCCCCCCC)COC(=O)CCCCCCC/C=C\CCCCCCCC	"InChI=1S/C53H100O6/c1-4-7-10-13-16-19-22-25-26-29-31-34-37-40-43-46-52(55)58-49-50(59-53(56)47-44-41-38-35-32-28-24-21-18-15-12-9-6-3)48-57-51(54)45-42-39-36-33-30-27-23-20-17-14-11-8-5-2/h25-26,50H,4-24,27-49H2,1-3H3/b26-25-/t50-/m1/s1"	TG(16:0/16:0/18:1(9Z))	855.7384261		M+Na	1	2.366466667	NCBITAXON:http://purl.bioontology.org/ontology/NCBITAXON/9606	Homo sapiens	HMDB		MSI:2		Progenesis	31.6																																																																																																																								
CHEBI:88879	C46H84NO8P	C([C@@](COC(CCC/C=C\C/C=C\C/C=C\C/C=C\CCCCC)=O)(OC(CCCCCCCCCCCCCCCCC)=O)[H])OP([O-])(=O)OCC[N+](C)(C)C	"InChI=1S/C46H84NO8P/c1-6-8-10-12-14-16-18-20-22-23-25-26-28-30-32-34-36-38-45(48)52-42-44(43-54-56(50,51)53-41-40-47(3,4)5)55-46(49)39-37-35-33-31-29-27-24-21-19-17-15-13-11-9-7-2/h14,16,20,22,25-26,30,32,44H,6-13,15,17-19,21,23-24,27-29,31,33-43H2,1-5H3/b16-14-,22-20-,26-25-,32-30-/t44-/m1/s1"	"PC(20:4(5Z,8Z,11Z,14Z)/18:0)"	810.6039819		M+H	1	5.067216667	NCBITAXON:http://purl.bioontology.org/ontology/NCBITAXON/9606	Homo sapiens	HMDB		MSI:2		Progenesis	35.7																																																																																																																								
CHEBI:17351	C18H32O2	CCCCC\C=C/C\C=C/CCCCCCCC(O)=O	"InChI=1S/C18H32O2/c1-2-3-4-5-6-7-8-9-10-11-12-13-14-15-16-17-18(19)20/h6-7,9-10H,2-5,8,11-17H2,1H3,(H,19,20)/b7-6-,10-9-"	Linoleic acid	263.236546		M+H-H2O	1	1.075233333	NCBITAXON:http://purl.bioontology.org/ontology/NCBITAXON/9606	Homo sapiens	HMDB		MSI:2		Progenesis	37.7																																																																																																																								
CHEBI:88485	C42H78NO10P	[H][C@](COP(OC[C@@](COC(CCCCCCC/C=C\C/C=C\CCCCC)=O)(OC(CCCCCCCCCCCCCCCCC)=O)[H])(=O)O)(C(O)=O)N	"InChI=1S/C42H78NO10P/c1-3-5-7-9-11-13-15-17-19-21-23-25-27-29-31-33-40(44)50-35-38(36-51-54(48,49)52-37-39(43)42(46)47)53-41(45)34-32-30-28-26-24-22-20-18-16-14-12-10-8-6-4-2/h11,13,17,19,38-39H,3-10,12,14-16,18,20-37,43H2,1-2H3,(H,46,47)(H,48,49)/b13-11-,19-17-/t38-,39+/m1/s1"	"PS(18:2(9Z,12Z)/18:0)"	788.5439946		M+H	1	5.312	NCBITAXON:http://purl.bioontology.org/ontology/NCBITAXON/9606	Homo sapiens	HMDB		MSI:2		Progenesis	31.1																																																																																																																								
				PE(18:1(11Z)/P-18:0)	712.5673515		M+H-H2O	1	2.412166667	NCBITAXON:http://purl.bioontology.org/ontology/NCBITAXON/9606	Homo sapiens	HMDB		MSI:2		Progenesis	31.3																																																																																																																								
CHEBI:85037	C42H82NO8P	CCCCCCCCCCCCCCCC(=O)OC[C@H](COP([O-])(=O)OCC[N+](C)(C)C)OC(=O)CCCCCCCCC\C=C/CCCCCC	"InChI=1S/C42H82NO8P/c1-6-8-10-12-14-16-18-20-21-23-25-27-29-31-33-35-42(45)51-40(39-50-52(46,47)49-37-36-43(3,4)5)38-48-41(44)34-32-30-28-26-24-22-19-17-15-13-11-9-7-2/h16,18,40H,6-15,17,19-39H2,1-5H3/b18-16-/t40-/m1/s1"	PC(16:0/18:1(11Z))	760.5871943		M+H	1	5.211433333	NCBITAXON:http://purl.bioontology.org/ontology/NCBITAXON/9606	Homo sapiens	HMDB		MSI:2		Progenesis	37.4																																																																																																																								
CHEBI:88838	C8H14O	CCC/C=C(\CC)/C=O	"InChI=1S/C8H14O/c1-3-5-6-8(4-2)7-9/h6-7H,3-5H2,1-2H3/b8-6+"	2-Ethyl-2-hexenal	149.0929306		M+Na	1	1.038666667	NCBITAXON:http://purl.bioontology.org/ontology/NCBITAXON/9606	Homo sapiens	HMDB		MSI:2		Progenesis	37.6																																																																																																																								
CHEBI:88685	C28H56NO7P	C(C[N+](C)(C)C)OP(=O)([O-])OC[C@H](O)COC(CCCCCCCCC/C=C\CCCCCCCC)=O	"InChI=1S/C28H56NO7P/c1-5-6-7-8-9-10-11-12-13-14-15-16-17-18-19-20-21-22-28(31)34-25-27(30)26-36-37(32,33)35-24-23-29(2,3)4/h12-13,27,30H,5-11,14-26H2,1-4H3/b13-12-/t27-/m1/s1"	LysoPC(20:1(11Z))	550.3877481		M+H	1	7.200583333	NCBITAXON:http://purl.bioontology.org/ontology/NCBITAXON/9606	Homo sapiens	HMDB		MSI:2		Progenesis	34.4																																																																																																																								
CHEBI:88436	C44H78NO8P	C([C@@](COC(CCCCC/C=C\C/C=C\C/C=C\C/C=C\C/C=C\CC)=O)(OC(CCCCCCCCCCCCC)=O)[H])OP([O-])(=O)OCC[N+](C)(C)C	"InChI=1S/C44H78NO8P/c1-6-8-10-12-14-16-18-19-20-21-22-23-24-25-27-28-30-32-34-36-43(46)50-40-42(41-52-54(48,49)51-39-38-45(3,4)5)53-44(47)37-35-33-31-29-26-17-15-13-11-9-7-2/h8,10,14,16,19-20,22-23,25,27,42H,6-7,9,11-13,15,17-18,21,24,26,28-41H2,1-5H3/b10-8-,16-14-,20-19-,23-22-,27-25-/t42-/m1/s1"	"PC(22:5(7Z,10Z,13Z,16Z,19Z)/14:0)"	780.5565931		"M+H, M+Na"	1	5.122066667	NCBITAXON:http://purl.bioontology.org/ontology/NCBITAXON/9606	Homo sapiens	HMDB		MSI:2		Progenesis	37.4																																																																																																																								
CHEBI:17933	C27H44O2	[H][C@@]1(CC[C@]2([H])[C@]1(C)CCC\C2=C/C=C1/C[C@@H](O)CCC1=C)[C@H](C)CCCC(C)(C)O	"InChI=1S/C27H44O2/c1-19-10-13-23(28)18-22(19)12-11-21-9-7-17-27(5)24(14-15-25(21)27)20(2)8-6-16-26(3,4)29/h11-12,20,23-25,28-29H,1,6-10,13-18H2,2-5H3/b21-11+,22-12-/t20-,23+,24-,25+,27-/m1/s1"	Calcidiol	401.3422037		M+H	1	1.10265	NCBITAXON:http://purl.bioontology.org/ontology/NCBITAXON/9606	Homo sapiens	HMDB		MSI:2		Progenesis	38.3																																																																																																																								
CHEBI:41254	C12H16O5	CCCc1oc(CCC(O)=O)c(C(O)=O)c1C	"InChI=1S/C12H16O5/c1-3-4-8-7(2)11(12(15)16)9(17-8)5-6-10(13)14/h3-6H2,1-2H3,(H,13,14)(H,15,16)"	3-Carboxy-4-methyl-5-propyl-2-furanpropionic acid	263.0885412		M+Na	1	1.139216667	NCBITAXON:http://purl.bioontology.org/ontology/NCBITAXON/9606	Homo sapiens	HMDB		MSI:2		Progenesis	38.7																																																																																																																								
CHEBI:89517	C42H78NO8P	C([C@@](COC(CCCCCCCCCCCCC)=O)(OC(CCC/C=C\C/C=C\C/C=C\CCCCCCCC)=O)[H])OP([O-])(=O)OCC[N+](C)(C)C	"InChI=1S/C42H78NO8P/c1-6-8-10-12-14-16-18-19-20-21-22-23-25-27-29-31-33-35-42(45)51-40(39-50-52(46,47)49-37-36-43(3,4)5)38-48-41(44)34-32-30-28-26-24-17-15-13-11-9-7-2/h19-20,22-23,27,29,40H,6-18,21,24-26,28,30-39H2,1-5H3/b20-19-,23-22-,29-27-/t40-/m1/s1"	"PC(14:0/20:3(5Z,8Z,11Z))"	778.5365863		"M+H-H2O, M+Na"	1	5.131216667	NCBITAXON:http://purl.bioontology.org/ontology/NCBITAXON/9606	Homo sapiens	HMDB		MSI:2		Progenesis	34.6																																																																																																																								
				MG(0:0/15:0/0:0)	299.2602456		M+H-H2O	1	1.075233333	NCBITAXON:http://purl.bioontology.org/ontology/NCBITAXON/9606	Homo sapiens	HMDB		MSI:2		Progenesis	35.9																																																																																																																								
CHEBI:9901	C21H32O5	C[C@]12CC(=O)[C@H]3[C@@H](CC[C@@H]4C[C@H](O)CC[C@]34C)[C@@H]1CC[C@]2(O)C(=O)CO	"InChI=1S/C21H32O5/c1-19-7-5-13(23)9-12(19)3-4-14-15-6-8-21(26,17(25)11-22)20(15,2)10-16(24)18(14)19/h12-15,18,22-23,26H,3-11H2,1-2H3/t12-,13-,14+,15+,18-,19+,20+,21+/m1/s1"	Tetrahydrocortisone	387.2156839		M+Na	1	1.139216667	NCBITAXON:http://purl.bioontology.org/ontology/NCBITAXON/9606	Homo sapiens	HMDB		MSI:2		Progenesis	35.2																																																																																																																								
CHEBI:44794	C16H34O9	OCCOCCOCCOCCOCCOCCOCCOCCO	"InChI=1S/C16H34O9/c17-1-3-19-5-7-21-9-11-23-13-15-25-16-14-24-12-10-22-8-6-20-4-2-18/h17-18H,1-16H2"	Octaethylene glycol	371.2273591		M+H	1	1.17595	NCBITAXON:http://purl.bioontology.org/ontology/NCBITAXON/9606	Homo sapiens	HMDB		MSI:2		Progenesis	37.7																																																																																																																								
CHEBI:84753	C26H52NO6P	[C@@H](CO/C=C\CCCCCC/C=C\CCCCCCCC)(COP(OCC[N+](C)(C)C)(=O)[O-])O	"InChI=1S/C26H52NO6P/c1-5-6-7-8-9-10-11-12-13-14-15-16-17-18-19-20-22-31-24-26(28)25-33-34(29,30)32-23-21-27(2,3)4/h12-13,20,22,26,28H,5-11,14-19,21,23-25H2,1-4H3/b13-12-,22-20-/t26-/m1/s1"	LysoPC(P-18:1(9Z))	544.3405566		"M+Na, M+K, M+H"	1	7.045183333	NCBITAXON:http://purl.bioontology.org/ontology/NCBITAXON/9606	Homo sapiens	HMDB		MSI:2		Progenesis	36.6																																																																																																																								
CHEBI:89745	C23H41NO4	[C@H](CCC([O-])=O)([N+](C)(C)C)OC(CCCCCCC/C=C\C/C=C\CCC)=O	"InChI=1S/C23H41NO4/c1-5-6-7-8-9-10-11-12-13-14-15-16-17-18-23(27)28-21(24(2,3)4)19-20-22(25)26/h7-8,10-11,21H,5-6,9,12-20H2,1-4H3/b8-7-,11-10-/t21-/m0/s1"	"9,12-Hexadecadienoylcarnitine"	413.3350583		M+NH4	1	1.0478	NCBITAXON:http://purl.bioontology.org/ontology/NCBITAXON/9606	Homo sapiens	HMDB		MSI:2		Progenesis	34.5																																																																																																																								
CHEBI:145964	C11H14O8S	C=1(C=C(C=CC1O)CC(CCC(OS(=O)(O)=O)=O)O)O	"InChI=1S/C11H14O8S/c12-8(2-4-11(15)19-20(16,17)18)5-7-1-3-9(13)10(14)6-7/h1,3,6,8,12-14H,2,4-5H2,(H,16,17,18)"	4-Hydroxy-5-(dihydroxyphenyl)-valeric acid-O-sulphate	271.0246174		M+H-2H2O	1	11.38985	NCBITAXON:http://purl.bioontology.org/ontology/NCBITAXON/9606	Homo sapiens	HMDB		MSI:2		Progenesis	34.9																																																																																																																								
CHEBI:64032	C20H37NO2	CCCCC\C=C/C\C=C/CCCCCCCC(=O)NCCO	"InChI=1S/C20H37NO2/c1-2-3-4-5-6-7-8-9-10-11-12-13-14-15-16-17-20(23)21-18-19-22/h6-7,9-10,22H,2-5,8,11-19H2,1H3,(H,21,23)/b7-6-,10-9-"	Linoleoyl ethanolamide	324.2892785		"M+H-H2O, M+H"	1	1.166633333	NCBITAXON:http://purl.bioontology.org/ontology/NCBITAXON/9606	Homo sapiens	HMDB		MSI:2		Progenesis	38.5																																																																																																																								
CHEBI:2700	C22H37NO2	C(CCC)C/C=C\C/C=C\C/C=C\C/C=C\CCCC(NCCO)=O	"InChI=1S/C22H37NO2/c1-2-3-4-5-6-7-8-9-10-11-12-13-14-15-16-17-18-19-22(25)23-20-21-24/h6-7,9-10,12-13,15-16,24H,2-5,8,11,14,17-21H2,1H3,(H,23,25)/b7-6-,10-9-,13-12-,16-15-"	Anandamide	348.2887727		"M+H-H2O, M+H"	1	1.166633333	NCBITAXON:http://purl.bioontology.org/ontology/NCBITAXON/9606	Homo sapiens	HMDB		MSI:2		Progenesis	30.9																																																																																																																								
CHEBI:33569	C8H11NO3	NCC(O)c1ccc(O)c(O)c1	"InChI=1S/C8H11NO3/c9-4-8(12)5-1-2-6(10)7(11)3-5/h1-3,8,10-12H,4,9H2"	Norepinephrine	134.0604761		M+H-2H2O	1	0.832483333	NCBITAXON:http://purl.bioontology.org/ontology/NCBITAXON/9606	Homo sapiens	HMDB		MSI:3		Progenesis	38.6																																																																																																																								
CHEBI:145958	C9H10O	O=C(C=1C(=CC=CC1)C)C	"InChI=1S/C9H10O/c1-7-5-3-4-6-9(7)8(2)10/h3-6H,1-2H3"	2'-Methylacetophenone	440.2678727		"M+NH4, M+Na, M+H"	1	0.841633333	NCBITAXON:http://purl.bioontology.org/ontology/NCBITAXON/9606	Homo sapiens	HMDB		MSI:3		Progenesis	37.3																																																																																																																								
CHEBI:88868	C8H6O2	C1=CC=C(C=C1)C(C=O)=O	InChI=1S/C8H6O2/c9-6-8(10)7-4-2-1-3-5-7/h1-6H	Phenylglyoxal	152.070743		M+NH4	1	0.921866667	NCBITAXON:http://purl.bioontology.org/ontology/NCBITAXON/9606	Homo sapiens	HMDB		MSI:3		Progenesis	39																																																																																																																								
CHEBI:42438	C9H10O2	COc1cc(C=C)ccc1O	"InChI=1S/C9H10O2/c1-3-7-4-5-8(10)9(6-7)11-2/h3-6,10H,1H2,2H3"	2-Methoxy-4-vinylphenol	151.0754998		M+H	1	1.038666667	NCBITAXON:http://purl.bioontology.org/ontology/NCBITAXON/9606	Homo sapiens	HMDB		MSI:3		Progenesis	38																																																																																																																								
CHEBI:32805	C6H6O6	OC(=O)C\C(=C\C(O)=O)C(O)=O	"InChI=1S/C6H6O6/c7-4(8)1-3(6(11)12)2-5(9)10/h1H,2H2,(H,7,8)(H,9,10)(H,11,12)/b3-1-"	cis-Aconitic acid	175.0156375		"M+H-2H2O, M+H"	1	1.038666667	NCBITAXON:http://purl.bioontology.org/ontology/NCBITAXON/9606	Homo sapiens	HMDB		MSI:3		Progenesis	38.7																																																																																																																								
CHEBI:70766	C8H14O5	OC(CCCCC(O)=O)CC(O)=O	"InChI=1S/C8H14O5/c9-6(5-8(12)13)3-1-2-4-7(10)11/h6,9H,1-5H2,(H,10,11)(H,12,13)"	3-Hydroxysuberic acid	191.106373		"M+H-2H2O, M+H"	1	1.0478	NCBITAXON:http://purl.bioontology.org/ontology/NCBITAXON/9606	Homo sapiens	HMDB		MSI:3		Progenesis	37.1																																																																																																																								
CHEBI:145965	C27H48O4	C1C[C@H](C[C@@]2(C[C@H]([C@@]3([C@](C[C@@H]([C@]4([C@]3(CC[C@@]4([C@@](CCCC(C)(C)O)(C)[H])[H])[H])C)O)([C@@]12C)[H])[H])O)[H])O	"InChI=1S/C27H48O4/c1-16(7-6-11-25(2,3)31)19-8-9-20-24-21(15-23(30)27(19,20)5)26(4)12-10-18(28)13-17(26)14-22(24)29/h16-24,28-31H,6-15H2,1-5H3/t16-,17-,18-,19-,20+,21+,22-,23+,24+,26+,27-/m1/s1"	"5a-Cholestane-3a,7a,12a,25-tetrol"	419.3519855		M+H-H2O	1	1.0478	NCBITAXON:http://purl.bioontology.org/ontology/NCBITAXON/9606	Homo sapiens	HMDB		MSI:3		Progenesis	35.2																																																																																																																								
CHEBI:86229	C42H86NO7P	CCCCCCCCCCCCCCCCCC(=O)O[C@H](COCCCCCCCCCCCCCCCC)COP([O-])(=O)OCC[N+](C)(C)C	"InChI=1S/C42H86NO7P/c1-6-8-10-12-14-16-18-20-22-23-25-27-29-31-33-35-42(44)50-41(40-49-51(45,46)48-38-36-43(3,4)5)39-47-37-34-32-30-28-26-24-21-19-17-15-13-11-9-7-2/h41H,6-40H2,1-5H3/t41-/m1/s1"	PC(o-16:0/18:0)	770.5969902		M+Na	1	1.0478	NCBITAXON:http://purl.bioontology.org/ontology/NCBITAXON/9606	Homo sapiens	HMDB		MSI:3		Progenesis	31.5																																																																																																																								
CHEBI:89400	C29H52O	[C@@]12(CC[C@@H](C[C@@]1(CC[C@@]3([C@@]2(CC[C@]4([C@]3(CC[C@@]4([C@@](CC[C@H](C(C)C)CC)(C)[H])[H])[H])C)[H])[H])[H])O)C	"InChI=1S/C29H52O/c1-7-21(19(2)3)9-8-20(4)25-12-13-26-24-11-10-22-18-23(30)14-16-28(22,5)27(24)15-17-29(25,26)6/h19-27,30H,7-18H2,1-6H3/t20-,21-,22+,23+,24+,25-,26+,27+,28+,29-/m1/s1"	Stigmastanol	455.3667866		M+K	1	1.066083333	NCBITAXON:http://purl.bioontology.org/ontology/NCBITAXON/9606	Homo sapiens	HMDB		MSI:3		Progenesis	34.2																																																																																																																								
CHEBI:89902	C11H16O4	OC(=O)CCCCC(=C)C(=C)CC(O)=O	"InChI=1S/C11H16O4/c1-8(9(2)7-11(14)15)5-3-4-6-10(12)13/h1-7H2,(H,12,13)(H,14,15)"	"3,4-Methyleneazelaic acid"	213.1127032		M+H	1	1.075233333	NCBITAXON:http://purl.bioontology.org/ontology/NCBITAXON/9606	Homo sapiens	HMDB		MSI:3		Progenesis	37.4																																																																																																																								
CHEBI:17351	C18H32O2	CCCCC\C=C/C\C=C/CCCCCCCC(O)=O	"InChI=1S/C18H32O2/c1-2-3-4-5-6-7-8-9-10-11-12-13-14-15-16-17-18(19)20/h6-7,9-10H,2-5,8,11-17H2,1H3,(H,19,20)/b7-6-,10-9-"	Linoleic acid	245.2256714		M+H-2H2O	1	1.075233333	NCBITAXON:http://purl.bioontology.org/ontology/NCBITAXON/9606	Homo sapiens	HMDB		MSI:3		Progenesis	36.8																																																																																																																								
CHEBI:27432	C18H30O2	CC\C=C/C\C=C/C\C=C/CCCCCCCC(O)=O	"InChI=1S/C18H30O2/c1-2-3-4-5-6-7-8-9-10-11-12-13-14-15-16-17-18(19)20/h3-4,6-7,9-10H,2,5,8,11-17H2,1H3,(H,19,20)/b4-3-,7-6-,10-9-"	Alpha-Linolenic acid	279.2310177		M+H	1	1.075233333	NCBITAXON:http://purl.bioontology.org/ontology/NCBITAXON/9606	Homo sapiens	HMDB		MSI:3		Progenesis	36.8																																																																																																																								
CHEBI:15440	C30H50	CC(C)=CCC\C(C)=C\CC\C(C)=C\CC\C=C(/C)CC\C=C(/C)CCC=C(C)C	"InChI=1S/C30H50/c1-25(2)15-11-19-29(7)23-13-21-27(5)17-9-10-18-28(6)22-14-24-30(8)20-12-16-26(3)4/h15-18,23-24H,9-14,19-22H2,1-8H3/b27-17+,28-18+,29-23+,30-24+"	Squalene	449.3569899		M+K	1	1.084366667	NCBITAXON:http://purl.bioontology.org/ontology/NCBITAXON/9606	Homo sapiens	HMDB		MSI:3		Progenesis	34.1																																																																																																																								
CHEBI:27510	C9H6O3	C12=CC(=CC=C2C=CC(O1)=O)O	"InChI=1S/C9H6O3/c10-7-3-1-6-2-4-9(11)12-8(6)5-7/h1-5,10H"	Umbelliferone	163.0392613		M+H	1	1.093516667	NCBITAXON:http://purl.bioontology.org/ontology/NCBITAXON/9606	Homo sapiens	HMDB		MSI:3		Progenesis	38.5																																																																																																																								
CHEBI:89104	C40H80N2O6P+	O(P(O)(=O)OCC[N+](C)(C)C)C[C@@H]([C@@H](CCCCCCC\C=C\CCCCCCC)O)NC(CCCCCCC\C=C\CCCCCC)=O	"InChI=1S/C40H79N2O6P/c1-6-8-10-12-14-16-18-20-22-23-25-27-29-31-33-39(43)38(37-48-49(45,46)47-36-35-42(3,4)5)41-40(44)34-32-30-28-26-24-21-19-17-15-13-11-9-7-2/h17-20,38-39,43H,6-16,21-37H2,1-5H3,(H-,41,44,45,46)/p+1/b19-17+,20-18+/t38-,39+/m0/s1"	SM C16:1	680.5661308		M+H-2H2O	1	1.093516667	NCBITAXON:http://purl.bioontology.org/ontology/NCBITAXON/9606	Homo sapiens	HMDB		MSI:3		Progenesis	34.4																																																																																																																								
CHEBI:4917	C10H12O2	COc1cc(CC=C)ccc1O	"InChI=1S/C10H12O2/c1-3-4-8-5-6-9(11)10(7-8)12-2/h3,5-7,11H,1,4H2,2H3"	Eugenol	147.0799011		M+H-H2O	1	1.10265	NCBITAXON:http://purl.bioontology.org/ontology/NCBITAXON/9606	Homo sapiens	HMDB		MSI:3		Progenesis	37.9																																																																																																																								
CHEBI:28600	C15H26O	[H]C(CO)=C(C)CCC([H])=C(C)CCC=C(C)C	"InChI=1S/C15H26O/c1-13(2)7-5-8-14(3)9-6-10-15(4)11-12-16/h7,9,11,16H,5-6,8,10,12H2,1-4H3"	Farnesol	240.2318209		M+NH4	1	1.111783333	NCBITAXON:http://purl.bioontology.org/ontology/NCBITAXON/9606	Homo sapiens	HMDB		MSI:3		Progenesis	37.4																																																																																																																								
CHEBI:85299	C20H41NO2	CCCCCCCCCCCCCCCCCC(=O)NCCO	"InChI=1S/C20H41NO2/c1-2-3-4-5-6-7-8-9-10-11-12-13-14-15-16-17-20(23)21-18-19-22/h22H,2-19H2,1H3,(H,21,23)"	Stearoylethanolamide	310.3099068		M+H-H2O	1	1.120933333	NCBITAXON:http://purl.bioontology.org/ontology/NCBITAXON/9606	Homo sapiens	HMDB		MSI:3		Progenesis	38.1																																																																																																																								
CHEBI:37911	C9H10	C1Cc2ccccc2C1	"InChI=1S/C9H10/c1-2-5-9-7-3-6-8(9)4-1/h1-2,4-5H,3,6-7H2"	Indane	119.0862163		"M+H, M+Na"	1	1.130066667	NCBITAXON:http://purl.bioontology.org/ontology/NCBITAXON/9606	Homo sapiens	HMDB		MSI:3		Progenesis	38.1																																																																																																																								
CHEBI:16731	C9H8O	O=C\C=C\c1ccccc1	InChI=1S/C9H8O/c10-8-4-7-9-5-2-1-3-6-9/h1-8H/b7-4+	Cinnamaldehyde	115.0542579		"M+H-H2O, M+H"	1	1.130066667	NCBITAXON:http://purl.bioontology.org/ontology/NCBITAXON/9606	Homo sapiens	HMDB		MSI:3		Progenesis	38.4																																																																																																																								
CHEBI:425902	C9H10O	CCC(=O)c1ccccc1	"InChI=1S/C9H10O/c1-2-9(10)8-6-4-3-5-7-8/h3-7H,2H2,1H3"	1-Phenyl-1-propanone	135.0803518		"M+H-H2O, M+H"	1	1.130066667	NCBITAXON:http://purl.bioontology.org/ontology/NCBITAXON/9606	Homo sapiens	HMDB		MSI:3		Progenesis	38.2																																																																																																																								
CHEBI:49000	C8H10O	OCCc1ccccc1	"InChI=1S/C8H10O/c9-7-6-8-4-2-1-3-5-8/h1-5,9H,6-7H2"	2-Phenylethanol	105.0700478		M+H-H2O	1	1.139216667	NCBITAXON:http://purl.bioontology.org/ontology/NCBITAXON/9606	Homo sapiens	HMDB		MSI:3		Progenesis	38.8																																																																																																																								
CHEBI:28671	C10H12O	CC(C)c1ccc(C=O)cc1	"InChI=1S/C10H12O/c1-8(2)10-5-3-9(7-11)4-6-10/h3-8H,1-2H3"	Cuminaldehyde	131.0853526		M+H-H2O	1	1.139216667	NCBITAXON:http://purl.bioontology.org/ontology/NCBITAXON/9606	Homo sapiens	HMDB		MSI:3		Progenesis	38																																																																																																																								
CHEBI:74475	C16H33NO	NC(CCCCCCCCCCCCCCC)=O	"InChI=1S/C16H33NO/c1-2-3-4-5-6-7-8-9-10-11-12-13-14-15-16(17)18/h2-15H2,1H3,(H2,17,18)"	Palmitic amide	256.2631093		M+H	1	1.139216667	NCBITAXON:http://purl.bioontology.org/ontology/NCBITAXON/9606	Homo sapiens	HMDB		MSI:3		Progenesis	37.6																																																																																																																								
CHEBI:17231	C7H8O	Cc1cccc(O)c1	"InChI=1S/C7H8O/c1-6-3-2-4-7(8)5-6/h2-5,8H,1H3"	m-Cresol	91.05412748		M+H-H2O	1	1.139216667	NCBITAXON:http://purl.bioontology.org/ontology/NCBITAXON/9606	Homo sapiens	HMDB		MSI:3		Progenesis	38.8																																																																																																																								
CHEBI:48430	C6H10O3	CC(C)CC(=O)C(O)=O	"InChI=1S/C6H10O3/c1-4(2)3-5(7)6(8)9/h4H,3H2,1-2H3,(H,8,9)"	Ketoleucine	95.04896946		M+H-2H2O	1	1.139216667	NCBITAXON:http://purl.bioontology.org/ontology/NCBITAXON/9606	Homo sapiens	HMDB		MSI:3		Progenesis	38.3																																																																																																																								
CHEBI:89526	C6H8O	CC=1C=C(C)OC1	"InChI=1S/C6H8O/c1-5-3-6(2)7-4-5/h3-4H,1-2H3"	"2,4-Dimethylfuran"	119.0487099		"M+H-H2O, M+Na"	1	1.139216667	NCBITAXON:http://purl.bioontology.org/ontology/NCBITAXON/9606	Homo sapiens	HMDB		MSI:3		Progenesis	38.9																																																																																																																								
CHEBI:16424	C8H8O	[H]C(=O)Cc1ccccc1	"InChI=1S/C8H8O/c9-7-6-8-4-2-1-3-5-8/h1-5,7H,6H2"	Phenylacetaldehyde	121.064709		M+H	1	1.14835	NCBITAXON:http://purl.bioontology.org/ontology/NCBITAXON/9606	Homo sapiens	HMDB		MSI:3		Progenesis	38.6																																																																																																																								
CHEBI:17568	C4H4N2O2	O=c1cc[nH]c(=O)[nH]1	"InChI=1S/C4H4N2O2/c7-3-1-2-5-4(8)6-3/h1-2H,(H2,5,6,7,8)"	Uracil	77.01243627		M+H-2H2O	1	1.14835	NCBITAXON:http://purl.bioontology.org/ontology/NCBITAXON/9606	Homo sapiens	HMDB		MSI:3		Progenesis	35.4																																																																																																																								
CHEBI:88817	C9H12O	C1=CC=C(C=C1)CCCO	"InChI=1S/C9H12O/c10-8-4-7-9-5-2-1-3-6-9/h1-3,5-6,10H,4,7-8H2"	3-Phenyl-1-propanol	159.0773969		M+Na	1	1.166633333	NCBITAXON:http://purl.bioontology.org/ontology/NCBITAXON/9606	Homo sapiens	HMDB		MSI:3		Progenesis	38.8																																																																																																																								
CHEBI:89393	C14H26O2	C(CCC/C=C/CCCCCCCC)(=O)O	"InChI=1S/C14H26O2/c1-2-3-4-5-6-7-8-9-10-11-12-13-14(15)16/h9-10H,2-8,11-13H2,1H3,(H,15,16)/b10-9+"	5-Tetradecenoic acid	227.2007399		M+H	1	1.166633333	NCBITAXON:http://purl.bioontology.org/ontology/NCBITAXON/9606	Homo sapiens	HMDB		MSI:3		Progenesis	38																																																																																																																								
CHEBI:35465	C16H30O2	CCCCCCCC\C=C/CCCCCC(O)=O	"InChI=1S/C16H30O2/c1-2-3-4-5-6-7-8-9-10-11-12-13-14-15-16(17)18/h9-10H,2-8,11-15H2,1H3,(H,17,18)/b10-9-"	Hypogeic acid	255.2318193		"M+H, M+NH4"	1	1.166633333	NCBITAXON:http://purl.bioontology.org/ontology/NCBITAXON/9606	Homo sapiens	HMDB		MSI:3		Progenesis	38.9																																																																																																																								
CHEBI:16196	C18H34O2	CCCCCCCC\C=C/CCCCCCCC(O)=O	"InChI=1S/C18H34O2/c1-2-3-4-5-6-7-8-9-10-11-12-13-14-15-16-17-18(19)20/h9-10H,2-8,11-17H2,1H3,(H,19,20)/b10-9-"	Oleic acid	300.289809		"M+H, M+NH4, M+H-H2O"	1	1.166633333	NCBITAXON:http://purl.bioontology.org/ontology/NCBITAXON/9606	Homo sapiens	HMDB		MSI:3		Progenesis	36.9																																																																																																																								
CHEBI:49793	C12H26O7	OCCOCCOCCOCCOCCOCCO	"InChI=1S/C12H26O7/c13-1-3-15-5-7-17-9-11-19-12-10-18-8-6-16-4-2-14/h13-14H,1-12H2"	Hexaethylene glycol	283.1756539		M+H	1	1.166633333	NCBITAXON:http://purl.bioontology.org/ontology/NCBITAXON/9606	Homo sapiens	HMDB		MSI:3		Progenesis	38.2																																																																																																																								
CHEBI:32425	C20H38O2	C(=O)(CCCCCCCCC/C=C\CCCCCCCC)O	"InChI=1S/C20H38O2/c1-2-3-4-5-6-7-8-9-10-11-12-13-14-15-16-17-18-19-20(21)22/h9-10H,2-8,11-19H2,1H3,(H,21,22)/b10-9-"	11Z-Eicosenoic acid	328.3205749		M+NH4	1	1.166633333	NCBITAXON:http://purl.bioontology.org/ontology/NCBITAXON/9606	Homo sapiens	HMDB		MSI:3		Progenesis	37.5																																																																																																																								
CHEBI:34464	C21H36O3	C[C@H](O)[C@@]1(O)CC[C@H]2[C@@H]3CC[C@@H]4C[C@H](O)CC[C@]4(C)[C@H]3CC[C@]12C	"InChI=1S/C21H36O3/c1-13(22)21(24)11-8-18-16-5-4-14-12-15(23)6-9-19(14,2)17(16)7-10-20(18,21)3/h13-18,22-24H,4-12H2,1-3H3/t13-,14+,15+,16+,17-,18-,19-,20-,21-/m0/s1"	Pregnanetriol	337.2752343		"M+H, M+Na"	1	1.166633333	NCBITAXON:http://purl.bioontology.org/ontology/NCBITAXON/9606	Homo sapiens	HMDB		MSI:3		Progenesis	37.9																																																																																																																								
CHEBI:18123	C7H7NO2	C[n+]1cccc(c1)C([O-])=O	"InChI=1S/C7H7NO2/c1-8-4-2-3-6(5-8)7(9)10/h2-5H,1H3"	Trigonelline	138.05521		M+H	1	1.185083333	NCBITAXON:http://purl.bioontology.org/ontology/NCBITAXON/9606	Homo sapiens	HMDB		MSI:3		Progenesis	38.8																																																																																																																								
CHEBI:133530	C8H11NO4S	C=1(C=CC(=CC1)CCN)OS(O)(=O)=O	"InChI=1S/C8H11NO4S/c9-6-5-7-1-3-8(4-2-7)13-14(10,11)12/h1-4H,5-6,9H2,(H,10,11,12)"	Tyramine-O-sulfate	200.037949		M+H-H2O	1	1.185083333	NCBITAXON:http://purl.bioontology.org/ontology/NCBITAXON/9606	Homo sapiens	HMDB		MSI:3		Progenesis	38.6																																																																																																																								
CHEBI:72815	C18H30O3	CCCCCC(=O)\C=C\C=C\CCCCCCCC(O)=O	"InChI=1S/C18H30O3/c1-2-3-11-14-17(19)15-12-9-7-5-4-6-8-10-13-16-18(20)21/h7,9,12,15H,2-6,8,10-11,13-14,16H2,1H3,(H,20,21)/b9-7+,15-12+"	13-OxoODE	295.2259302		M+H	1	1.247033333	NCBITAXON:http://purl.bioontology.org/ontology/NCBITAXON/9606	Homo sapiens	HMDB		MSI:3		Progenesis	36.8																																																																																																																								
CHEBI:34498	C18H32O4	CCCCC\C=C/C=C/[C@H](CCCCCCCC(O)=O)OO	"InChI=1S/C18H32O4/c1-2-3-4-5-6-8-11-14-17(22-21)15-12-9-7-10-13-16-18(19)20/h6,8,11,14,17,21H,2-5,7,9-10,12-13,15-16H2,1H3,(H,19,20)/b8-6-,14-11+/t17-/m1/s1"	9(S)-HPODE	335.2200319		"M+Na, M+K"	1	1.247033333	NCBITAXON:http://purl.bioontology.org/ontology/NCBITAXON/9606	Homo sapiens	HMDB		MSI:3		Progenesis	36.7																																																																																																																								
CHEBI:545687	C12H20O4	OC(=O)CCCCCCCC\C=C\C(O)=O	"InChI=1S/C12H20O4/c13-11(14)9-7-5-3-1-2-4-6-8-10-12(15)16/h7,9H,1-6,8,10H2,(H,13,14)(H,15,16)/b9-7+"	Traumatic acid	229.1423529		"M+H-2H2O, M+H"	1	1.256183333	NCBITAXON:http://purl.bioontology.org/ontology/NCBITAXON/9606	Homo sapiens	HMDB		MSI:3		Progenesis	37.8																																																																																																																								
CHEBI:34506	C18H34O5	CCCCC[C@H](O)[C@@H](O)\C=C\[C@@H](O)CCCCCCCC(O)=O	"InChI=1S/C18H34O5/c1-2-3-7-11-16(20)17(21)14-13-15(19)10-8-5-4-6-9-12-18(22)23/h13-17,19-21H,2-12H2,1H3,(H,22,23)/b14-13+/t15-,16-,17-/m0/s1"	"9,12,13-TriHOME"	353.2292107		M+Na	1	1.265316667	NCBITAXON:http://purl.bioontology.org/ontology/NCBITAXON/9606	Homo sapiens	HMDB		MSI:3		Progenesis	37.4																																																																																																																								
CHEBI:88733	C25H38O9	O[C@@H]1[C@@]2([C@@]3([C@@](CC[C@]2([C@]4([C@](C1)(C(=O)CC4)C)[H])[H])(C[C@H](O[C@@H]5O[C@@H]([C@@H](O)[C@H](O)[C@H]5O)C(O)=O)CC3)[H])C)[H]	"InChI=1S/C25H38O9/c1-24-8-7-12(33-23-20(30)18(28)19(29)21(34-23)22(31)32)9-11(24)3-4-13-14-5-6-16(27)25(14,2)10-15(26)17(13)24/h11-15,17-21,23,26,28-30H,3-10H2,1-2H3,(H,31,32)/t11-,12+,13-,14-,15-,17+,18-,19-,20+,21-,23+,24-,25-/m0/s1"	11-beta-Hydroxyandrosterone-3-glucuronide	483.2565304		M+H	1	1.265316667	NCBITAXON:http://purl.bioontology.org/ontology/NCBITAXON/9606	Homo sapiens	HMDB		MSI:3		Progenesis	35.8																																																																																																																								
CHEBI:27417	C8H10	Cc1ccc(C)cc1	"InChI=1S/C8H10/c1-7-3-5-8(2)6-4-7/h3-6H,1-2H3"	p-Xylene	124.1120894		M+NH4	1	1.33845	NCBITAXON:http://purl.bioontology.org/ontology/NCBITAXON/9606	Homo sapiens	HMDB		MSI:3		Progenesis	39.3																																																																																																																								
CHEBI:88569	C12H18	CCCCCCC1=CC=CC=C1	"InChI=1S/C12H18/c1-2-3-4-6-9-12-10-7-5-8-11-12/h5,7-8,10-11H,2-4,6,9H2,1H3"	Hexylbenzene	180.1745608		M+NH4	1	1.347583333	NCBITAXON:http://purl.bioontology.org/ontology/NCBITAXON/9606	Homo sapiens	HMDB		MSI:3		Progenesis	37.4																																																																																																																								
CHEBI:88667	C18H26O3	CCCCC(CC)COC(\C(=C(\C1=CC=C(C=C1)OC)/[H])\[H])=O	"InChI=1S/C18H26O3/c1-4-6-7-15(5-2)14-21-18(19)13-10-16-8-11-17(20-3)12-9-16/h8-13,15H,4-7,14H2,1-3H3/b13-10+"	Octyl 4-methoxycinnamic acid	291.1952277		M+H	1	1.347583333	NCBITAXON:http://purl.bioontology.org/ontology/NCBITAXON/9606	Homo sapiens	HMDB		MSI:3		Progenesis	38.9																																																																																																																								
CHEBI:89902	C11H16O4	OC(=O)CCCCC(=C)C(=C)CC(O)=O	"InChI=1S/C11H16O4/c1-8(9(2)7-11(14)15)5-3-4-6-10(12)13/h1-7H2,(H,12,13)(H,14,15)"	"3,4-Methyleneazelaic acid"	213.1120119		M+H	1	1.363833333	NCBITAXON:http://purl.bioontology.org/ontology/NCBITAXON/9606	Homo sapiens	HMDB		MSI:3		Progenesis	38.3																																																																																																																								
CHEBI:89234	C24H38O3	[C@@H]1(CC[C@@]2([C@]3(CC[C@@]4([C@H](CC[C@]4([C@@]3(CC=C2C1)[H])[H])[C@@H](CCC(=O)O)C)C)[H])C)O	"InChI=1S/C24H38O3/c1-15(4-9-22(26)27)19-7-8-20-18-6-5-16-14-17(25)10-12-23(16,2)21(18)11-13-24(19,20)3/h5,15,17-21,25H,4,6-14H2,1-3H3,(H,26,27)/t15-,17+,18+,19-,20+,21+,23+,24-/m1/s1"	3b-Hydroxy-5-cholenoic acid	357.2787963		M+H-H2O	1	1.372966667	NCBITAXON:http://purl.bioontology.org/ontology/NCBITAXON/9606	Homo sapiens	HMDB		MSI:3		Progenesis	37.7																																																																																																																								
CHEBI:90039	C11H14N4O2	O=C1N2CCC[C@]2(C(=O)N[C@H]1CC=3NC=NC3)[H]	"InChI=1S/C11H14N4O2/c16-10-9-2-1-3-15(9)11(17)8(14-10)4-7-5-12-6-13-7/h5-6,8-9H,1-4H2,(H,12,13)(H,14,16)/t8-,9-/m0/s1"	Histidylproline diketopiperazine	231.1224843		M+H-H2O	1	1.382116667	NCBITAXON:http://purl.bioontology.org/ontology/NCBITAXON/9606	Homo sapiens	HMDB		MSI:3		Progenesis	36.3																																																																																																																								
CHEBI:74541	C18H35N3O4	CC(C)C[C@H](N)C(=O)N[C@@H](CC(C)C)C(=O)N[C@@H](CC(C)C)C(O)=O	"InChI=1S/C18H35N3O4/c1-10(2)7-13(19)16(22)20-14(8-11(3)4)17(23)21-15(18(24)25)9-12(5)6/h10-15H,7-9,19H2,1-6H3,(H,20,22)(H,21,23)(H,24,25)/t13-,14-,15-/m0/s1"	Leu-Leu-Leu	340.2568094		M+H-H2O	1	1.563083333	NCBITAXON:http://purl.bioontology.org/ontology/NCBITAXON/9606	Homo sapiens	HMDB		MSI:3		Progenesis	35.4																																																																																																																								
CHEBI:16638	C5H10O	CC(C)CC=O	"InChI=1S/C5H10O/c1-5(2)3-4-6/h4-5H,3H2,1-2H3"	Iso-Valeraldehyde	104.1071613		M+NH4	1	10.38716667	NCBITAXON:http://purl.bioontology.org/ontology/NCBITAXON/9606	Homo sapiens	HMDB		MSI:3		Progenesis	39																																																																																																																								
CHEBI:42639	C4H6O2	O=C1CCCO1	InChI=1S/C4H6O2/c5-4-2-1-3-6-4/h1-3H2	Gamma-Butyrolactone	124.9998898		M+K	1	10.38716667	NCBITAXON:http://purl.bioontology.org/ontology/NCBITAXON/9606	Homo sapiens	HMDB		MSI:3		Progenesis	39																																																																																																																								
CHEBI:133223	C7H15NO2	C(C(CCCCC)[NH3+])([O-])=O	"InChI=1S/C7H15NO2/c1-2-3-4-5-6(8)7(9)10/h6H,2-5,8H2,1H3,(H,9,10)"	2-Aminoheptanoate	184.0748366		M+K	1	10.38716667	NCBITAXON:http://purl.bioontology.org/ontology/NCBITAXON/9606	Homo sapiens	HMDB		MSI:3		Progenesis	37.1																																																																																																																								
CHEBI:26078	H3O4P	[H]OP(=O)(O[H])O[H]	"InChI=1S/H3O4P/c1-5(2,3)4/h(H3,1,2,3,4)"	Phosphate	98.98341875		M+H	1	10.38716667	NCBITAXON:http://purl.bioontology.org/ontology/NCBITAXON/9606	Homo sapiens	HMDB		MSI:3		Progenesis	38.1																																																																																																																								
CHEBI:82965	C10H18N2O5S	C(=O)([C@@H](NC(=O)CC[C@@H](C(=O)O)N)CCSC)O	"InChI=1S/C10H18N2O5S/c1-18-5-4-7(10(16)17)12-8(13)3-2-6(11)9(14)15/h6-7H,2-5,11H2,1H3,(H,12,13)(H,14,15)(H,16,17)/t6-,7-/m0/s1"	gamma-Glutamylmethionine	317.0557434		M+K	1	11.18358333	NCBITAXON:http://purl.bioontology.org/ontology/NCBITAXON/9606	Homo sapiens	HMDB		MSI:3		Progenesis	36																																																																																																																								
CHEBI:20392	C5H9NO3	OC1CNC(C1)C(O)=O	"InChI=1S/C5H9NO3/c7-3-1-4(5(8)9)6-2-3/h3-4,6-7H,1-2H2,(H,8,9)"	4-Hydroxyproline	132.0657493		"M+H-H2O, M+H"	1	11.3736	NCBITAXON:http://purl.bioontology.org/ontology/NCBITAXON/9606	Homo sapiens	HMDB		MSI:3		Progenesis	38.6																																																																																																																								
CHEBI:16797	C7H9N2O+	C[n+]1cccc(c1)C(N)=O	"InChI=1S/C7H8N2O/c1-9-4-2-3-6(5-9)7(8)10/h2-5H,1H3,(H-,8,10)/p+1"	1-Methylnicotinamide	160.0611763		M+Na	1	11.38985	NCBITAXON:http://purl.bioontology.org/ontology/NCBITAXON/9606	Homo sapiens	HMDB		MSI:3		Progenesis	38.4																																																																																																																								
CHEBI:82912	C7H7NO4	O1C=CC=C1C(NCC(O)=O)=O	"InChI=1S/C7H7NO4/c9-6(10)4-8-7(11)5-2-1-3-12-5/h1-3H,4H2,(H,8,11)(H,9,10)"	2-Furoylglycine	187.0712475		M+NH4	1	11.48126667	NCBITAXON:http://purl.bioontology.org/ontology/NCBITAXON/9606	Homo sapiens	HMDB		MSI:3		Progenesis	38.3																																																																																																																								
CHEBI:89930	C8H15N3O5S2	C([C@@H](N)CSSCC(C(NCC(=O)O)=O)N)(=O)O	"InChI=1S/C8H15N3O5S2/c9-4(7(14)11-1-6(12)13)2-17-18-3-5(10)8(15)16/h4-5H,1-3,9-10H2,(H,11,14)(H,12,13)(H,15,16)/t4?,5-/m0/s1"	L-Cysteinylglycine disulfide	315.080183		M+NH4	1	11.52696667	NCBITAXON:http://purl.bioontology.org/ontology/NCBITAXON/9606	Homo sapiens	HMDB		MSI:3		Progenesis	36.2																																																																																																																								
CHEBI:82965	C10H18N2O5S	C(=O)([C@@H](NC(=O)CC[C@@H](C(=O)O)N)CCSC)O	"InChI=1S/C10H18N2O5S/c1-18-5-4-7(10(16)17)12-8(13)3-2-6(11)9(14)15/h6-7H,2-5,11H2,1H3,(H,12,13)(H,14,15)(H,16,17)/t6-,7-/m0/s1"	gamma-Glutamylmethionine	317.0559925		M+K	1	11.54525	NCBITAXON:http://purl.bioontology.org/ontology/NCBITAXON/9606	Homo sapiens	HMDB		MSI:3		Progenesis	36.2																																																																																																																								
CHEBI:48432	C50H71N13O12			Angiotensin II	1063.569098		M+NH4	1	12.01461667	NCBITAXON:http://purl.bioontology.org/ontology/NCBITAXON/9606	Homo sapiens	HMDB		MSI:3		Progenesis	31.7																																																																																																																								
CHEBI:15436	C40H38N4O16	OC(=O)CCc1c(CC(O)=O)c2cc3[nH]c(cc4nc(cc5[nH]c(cc1n2)c(CCC(O)=O)c5CC(O)=O)c(CCC(O)=O)c4CC(O)=O)c(CCC(O)=O)c3CC(O)=O	"InChI=1S/C40H38N4O16/c45-33(46)5-1-17-21(9-37(53)54)29-14-27-19(3-7-35(49)50)22(10-38(55)56)30(43-27)15-28-20(4-8-36(51)52)24(12-40(59)60)32(44-28)16-31-23(11-39(57)58)18(2-6-34(47)48)26(42-31)13-25(17)41-29/h13-16,41,44H,1-12H2,(H,45,46)(H,47,48)(H,49,50)(H,51,52)(H,53,54)(H,55,56)(H,57,58)(H,59,60)/b25-13-,26-13-,27-14-,28-15-,29-14-,30-15-,31-16-,32-16-"	Uroporphyrin III	831.2428806		M+H	1	12.23906667	NCBITAXON:http://purl.bioontology.org/ontology/NCBITAXON/9606	Homo sapiens	HMDB		MSI:3		Progenesis	31.8																																																																																																																								
				"PC(22:6(4Z,7Z,10Z,13Z,16Z,19Z)/P-18:0)"	835.6386526		M+NH4	1	12.23906667	NCBITAXON:http://purl.bioontology.org/ontology/NCBITAXON/9606	Homo sapiens	HMDB		MSI:3		Progenesis	30.5																																																																																																																								
CHEBI:40131	C11H14O2	OC(=O)CCCCc1ccccc1	"InChI=1S/C11H14O2/c12-11(13)9-5-4-8-10-6-2-1-3-7-10/h1-3,6-7H,4-5,8-9H2,(H,12,13)"	5-Phenylvaleric acid	161.0962011		M+H-H2O	1	18.76056667	NCBITAXON:http://purl.bioontology.org/ontology/NCBITAXON/9606	Homo sapiens	HMDB		MSI:3		Progenesis	37.9																																																																																																																								
CHEBI:15702	C8H6O4	OC(=O)c1ccc(cc1)C(O)=O	"InChI=1S/C8H6O4/c9-7(10)5-1-2-6(4-3-5)8(11)12/h1-4H,(H,9,10)(H,11,12)"	Terephthalic acid	149.023248		M+H-H2O	1	19.69193333	NCBITAXON:http://purl.bioontology.org/ontology/NCBITAXON/9606	Homo sapiens	HMDB		MSI:3		Progenesis	38.5																																																																																																																								
				PC(P-18:1(11Z)/P-18:1(11Z))	792.5688067		M+K	1	2.240533333	NCBITAXON:http://purl.bioontology.org/ontology/NCBITAXON/9606	Homo sapiens	HMDB		MSI:3		Progenesis	28.1																																																																																																																								
CHEBI:73910	C49H78O2	CC\C=C/C\C=C/C\C=C/C\C=C/C\C=C/CCCCCC(=O)O[C@H]1CC[C@]2(C)[C@H]3CC[C@]4(C)[C@H](CC[C@H]4[C@@H]3CC=C2C1)[C@H](C)CCCC(C)C	"InChI=1S/C49H78O2/c1-7-8-9-10-11-12-13-14-15-16-17-18-19-20-21-22-23-24-25-29-47(50)51-42-34-36-48(5)41(38-42)30-31-43-45-33-32-44(40(4)28-26-27-39(2)3)49(45,6)37-35-46(43)48/h8-9,11-12,14-15,17-18,20-21,30,39-40,42-46H,7,10,13,16,19,22-29,31-38H2,1-6H3/b9-8-,12-11-,15-14-,18-17-,21-20-/t40-,42+,43+,44-,45+,46+,48+,49-/m1/s1"	"CE(22:5(7Z,10Z,13Z,16Z,19Z))"	737.5675257		M+K	1	2.249666667	NCBITAXON:http://purl.bioontology.org/ontology/NCBITAXON/9606	Homo sapiens	HMDB		MSI:3		Progenesis	30.3																																																																																																																								
CHEBI:90002	C45H85N2O6P	CCCCCCCCCCCCC/C=C/[C@H]([C@H](COP([O-])(=O)OCC[N+](C)(C)C)NC(CCCCCCCC/C=C\C/C=C\C/C=C\CCCCC)=O)O	"InChI=1S/C45H85N2O6P/c1-6-8-10-12-14-16-18-20-21-22-23-24-25-27-29-31-33-35-37-39-45(49)46-43(42-53-54(50,51)52-41-40-47(3,4)5)44(48)38-36-34-32-30-28-26-19-17-15-13-11-9-7-2/h14,16,20-21,23-24,36,38,43-44,48H,6-13,15,17-19,22,25-35,37,39-42H2,1-5H3,(H-,46,49,50,51)/b16-14-,21-20-,24-23-,38-36+/t43-,44+/m0/s1"	"SM(d18:0/22:3(10Z,13Z,16Z))"	819.5717034		M+K	1	2.341083333	NCBITAXON:http://purl.bioontology.org/ontology/NCBITAXON/9606	Homo sapiens	HMDB		MSI:3		Progenesis	32.1																																																																																																																								
CHEBI:84323	C43H74O2	CCCCCC\C=C/CCCCCCCC(=O)O[C@H]1CC[C@]2(C)[C@H]3CC[C@]4(C)[C@H](CC[C@H]4[C@@H]3CC=C2C1)[C@H](C)CCCC(C)C	"InChI=1S/C43H74O2/c1-7-8-9-10-11-12-13-14-15-16-17-18-19-23-41(44)45-36-28-30-42(5)35(32-36)24-25-37-39-27-26-38(34(4)22-20-21-33(2)3)43(39,6)31-29-40(37)42/h12-13,24,33-34,36-40H,7-11,14-23,25-32H2,1-6H3/b13-12-/t34-,36+,37+,38-,39+,40+,42+,43-/m1/s1"	CE(16:1(9Z))	605.5619556		M+H-H2O	1	2.393883333	NCBITAXON:http://purl.bioontology.org/ontology/NCBITAXON/9606	Homo sapiens	HMDB		MSI:3		Progenesis	33.3																																																																																																																								
				"TG(14:0/o-18:0/20:5(5Z,8Z,11Z,14Z,17Z))"	821.7353869		M+H-H2O	1	2.393883333	NCBITAXON:http://purl.bioontology.org/ontology/NCBITAXON/9606	Homo sapiens	HMDB		MSI:3		Progenesis	30.1																																																																																																																								
				"TG(22:5(7Z,10Z,13Z,16Z,19Z)/18:3(9Z,12Z,15Z)/22:5(7Z,10Z,13Z,16Z,19Z))"	999.7435845		M+Na	1	2.421316667	NCBITAXON:http://purl.bioontology.org/ontology/NCBITAXON/9606	Homo sapiens	HMDB		MSI:3		Progenesis	29.8																																																																																																																								
CHEBI:17368	C5H4N4O	O=c1[nH]cnc2nc[nH]c12	"InChI=1S/C5H4N4O/c10-5-3-4(7-1-6-3)8-2-9-5/h1-2H,(H2,6,7,8,9,10)"	Hypoxanthine	137.0470449		M+H	1	2.684366667	NCBITAXON:http://purl.bioontology.org/ontology/NCBITAXON/9606	Homo sapiens	HMDB		MSI:3		Progenesis	37.5																																																																																																																								
CHEBI:16235	C5H5N5O	C12=C(N=C(NC1=O)N)NC=N2	"InChI=1S/C5H5N5O/c6-5-9-3-2(4(11)10-5)7-1-8-3/h1H,(H4,6,7,8,9,10,11)"	Guanine	174.0386687		M+Na	1	3.65955	NCBITAXON:http://purl.bioontology.org/ontology/NCBITAXON/9606	Homo sapiens	HMDB		MSI:3		Progenesis	39																																																																																																																								
CHEBI:89818	C14H28O	CCCCCCCCCCCCC(C)=O	"InChI=1S/C14H28O/c1-3-4-5-6-7-8-9-10-11-12-13-14(2)15/h3-13H2,1-2H3"	2-Tetradecanone	230.2488501		M+NH4	1	3.677833333	NCBITAXON:http://purl.bioontology.org/ontology/NCBITAXON/9606	Homo sapiens	HMDB		MSI:3		Progenesis	38.3																																																																																																																								
				MG(0:0/18:1(11Z)/0:0)	339.289079		M+H-H2O	1	4.14705	NCBITAXON:http://purl.bioontology.org/ontology/NCBITAXON/9606	Homo sapiens	HMDB		MSI:3		Progenesis	37.1																																																																																																																								
CHEBI:34464	C21H36O3	C[C@H](O)[C@@]1(O)CC[C@H]2[C@@H]3CC[C@@H]4C[C@H](O)CC[C@]4(C)[C@H]3CC[C@]12C	"InChI=1S/C21H36O3/c1-13(22)21(24)11-8-18-16-5-4-14-12-15(23)6-9-19(14,2)17(16)7-10-20(18,21)3/h13-18,22-24H,4-12H2,1-3H3/t13-,14+,15+,16+,17-,18-,19-,20-,21-/m0/s1"	Pregnanetriol	337.2732991		M+H	1	4.209	NCBITAXON:http://purl.bioontology.org/ontology/NCBITAXON/9606	Homo sapiens	HMDB		MSI:3		Progenesis	37.3																																																																																																																								
CHEBI:16765	C10H12N2	NCCc1c[nH]c2ccccc12	"InChI=1S/C10H12N2/c11-6-5-8-7-12-10-4-2-1-3-9(8)10/h1-4,7,12H,5-6,11H2"	Tryptamine	178.1349242		M+NH4	1	4.371516667	NCBITAXON:http://purl.bioontology.org/ontology/NCBITAXON/9606	Homo sapiens	HMDB		MSI:3		Progenesis	38																																																																																																																								
CHEBI:36799	C28H50O	[H][C@@]12CC[C@]3([H])[C@]([H])(CC[C@]4(C)[C@]([H])(CC[C@@]34[H])[C@H](C)CC[C@@H](C)C(C)C)[C@@]1(C)CC[C@H](O)C2	"InChI=1S/C28H50O/c1-18(2)19(3)7-8-20(4)24-11-12-25-23-10-9-21-17-22(29)13-15-27(21,5)26(23)14-16-28(24,25)6/h18-26,29H,7-17H2,1-6H3/t19-,20-,21+,22+,23+,24-,25+,26+,27+,28-/m1/s1"	Campestanol	385.3790172		M+H-H2O	1	4.81535	NCBITAXON:http://purl.bioontology.org/ontology/NCBITAXON/9606	Homo sapiens	HMDB		MSI:3		Progenesis	35.4																																																																																																																								
CHEBI:71466	C20H39NO2	CCCCCCCC\C=C/CCCCCCCC(=O)NCCO	"InChI=1S/C20H39NO2/c1-2-3-4-5-6-7-8-9-10-11-12-13-14-15-16-17-20(23)21-18-19-22/h9-10,22H,2-8,11-19H2,1H3,(H,21,23)/b10-9-"	N-Oleoylethanolamine	308.2946069		M+H-H2O	1	4.895583333	NCBITAXON:http://purl.bioontology.org/ontology/NCBITAXON/9606	Homo sapiens	HMDB		MSI:3		Progenesis	37.6																																																																																																																								
CHEBI:116314	C18H35NO	CCCCCCCC\C=C/CCCCCCCC(N)=O	"InChI=1S/C18H35NO/c1-2-3-4-5-6-7-8-9-10-11-12-13-14-15-16-17-18(19)20/h9-10H,2-8,11-17H2,1H3,(H2,19,20)/b10-9-"	Oleamide	282.2792062		M+H	1	4.97785	NCBITAXON:http://purl.bioontology.org/ontology/NCBITAXON/9606	Homo sapiens	HMDB		MSI:3		Progenesis	38.3																																																																																																																								
CHEBI:89506	C42H80NO7P	C([C@](CO/C=C\CCCCCC/C=C\CCCCCCCC)([H])OC(CCCCCCC/C=C\CCCCCC)=O)OP([O-])(=O)OCC[N+](C)(C)C	"InChI=1S/C42H80NO7P/c1-6-8-10-12-14-16-18-20-21-22-24-26-28-30-32-34-37-47-39-41(40-49-51(45,46)48-38-36-43(3,4)5)50-42(44)35-33-31-29-27-25-23-19-17-15-13-11-9-7-2/h17,19-21,34,37,41H,6-16,18,22-33,35-36,38-40H2,1-5H3/b19-17-,21-20-,37-34-/t41-/m1/s1"	PC(P-18:1(9Z)/16:1(9Z))	764.5581721		M+Na	1	5.048933333	NCBITAXON:http://purl.bioontology.org/ontology/NCBITAXON/9606	Homo sapiens	HMDB		MSI:3		Progenesis	36.4																																																																																																																								
CHEBI:89091	C44H79O10P	C([C@@](COC(CCCCCCCCCCCCCCC)=O)(OC(CCCCC/C=C\C/C=C\C/C=C\C/C=C\CCCCC)=O)[H])OP(=O)(O)OC[C@@](CO)([H])O	"InChI=1S/C44H79O10P/c1-3-5-7-9-11-13-15-17-18-19-20-21-22-24-26-28-30-32-34-36-44(48)54-42(40-53-55(49,50)52-38-41(46)37-45)39-51-43(47)35-33-31-29-27-25-23-16-14-12-10-8-6-4-2/h11,13,17-18,20-21,24,26,41-42,45-46H,3-10,12,14-16,19,22-23,25,27-40H2,1-2H3,(H,49,50)/b13-11-,18-17-,21-20-,26-24-/t41-,42+/m0/s1"	"PG(16:0/22:4(7Z,10Z,13Z,16Z))"	816.5722445		M+NH4	1	5.4105	NCBITAXON:http://purl.bioontology.org/ontology/NCBITAXON/9606	Homo sapiens	HMDB		MSI:3		Progenesis	34.3																																																																																																																								
CHEBI:145965	C27H48O4	C1C[C@H](C[C@@]2(C[C@H]([C@@]3([C@](C[C@@H]([C@]4([C@]3(CC[C@@]4([C@@](CCCC(C)(C)O)(C)[H])[H])[H])C)O)([C@@]12C)[H])[H])O)[H])O	"InChI=1S/C27H48O4/c1-16(7-6-11-25(2,3)31)19-8-9-20-24-21(15-23(30)27(19,20)5)26(4)12-10-18(28)13-17(26)14-22(24)29/h16-24,28-31H,6-15H2,1-5H3/t16-,17-,18-,19-,20+,21+,22-,23+,24+,26+,27-/m1/s1"	"5a-Cholestane-3a,7a,12a,25-tetrol"	454.389634		M+NH4	1	5.437933333	NCBITAXON:http://purl.bioontology.org/ontology/NCBITAXON/9606	Homo sapiens	HMDB		MSI:3		Progenesis	37.8																																																																																																																								
CHEBI:72689	C25H47NO4	CCCCCCCC\C=C/CCCCCCCC(=O)OC(CC([O-])=O)C[N+](C)(C)C	"InChI=1S/C25H47NO4/c1-5-6-7-8-9-10-11-12-13-14-15-16-17-18-19-20-25(29)30-23(21-24(27)28)22-26(2,3)4/h12-13,23H,5-11,14-22H2,1-4H3/b13-12-"	Oleoylcarnitine	448.342125		M+Na	1	5.45635	NCBITAXON:http://purl.bioontology.org/ontology/NCBITAXON/9606	Homo sapiens	HMDB		MSI:3		Progenesis	36.8																																																																																																																								
CHEBI:16577	C27H46O4	[H][C@@]12C[C@H](O)CC[C@]1(C)[C@@]1([H])CC[C@]3(C)[C@]([H])(CC[C@@]3([H])[C@]1([H])[C@H](O)C2)[C@H](C)CCCC(C)C(O)=O	"InChI=1S/C27H46O4/c1-16(6-5-7-17(2)25(30)31)20-8-9-21-24-22(11-13-27(20,21)4)26(3)12-10-19(28)14-18(26)15-23(24)29/h16-24,28-29H,5-15H2,1-4H3,(H,30,31)/t16-,17?,18+,19-,20-,21+,22+,23-,24+,26+,27-/m1/s1"	"3alpha,7alpha-Dihydroxycoprostanic acid"	452.3732779		M+NH4	1	5.474633333	NCBITAXON:http://purl.bioontology.org/ontology/NCBITAXON/9606	Homo sapiens	HMDB		MSI:3		Progenesis	37.5																																																																																																																								
CHEBI:73074	C25H49NO4	CCCCCCCCCCCCCCCCCC(=O)OC(CC([O-])=O)C[N+](C)(C)C	"InChI=1S/C25H49NO4/c1-5-6-7-8-9-10-11-12-13-14-15-16-17-18-19-20-25(29)30-23(21-24(27)28)22-26(2,3)4/h23H,5-22H2,1-4H3"	Stearoylcarnitine	450.356811		M+Na	1	5.483766667	NCBITAXON:http://purl.bioontology.org/ontology/NCBITAXON/9606	Homo sapiens	HMDB		MSI:3		Progenesis	36.6																																																																																																																								
CHEBI:145297	C25H42O4	C([C@@](CO)(OC(CCCCC/C=C\C/C=C\C/C=C\C/C=C\CCCCC)=O)[H])O	"InChI=1S/C25H42O4/c1-2-3-4-5-6-7-8-9-10-11-12-13-14-15-16-17-18-19-20-21-25(28)29-24(22-26)23-27/h6-7,9-10,12-13,15-16,24,26-27H,2-5,8,11,14,17-23H2,1H3/b7-6-,10-9-,13-12-,16-15-"	"MG(0:0/22:4(7Z,10Z,13Z,16Z)/0:0)"	389.3045634		M+H-H2O	1	5.50205	NCBITAXON:http://purl.bioontology.org/ontology/NCBITAXON/9606	Homo sapiens	HMDB		MSI:3		Progenesis	37																																																																																																																								
				"PS(14:0/18:2(9Z,12Z))"	732.4794628		M+H	1	5.50205	NCBITAXON:http://purl.bioontology.org/ontology/NCBITAXON/9606	Homo sapiens	HMDB		MSI:3		Progenesis	35.3																																																																																																																								
				"MG(0:0/22:6(4Z,7Z,10Z,13Z,16Z,19Z)/0:0)"	385.2736104		"M+H-H2O, M+NH4"	1	5.520333333	NCBITAXON:http://purl.bioontology.org/ontology/NCBITAXON/9606	Homo sapiens	HMDB		MSI:3		Progenesis	37.4																																																																																																																								
CHEBI:28600	C15H26O	[H]C(CO)=C(C)CCC([H])=C(C)CCC=C(C)C	"InChI=1S/C15H26O/c1-13(2)7-5-8-14(3)9-6-10-15(4)11-12-16/h7,9,11,16H,5-6,8,10,12H2,1-4H3"	Farnesol	240.2321921		M+NH4	1	5.529483333	NCBITAXON:http://purl.bioontology.org/ontology/NCBITAXON/9606	Homo sapiens	HMDB		MSI:3		Progenesis	38.4																																																																																																																								
CHEBI:52392	C23H38O4	[H]C(CO)(CO)OC(=O)CCC\C=C/C\C=C/C\C=C/C\C=C/CCCCC	"InChI=1S/C23H38O4/c1-2-3-4-5-6-7-8-9-10-11-12-13-14-15-16-17-18-19-23(26)27-22(20-24)21-25/h6-7,9-10,12-13,15-16,22,24-25H,2-5,8,11,14,17-21H2,1H3/b7-6-,10-9-,13-12-,16-15-"	2-Arachidonylglycerol	361.2742472		M+H-H2O	1	5.564	NCBITAXON:http://purl.bioontology.org/ontology/NCBITAXON/9606	Homo sapiens	HMDB		MSI:3		Progenesis	38.1																																																																																																																								
CHEBI:145297	C25H42O4	C([C@@](CO)(OC(CCCCC/C=C\C/C=C\C/C=C\C/C=C\CCCCC)=O)[H])O	"InChI=1S/C25H42O4/c1-2-3-4-5-6-7-8-9-10-11-12-13-14-15-16-17-18-19-20-21-25(28)29-24(22-26)23-27/h6-7,9-10,12-13,15-16,24,26-27H,2-5,8,11,14,17-23H2,1H3/b7-6-,10-9-,13-12-,16-15-"	"MG(0:0/22:4(7Z,10Z,13Z,16Z)/0:0)"	424.3442684		M+NH4	1	5.564	NCBITAXON:http://purl.bioontology.org/ontology/NCBITAXON/9606	Homo sapiens	HMDB		MSI:3		Progenesis	38																																																																																																																								
CHEBI:5050	C32H39NO4	CC(C)(C(O)=O)c1ccc(cc1)C(O)CCCN1CCC(CC1)C(O)(c1ccccc1)c1ccccc1	"InChI=1S/C32H39NO4/c1-31(2,30(35)36)25-17-15-24(16-18-25)29(34)14-9-21-33-22-19-28(20-23-33)32(37,26-10-5-3-6-11-26)27-12-7-4-8-13-27/h3-8,10-13,15-18,28-29,34,37H,9,14,19-23H2,1-2H3,(H,35,36)"	Fexofenadine	524.2740716		M+Na	1	5.564	NCBITAXON:http://purl.bioontology.org/ontology/NCBITAXON/9606	Homo sapiens	HMDB		MSI:3		Progenesis	34.7																																																																																																																								
				MG(0:0/18:1(11Z)/0:0)	339.2891618		M+H-H2O	1	5.61885	NCBITAXON:http://purl.bioontology.org/ontology/NCBITAXON/9606	Homo sapiens	HMDB		MSI:3		Progenesis	37.4																																																																																																																								
CHEBI:34464	C21H36O3	C[C@H](O)[C@@]1(O)CC[C@H]2[C@@H]3CC[C@@H]4C[C@H](O)CC[C@]4(C)[C@H]3CC[C@]12C	"InChI=1S/C21H36O3/c1-13(22)21(24)11-8-18-16-5-4-14-12-15(23)6-9-19(14,2)17(16)7-10-20(18,21)3/h13-18,22-24H,4-12H2,1-3H3/t13-,14+,15+,16+,17-,18-,19-,20-,21-/m0/s1"	Pregnanetriol	337.2732008		M+H	1	5.655416667	NCBITAXON:http://purl.bioontology.org/ontology/NCBITAXON/9606	Homo sapiens	HMDB		MSI:3		Progenesis	36.8																																																																																																																								
CHEBI:86398	C23H36O4	CC\C=C/C\C=C/C\C=C/C\C=C/C\C=C/CCCC(=O)OC(CO)CO	"InChI=1S/C23H36O4/c1-2-3-4-5-6-7-8-9-10-11-12-13-14-15-16-17-18-19-23(26)27-22(20-24)21-25/h3-4,6-7,9-10,12-13,15-16,22,24-25H,2,5,8,11,14,17-21H2,1H3/b4-3-,7-6-,10-9-,13-12-,16-15-"	"MG(0:0/20:5(5Z,8Z,11Z,14Z,17Z)/0:0)"	394.2949513		M+NH4	1	5.655416667	NCBITAXON:http://purl.bioontology.org/ontology/NCBITAXON/9606	Homo sapiens	HMDB		MSI:3		Progenesis	37.7																																																																																																																								
CHEBI:52392	C23H38O4	[H]C(CO)(CO)OC(=O)CCC\C=C/C\C=C/C\C=C/C\C=C/CCCCC	"InChI=1S/C23H38O4/c1-2-3-4-5-6-7-8-9-10-11-12-13-14-15-16-17-18-19-23(26)27-22(20-24)21-25/h6-7,9-10,12-13,15-16,22,24-25H,2-5,8,11,14,17-21H2,1H3/b7-6-,10-9-,13-12-,16-15-"	2-Arachidonylglycerol	396.3101992		M+NH4	1	5.66455	NCBITAXON:http://purl.bioontology.org/ontology/NCBITAXON/9606	Homo sapiens	HMDB		MSI:3		Progenesis	37																																																																																																																								
CHEBI:75455	C19H38O4	CCCCCCCCCCCCCCCC(=O)OC(CO)CO	"InChI=1S/C19H38O4/c1-2-3-4-5-6-7-8-9-10-11-12-13-14-15-19(22)23-18(16-20)17-21/h18,20-21H,2-17H2,1H3"	MG(0:0/16:0/0:0)	313.273285		M+H-H2O	1	5.708216667	NCBITAXON:http://purl.bioontology.org/ontology/NCBITAXON/9606	Homo sapiens	HMDB		MSI:3		Progenesis	37.2																																																																																																																								
CHEBI:9481	C21H34O4	C[C@]12C[C@H](O)[C@H]3[C@@H](CC[C@@H]4C[C@H](O)CC[C@]34C)[C@@H]1CC[C@@H]2C(=O)CO	"InChI=1S/C21H34O4/c1-20-8-7-13(23)9-12(20)3-4-14-15-5-6-16(18(25)11-22)21(15,2)10-17(24)19(14)20/h12-17,19,22-24H,3-11H2,1-2H3/t12-,13-,14+,15+,16-,17+,19-,20+,21+/m1/s1"	Tetrahydrocorticosterone	368.2796687		M+NH4	1	5.772216667	NCBITAXON:http://purl.bioontology.org/ontology/NCBITAXON/9606	Homo sapiens	HMDB		MSI:3		Progenesis	37.9																																																																																																																								
CHEBI:52392	C23H38O4	[H]C(CO)(CO)OC(=O)CCC\C=C/C\C=C/C\C=C/C\C=C/CCCCC	"InChI=1S/C23H38O4/c1-2-3-4-5-6-7-8-9-10-11-12-13-14-15-16-17-18-19-23(26)27-22(20-24)21-25/h6-7,9-10,12-13,15-16,22,24-25H,2-5,8,11,14,17-21H2,1H3/b7-6-,10-9-,13-12-,16-15-"	2-Arachidonylglycerol	361.2736417		M+H-H2O	1	5.78135	NCBITAXON:http://purl.bioontology.org/ontology/NCBITAXON/9606	Homo sapiens	HMDB		MSI:3		Progenesis	37.7																																																																																																																								
CHEBI:63966	C20H34O4	CCCCCC(O)C(O)C\C=C/C\C=C/C\C=C/CCCC(O)=O	"InChI=1S/C20H34O4/c1-2-3-12-15-18(21)19(22)16-13-10-8-6-4-5-7-9-11-14-17-20(23)24/h4,6-7,9-10,13,18-19,21-22H,2-3,5,8,11-12,14-17H2,1H3,(H,23,24)/b6-4-,9-7-,13-10-"	"14,15-DiHETrE"	356.2790752		M+NH4	1	5.817916667	NCBITAXON:http://purl.bioontology.org/ontology/NCBITAXON/9606	Homo sapiens	HMDB		MSI:3		Progenesis	36.7																																																																																																																								
CHEBI:67045	C32H65NO3	CCCCCCCCCCCCCCC[C@@H](O)[C@H](CO)NC(=O)CCCCCCCCCCCCC	"InChI=1S/C32H65NO3/c1-3-5-7-9-11-13-15-16-18-19-21-23-25-27-31(35)30(29-34)33-32(36)28-26-24-22-20-17-14-12-10-8-6-4-2/h30-31,34-35H,3-29H2,1-2H3,(H,33,36)/t30-,31+/m0/s1"	Cer(d18:0/14:0)	529.5269288		M+NH4	1	5.934716667	NCBITAXON:http://purl.bioontology.org/ontology/NCBITAXON/9606	Homo sapiens	HMDB		MSI:3		Progenesis	33.5																																																																																																																								
CHEBI:88699	C10H12O5S	C=1C=CC=CC1CCCC(OS(=O)(=O)O)=O	"InChI=1S/C10H12O5S/c11-10(15-16(12,13)14)8-4-7-9-5-2-1-3-6-9/h1-3,5-6H,4,7-8H2,(H,12,13,14)"	4-phenylbutanic acid-O-sulphate	227.0348205		M+H-H2O	1	6.179616667	NCBITAXON:http://purl.bioontology.org/ontology/NCBITAXON/9606	Homo sapiens	HMDB		MSI:3		Progenesis	34.6																																																																																																																								
CHEBI:17111	C5H13O14P3	O[C@H]1[C@@H](O)[C@H](O[C@@H]1COP(O)(O)=O)OP(O)(=O)OP(O)(O)=O	"InChI=1S/C5H13O14P3/c6-3-2(1-16-20(8,9)10)17-5(4(3)7)18-22(14,15)19-21(11,12)13/h2-7H,1H2,(H,14,15)(H2,8,9,10)(H2,11,12,13)/t2-,3-,4-,5-/m1/s1"	Phosphoribosyl pyrophosphate	390.9575407		M+H	1	6.179616667	NCBITAXON:http://purl.bioontology.org/ontology/NCBITAXON/9606	Homo sapiens	HMDB		MSI:3		Progenesis	37.6																																																																																																																								
CHEBI:74055	C11H16N4O3	N[C@@H](Cc1c[nH]cn1)C(=O)N1CCC[C@H]1C(O)=O	"InChI=1S/C11H16N4O3/c12-8(4-7-5-13-6-14-7)10(16)15-3-1-2-9(15)11(17)18/h5-6,8-9H,1-4,12H2,(H,13,14)(H,17,18)/t8-,9-/m0/s1"	Histidinyl-Proline	275.1102359		M+Na	1	6.9741	NCBITAXON:http://purl.bioontology.org/ontology/NCBITAXON/9606	Homo sapiens	HMDB		MSI:3		Progenesis	36.8																																																																																																																								
CHEBI:36219	C12H22O11	OC[C@H]1O[C@@H](O[C@@H]2[C@@H](CO)O[C@H](O)[C@H](O)[C@H]2O)[C@H](O)[C@@H](O)[C@H]1O	"InChI=1S/C12H22O11/c13-1-3-5(15)6(16)9(19)12(22-3)23-10-4(2-14)21-11(20)8(18)7(10)17/h3-20H,1-2H2/t3-,4-,5+,6+,7-,8-,9-,10-,11+,12+/m1/s1"	Alpha-Lactose	365.1052661		M+Na	1	6.983233333	NCBITAXON:http://purl.bioontology.org/ontology/NCBITAXON/9606	Homo sapiens	HMDB		MSI:3		Progenesis	38.2																																																																																																																								
CHEBI:16634	C18H32O16	OC[C@H]1O[C@H](OC[C@H]2O[C@H](O[C@]3(CO)O[C@H](CO)[C@@H](O)[C@@H]3O)[C@H](O)[C@@H](O)[C@@H]2O)[C@H](O)[C@@H](O)[C@H]1O	"InChI=1S/C18H32O16/c19-1-5-8(22)11(25)13(27)16(31-5)30-3-7-9(23)12(26)14(28)17(32-7)34-18(4-21)15(29)10(24)6(2-20)33-18/h5-17,19-29H,1-4H2/t5-,6-,7-,8+,9-,10-,11+,12+,13-,14-,15+,16+,17-,18+/m1/s1"	Raffinose	527.1582184		M+Na	1	6.983233333	NCBITAXON:http://purl.bioontology.org/ontology/NCBITAXON/9606	Homo sapiens	HMDB		MSI:3		Progenesis	37.7																																																																																																																								
CHEBI:74343	C28H52NO7P	[H][C@@](O)(COC(=O)CCC\C=C/C\C=C/C\C=C/CCCCCCCC)COP([O-])(=O)OCC[N+](C)(C)C	"InChI=1S/C28H52NO7P/c1-5-6-7-8-9-10-11-12-13-14-15-16-17-18-19-20-21-22-28(31)34-25-27(30)26-36-37(32,33)35-24-23-29(2,3)4/h12-13,15-16,18-19,27,30H,5-11,14,17,20-26H2,1-4H3/b13-12-,16-15-,19-18-/t27-/m1/s1"	"LysoPC(20:3(5Z,8Z,11Z))"	568.3388271		M+Na	1	7.001516667	NCBITAXON:http://purl.bioontology.org/ontology/NCBITAXON/9606	Homo sapiens	HMDB		MSI:3		Progenesis	36.7																																																																																																																								
CHEBI:83055	C28H54NO7P	O(C(=O)CCCCCCCCC/C=C\C/C=C\CCCCC)C[C@H](COP(OCC[N+](C)(C)C)(=O)[O-])O	"InChI=1S/C28H54NO7P/c1-5-6-7-8-9-10-11-12-13-14-15-16-17-18-19-20-21-22-28(31)34-25-27(30)26-36-37(32,33)35-24-23-29(2,3)4/h9-10,12-13,27,30H,5-8,11,14-26H2,1-4H3/b10-9-,13-12-/t27-/m1/s1"	"LysoPC(20:2(11Z,14Z))"	570.353818		M+Na	1	7.0198	NCBITAXON:http://purl.bioontology.org/ontology/NCBITAXON/9606	Homo sapiens	HMDB		MSI:3		Progenesis	36.3																																																																																																																								
CHEBI:15422	C10H16N5O13P3	Nc1ncnc2n(cnc12)[C@@H]1O[C@H](COP(O)(=O)OP(O)(=O)OP(O)(O)=O)[C@@H](O)[C@H]1O	"InChI=1S/C10H16N5O13P3/c11-8-5-9(13-2-12-8)15(3-14-5)10-7(17)6(16)4(26-10)1-25-30(21,22)28-31(23,24)27-29(18,19)20/h2-4,6-7,10,16-17H,1H2,(H,21,22)(H,23,24)(H2,11,12,13)(H2,18,19,20)/t4-,6-,7-,10-/m1/s1"	Adenosine triphosphate	525.0331941		M+NH4	1	7.063466667	NCBITAXON:http://purl.bioontology.org/ontology/NCBITAXON/9606	Homo sapiens	HMDB		MSI:3		Progenesis	31.6																																																																																																																								
CHEBI:3898	C21H36O5	C[C@]12C[C@H](O)[C@H]3[C@@H](CC[C@@H]4C[C@H](O)CC[C@]34C)[C@@H]1CC[C@]2(O)[C@@H](O)CO	"InChI=1S/C21H36O5/c1-19-7-5-13(23)9-12(19)3-4-14-15-6-8-21(26,17(25)11-22)20(15,2)10-16(24)18(14)19/h12-18,22-26H,3-11H2,1-2H3/t12-,13-,14+,15+,16+,17+,18-,19+,20+,21+/m1/s1"	Cortol	386.2900018		M+NH4	1	7.072616667	NCBITAXON:http://purl.bioontology.org/ontology/NCBITAXON/9606	Homo sapiens	HMDB		MSI:3		Progenesis	37.4																																																																																																																								
				"PS(14:0/18:2(9Z,12Z))"	749.506358		M+NH4	1	7.072616667	NCBITAXON:http://purl.bioontology.org/ontology/NCBITAXON/9606	Homo sapiens	HMDB		MSI:3		Progenesis	35.2																																																																																																																								
CHEBI:88684	C30H60NO7P	C([C@](COC(CCCCCCCCCCC/C=C\CCCCCCCC)=O)([H])O)OP([O-])(=O)OCC[N+](C)(C)C	"InChI=1S/C30H60NO7P/c1-5-6-7-8-9-10-11-12-13-14-15-16-17-18-19-20-21-22-23-24-30(33)36-27-29(32)28-38-39(34,35)37-26-25-31(2,3)4/h12-13,29,32H,5-11,14-28H2,1-4H3/b13-12-/t29-/m1/s1"	LysoPC(22:1(13Z))	578.417365		"M+H, M+Na"	1	7.100033333	NCBITAXON:http://purl.bioontology.org/ontology/NCBITAXON/9606	Homo sapiens	HMDB		MSI:3		Progenesis	34.8																																																																																																																								
CHEBI:88952	C30H58NO7P	C([C@@](COC(CCCCCCCCCCC/C=C\C/C=C\CCCCC)=O)(O)[H])OP([O-])(=O)OCC[N+](C)(C)C	"InChI=1S/C30H58NO7P/c1-5-6-7-8-9-10-11-12-13-14-15-16-17-18-19-20-21-22-23-24-30(33)36-27-29(32)28-38-39(34,35)37-26-25-31(2,3)4/h9-10,12-13,29,32H,5-8,11,14-28H2,1-4H3/b10-9-,13-12-/t29-/m1/s1"	"LysoPC(22:2(13Z,16Z))"	576.4010446		M+H	1	7.154883333	NCBITAXON:http://purl.bioontology.org/ontology/NCBITAXON/9606	Homo sapiens	HMDB		MSI:3		Progenesis	35.1																																																																																																																								
CHEBI:88952	C30H58NO7P	C([C@@](COC(CCCCCCCCCCC/C=C\C/C=C\CCCCC)=O)(O)[H])OP([O-])(=O)OCC[N+](C)(C)C	"InChI=1S/C30H58NO7P/c1-5-6-7-8-9-10-11-12-13-14-15-16-17-18-19-20-21-22-23-24-30(33)36-27-29(32)28-38-39(34,35)37-26-25-31(2,3)4/h9-10,12-13,29,32H,5-8,11,14-28H2,1-4H3/b10-9-,13-12-/t29-/m1/s1"	"LysoPC(22:2(13Z,16Z))"	598.3854057		M+Na	1	7.145733333	NCBITAXON:http://purl.bioontology.org/ontology/NCBITAXON/9606	Homo sapiens	HMDB		MSI:3		Progenesis	35.6																																																																																																																								
CHEBI:145974	C6H15NO2Si	[Si](C[C@H](N)C(O)=O)(C)(C)C	"InChI=1S/C6H15NO2Si/c1-10(2,3)4-5(7)6(8)9/h5H,4,7H2,1-3H3,(H,8,9)/t5-/m0/s1"	Trimethylsilyl L-Alanine	184.0755352		M+Na	1	7.200583333	NCBITAXON:http://purl.bioontology.org/ontology/NCBITAXON/9606	Homo sapiens	HMDB		MSI:3		Progenesis	37																																																																																																																								
CHEBI:86260	C32H66NO7P	CCCCCCCCCCCCCCCCCCCCCCCC(=O)OC[C@@H](O)COP([O-])(=O)OCC[N+](C)(C)C	"InChI=1S/C32H66NO7P/c1-5-6-7-8-9-10-11-12-13-14-15-16-17-18-19-20-21-22-23-24-25-26-32(35)38-29-31(34)30-40-41(36,37)39-28-27-33(2,3)4/h31,34H,5-30H2,1-4H3/t31-/m1/s1"	LysoPC(24:0)	590.454647		M+H-H2O	1	7.2444	NCBITAXON:http://purl.bioontology.org/ontology/NCBITAXON/9606	Homo sapiens	HMDB		MSI:3		Progenesis	37																																																																																																																								
CHEBI:72736	C23H48NO7P	[H][C@@](CO[*])(COP([O-])(=O)OCC[N+](C)(C)C)O[*]		LysoPC(15:0)	482.3268508		M+H	1	7.271833333	NCBITAXON:http://purl.bioontology.org/ontology/NCBITAXON/9606	Homo sapiens	HMDB		MSI:3		Progenesis	34.3																																																																																																																								
CHEBI:28610	C26H52NO7P	O(C[C@H](O)COC(CCCCCCC/C=C\CCCCCCCC)=O)P(OCC[N+](C)(C)C)(=O)[O-]	"InChI=1S/C26H52NO7P/c1-5-6-7-8-9-10-11-12-13-14-15-16-17-18-19-20-26(29)32-23-25(28)24-34-35(30,31)33-22-21-27(2,3)4/h12-13,25,28H,5-11,14-24H2,1-4H3/b13-12-/t25-/m1/s1"	LysoPC(18:1(9Z))	560.311016		M+K	1	7.317533333	NCBITAXON:http://purl.bioontology.org/ontology/NCBITAXON/9606	Homo sapiens	HMDB		MSI:3		Progenesis	36.1																																																																																																																								
CHEBI:87293	C28H46O3	CC(C)CCC[C@@H](C)[C@H]1CC[C@H]2C3=C(CC[C@]12C)[C@@]1(C)CC[C@H](O)[C@H]([C@@H]1CC3)C(O)=O	"InChI=1S/C28H46O3/c1-17(2)7-6-8-18(3)20-11-12-21-19-9-10-23-25(26(30)31)24(29)14-16-28(23,5)22(19)13-15-27(20,21)4/h17-18,20-21,23-25,29H,6-16H2,1-5H3,(H,30,31)/t18-,20-,21+,23+,24+,25+,27-,28-/m1/s1"	4alpha-Carboxy-5alpha-cholesta-8-en-3beta-ol 	469.3112424		M+K	1	7.34495	NCBITAXON:http://purl.bioontology.org/ontology/NCBITAXON/9606	Homo sapiens	HMDB		MSI:3		Progenesis	33.3																																																																																																																								
				"TG(20:0/o-18:0/22:4(7Z,10Z,13Z,16Z))"	991.8446097		M+K	1	7.397766667	NCBITAXON:http://purl.bioontology.org/ontology/NCBITAXON/9606	Homo sapiens	HMDB		MSI:3		Progenesis	31.5																																																																																																																								
CHEBI:145958	C9H10O	O=C(C=1C(=CC=CC1)C)C	"InChI=1S/C9H10O/c1-7-5-3-4-6-9(7)8(2)10/h3-6H,1-2H3"	2'-Methylacetophenone	423.2372545		M+H	1	7.4069	NCBITAXON:http://purl.bioontology.org/ontology/NCBITAXON/9606	Homo sapiens	HMDB		MSI:3		Progenesis	34.8																																																																																																																								
CHEBI:64563	C24H50NO7P	[H][C@@](CO[*])(COP([O-])(=O)OCC[N+](C)(C)C)O[*]		LysoPC(16:0)	496.3436374		"M+H, M+K"	1	7.425183333	NCBITAXON:http://purl.bioontology.org/ontology/NCBITAXON/9606	Homo sapiens	HMDB		MSI:3		Progenesis	33.5																																																																																																																								
CHEBI:86366	C7H13NO3	CCC(C)C(=O)NCC(O)=O	"InChI=1S/C7H13NO3/c1-3-5(2)7(11)8-4-6(9)10/h5H,3-4H2,1-2H3,(H,8,11)(H,9,10)"	2-Methylbutyrylglycine	160.0969445		M+H	1	7.525733333	NCBITAXON:http://purl.bioontology.org/ontology/NCBITAXON/9606	Homo sapiens	HMDB		MSI:3		Progenesis	39.2																																																																																																																								
CHEBI:84753	C26H52NO6P	[C@@H](CO/C=C\CCCCCC/C=C\CCCCCCCC)(COP(OCC[N+](C)(C)C)(=O)[O-])O	"InChI=1S/C26H52NO6P/c1-5-6-7-8-9-10-11-12-13-14-15-16-17-18-19-20-22-31-24-26(28)25-33-34(29,30)32-23-21-27(2,3)4/h12-13,20,22,26,28H,5-11,14-19,21,23-25H2,1-4H3/b13-12-,22-20-/t26-/m1/s1"	LysoPC(P-18:1(9Z))	506.3596402		M+H	1	7.534883333	NCBITAXON:http://purl.bioontology.org/ontology/NCBITAXON/9606	Homo sapiens	HMDB		MSI:3		Progenesis	36.7																																																																																																																								
CHEBI:81584	C12H6Br4O	Brc1ccc(Oc2ccc(Br)cc2Br)c(Br)c1	InChI=1S/C12H6Br4O/c13-7-1-3-11(9(15)5-7)17-12-4-2-8(14)6-10(12)16/h1-6H	"1,1'-Oxybis[2,4-dibromobenzene]"	482.7236248		M+H	1	7.5694	NCBITAXON:http://purl.bioontology.org/ontology/NCBITAXON/9606	Homo sapiens	HMDB		MSI:3		Progenesis	20.3																																																																																																																								
CHEBI:28087				Glycogen	689.2098907		M+Na	1	7.768466667	NCBITAXON:http://purl.bioontology.org/ontology/NCBITAXON/9606	Homo sapiens	HMDB		MSI:3		Progenesis	36.1																																																																																																																								
CHEBI:131692	C25H48NO7P	C(OP(=O)(OCCN)O)[C@@H](CO)OC(CCCCCCCCC/C=C\C/C=C\CCCCC)=O	"InChI=1S/C25H48NO7P/c1-2-3-4-5-6-7-8-9-10-11-12-13-14-15-16-17-18-19-25(28)33-24(22-27)23-32-34(29,30)31-21-20-26/h6-7,9-10,24,27H,2-5,8,11-23,26H2,1H3,(H,29,30)/b7-6-,10-9-/t24-/m1/s1"	"LysoPE(0:0/20:2(11Z,14Z))"	523.3502311		M+NH4	1	7.777616667	NCBITAXON:http://purl.bioontology.org/ontology/NCBITAXON/9606	Homo sapiens	HMDB		MSI:3		Progenesis	34.7																																																																																																																								
CHEBI:89015	C5H6N2	CC1=CN=CC=N1	"InChI=1S/C5H6N2/c1-5-4-6-2-3-7-5/h2-4H,1H3"	Methylpyrazine	95.06031137		M+H	1	8.51915	NCBITAXON:http://purl.bioontology.org/ontology/NCBITAXON/9606	Homo sapiens	HMDB		MSI:3		Progenesis	39																																																																																																																								
CHEBI:73846	C10H18N4O5	N[C@@H](CCC(N)=O)C(=O)N[C@@H](CCC(N)=O)C(O)=O	"InChI=1S/C10H18N4O5/c11-5(1-3-7(12)15)9(17)14-6(10(18)19)2-4-8(13)16/h5-6H,1-4,11H2,(H2,12,15)(H2,13,16)(H,14,17)(H,18,19)/t5-,6-/m0/s1"	Glutaminylglutamine	292.15925		M+NH4	1	8.825866667	NCBITAXON:http://purl.bioontology.org/ontology/NCBITAXON/9606	Homo sapiens	HMDB		MSI:3		Progenesis	36.6																																																																																																																								
CHEBI:49410	C7H5ClO2	OC(=O)c1cccc(Cl)c1	"InChI=1S/C7H5ClO2/c8-6-3-1-2-5(4-6)7(9)10/h1-4H,(H,9,10)"	m-Chlorobenzoic acid	157.0057868		M+H	1	9.865066667	NCBITAXON:http://purl.bioontology.org/ontology/NCBITAXON/9606	Homo sapiens	HMDB		MSI:3		Progenesis	33.1																																																																																																																								
CHEBI:89118	C6H6O4	OCC=1OC(C(O)=O)=CC1	"InChI=1S/C6H6O4/c7-3-4-1-2-5(10-4)6(8)9/h1-2,7H,3H2,(H,8,9)"	Sumiki's acid	160.0603481		M+NH4	1	9.8742	NCBITAXON:http://purl.bioontology.org/ontology/NCBITAXON/9606	Homo sapiens	HMDB		MSI:3		Progenesis	38.6																																																																																																																								
CHEBI:17023	C6H10O5	OC(CCCC(O)=O)C(O)=O	"InChI=1S/C6H10O5/c7-4(6(10)11)2-1-3-5(8)9/h4,7H,1-3H2,(H,8,9)(H,10,11)"	2-Hydroxyadipic acid	185.0415294		M+Na	1	9.89045	NCBITAXON:http://purl.bioontology.org/ontology/NCBITAXON/9606	Homo sapiens	HMDB		MSI:3		Progenesis	33																																																																																																																								
CHEBI:17515	C8H14N2O5S	N[C@@H](CCC(=O)N[C@@H](CS)C(O)=O)C(O)=O	"InChI=1S/C8H14N2O5S/c9-4(7(12)13)1-2-6(11)10-5(3-16)8(14)15/h4-5,16H,1-3,9H2,(H,10,11)(H,12,13)(H,14,15)/t4-,5-/m0/s1"	gamma-Glutamylcysteine	215.0471532		M+H-2H2O	1	9.8996	NCBITAXON:http://purl.bioontology.org/ontology/NCBITAXON/9606	Homo sapiens	HMDB		MSI:3		Progenesis	36.1																																																																																																																								
